VendorID,tpep_pickup_datetime,tpep_dropoff_datetime,passenger_count,trip_distance,RatecodeID,PULocationID,DOLocationID,payment_type,fare_amount,extra,tip_amount,tolls_amount,congestion_surcharge,total_amount
2,2024-01-11 23:15:00,2024-01-11 23:52:00,2,0.05,1,48,244,1,4.88,0.5,6.11,6.55,2.5,20.54
1,2024-01-01 14:20:00,2024-01-01 14:35:00,3,9.31,1,77,81,2,26.98,0.5,2.32,0.0,0.0,29.8
1,2024-01-04 17:50:00,2024-01-04 18:39:00,1,0.21,1,178,144,2,4.36,0.5,0.38,0.0,2.5,7.74
2,2024-01-09 07:24:00,2024-01-09 08:00:00,1,3.87,1,257,8,2,10.84,0.5,1.91,0.0,0.0,13.25
1,2024-01-08 20:04:00,2024-01-08 20:17:00,2,0.76,2,117,167,1,6.26,0.0,1.72,0.0,0.0,7.9799999999999995
1,2024-01-05 08:25:00,2024-01-05 09:03:00,1,0.33,1,19,186,1,3.03,0.5,4.5,0.0,2.5,10.53
2,2024-01-12 16:50:00,2024-01-12 17:43:00,2,1.33,2,59,12,2,6.8,1.0,0.95,0.0,0.0,8.75
1,2024-01-04 01:46:00,2024-01-04 02:05:00,1,2.38,1,196,83,1,11.41,0.0,0.0,0.0,0.0,11.41
1,2024-01-11 00:23:00,2024-01-11 01:00:00,2,1.1,1,107,55,2,3.08,0.5,2.01,0.0,0.0,5.59
1,2024-01-08 21:23:00,2024-01-08 21:43:00,3,0.13,1,34,131,1,2.5,0.0,1.64,6.55,2.5,13.19
2,2024-01-12 03:03:00,2024-01-12 03:45:00,4,2.1,2,251,125,1,10.02,1.0,0.0,6.55,2.5,20.07
1,2024-01-06 18:42:00,2024-01-06 19:06:00,1,5.35,1,126,51,1,23.23,0.5,0.09,0.0,0.0,23.82
2,2024-01-02 04:05:00,2024-01-02 04:31:00,3,1.11,2,106,27,1,5.76,0.0,0.0,0.0,0.0,5.76
1,2024-01-01 12:49:00,2024-01-01 13:10:00,1,0.56,1,180,165,2,6.05,0.5,0.29,0.0,0.0,6.84
1,2024-01-02 16:33:00,2024-01-02 17:12:00,2,1.34,1,110,33,2,6.48,0.0,0.83,0.0,2.5,9.81
2,2024-01-04 16:31:00,2024-01-04 17:12:00,1,0.11,2,228,62,1,8.16,0.0,2.38,6.55,0.0,17.09
2,2024-01-04 12:11:00,2024-01-04 12:34:00,2,3.95,3,121,145,1,11.06,1.0,0.38,0.0,0.0,12.440000000000001
2,2024-01-05 11:00:00,2024-01-05 11:10:00,3,4.03,2,107,171,1,14.52,1.0,0.81,0.0,2.5,18.83
2,2024-01-13 04:48:00,2024-01-13 05:18:00,1,2.04,1,131,117,2,5.71,0.5,2.67,0.0,2.5,11.379999999999999
1,2024-01-14 17:29:00,2024-01-14 17:36:00,1,1.0,1,23,4,2,2.8,0.5,2.31,0.0,0.0,5.609999999999999
2,2024-01-05 10:36:00,2024-01-05 10:55:00,1,3.7,1,145,66,1,14.1,0.0,0.21,0.0,2.5,16.810000000000002
2,2024-01-07 00:26:00,2024-01-07 01:05:00,2,1.86,1,154,60,2,8.56,1.0,1.89,6.55,0.0,18.0
2,2024-01-14 03:42:00,2024-01-14 04:20:00,2,4.02,1,107,229,2,13.54,1.0,0.35,0.0,2.5,17.39
1,2024-01-13 19:11:00,2024-01-13 19:32:00,2,2.3,3,146,100,2,9.17,0.0,0.64,0.0,2.5,12.31
1,2024-01-02 21:47:00,2024-01-02 22:16:00,1,3.53,1,252,119,2,20.63,1.0,1.35,0.0,2.5,25.48
2,2024-01-01 03:09:00,2024-01-01 03:45:00,2,2.1,2,70,69,1,8.23,1.0,0.0,0.0,2.5,11.73
2,2024-01-14 06:38:00,2024-01-14 06:51:00,2,1.23,2,31,152,1,7.72,0.0,11.13,0.0,0.0,18.85
2,2024-01-03 02:05:00,2024-01-03 02:52:00,3,7.29,3,93,221,2,21.79,0.5,0.4,0.0,0.0,22.689999999999998
2,2024-01-02 07:39:00,2024-01-02 08:28:00,1,1.79,1,137,223,1,8.75,0.5,3.34,6.55,2.5,21.64
1,2024-01-01 21:07:00,2024-01-01 21:21:00,4,2.14,1,163,165,1,8.4,0.5,3.9,0.0,0.0,12.8
2,2024-01-13 10:32:00,2024-01-13 10:55:00,1,0.57,1,81,211,1,3.57,0.0,0.0,0.0,0.0,3.57
1,2024-01-08 21:54:00,2024-01-08 22:07:00,2,2.26,1,76,63,1,13.88,0.5,0.0,0.0,0.0,14.38
2,2024-01-03 11:16:00,2024-01-03 11:57:00,4,1.95,1,63,6,1,11.4,0.0,4.56,6.55,2.5,25.01
2,2024-01-03 16:50:00,2024-01-03 17:20:00,2,0.47,1,100,248,1,4.66,0.0,6.95,0.0,2.5,14.11
1,2024-01-07 03:18:00,2024-01-07 03:25:00,1,0.14,2,48,229,2,2.5,1.0,0.42,0.0,0.0,3.92
2,2024-01-11 01:42:00,2024-01-11 02:01:00,1,2.13,1,74,257,2,8.06,1.0,0.0,0.0,0.0,9.06
2,2024-01-08 09:07:00,2024-01-08 09:29:00,1,3.32,1,192,63,1,19.05,0.5,0.14,0.0,0.0,19.69
2,2024-01-07 02:32:00,2024-01-07 03:15:00,1,1.7,1,30,28,1,7.18,0.0,0.0,6.55,0.0,13.73
2,2024-01-08 07:55:00,2024-01-08 08:43:00,1,0.59,1,157,53,1,7.41,0.5,1.92,0.0,2.5,12.33
1,2024-01-08 02:53:00,2024-01-08 03:07:00,2,2.53,2,256,252,1,13.69,0.5,0.0,0.0,0.0,14.19
2,2024-01-06 20:33:00,2024-01-06 20:41:00,2,0.19,3,39,38,2,4.08,1.0,3.52,0.0,0.0,8.6
2,2024-01-08 02:33:00,2024-01-08 02:52:00,3,1.34,3,55,139,1,4.65,0.5,0.08,0.0,0.0,5.23
1,2024-01-08 15:36:00,2024-01-08 16:29:00,1,0.41,1,28,53,1,2.5,0.5,3.61,0.0,0.0,6.609999999999999
2,2024-01-02 19:32:00,2024-01-02 19:53:00,2,0.47,3,118,94,1,6.03,1.0,0.06,0.0,0.0,7.09
1,2024-01-11 23:07:00,2024-01-11 23:35:00,4,0.52,1,209,94,1,2.5,0.5,0.0,6.55,2.5,12.05
2,2024-01-12 21:59:00,2024-01-12 22:49:00,2,1.12,3,75,137,1,6.58,0.5,0.18,0.0,2.5,9.76
2,2024-01-09 11:26:00,2024-01-09 12:12:00,1,0.12,1,65,256,1,2.5,0.0,0.64,0.0,2.5,5.640000000000001
2,2024-01-06 17:06:00,2024-01-06 17:52:00,1,1.17,1,100,37,1,5.61,0.5,0.0,6.55,2.5,15.16
1,2024-01-11 02:21:00,2024-01-11 03:15:00,2,1.65,1,46,142,1,7.7,1.0,0.72,0.0,2.5,11.92
1,2024-01-03 04:32:00,2024-01-03 05:06:00,1,1.52,1,156,147,2,7.93,1.0,1.57,6.55,0.0,17.05
2,2024-01-02 02:25:00,2024-01-02 02:33:00,2,1.11,2,240,8,1,3.32,0.0,0.0,0.0,2.5,5.82
1,2024-01-03 17:43:00,2024-01-03 18:21:00,1,4.2,3,259,251,1,17.75,1.0,0.0,0.0,2.5,21.25
2,2024-01-14 12:17:00,2024-01-14 12:57:00,4,0.36,1,136,135,2,2.52,1.0,0.0,0.0,2.5,6.02
1,2024-01-01 17:01:00,2024-01-01 17:14:00,2,1.62,1,198,59,1,4.54,1.0,0.15,0.0,0.0,5.69
2,2024-01-09 02:13:00,2024-01-09 02:48:00,1,0.15,1,187,123,1,3.15,0.5,0.3,6.55,0.0,10.5
1,2024-01-08 12:05:00,2024-01-08 12:31:00,2,0.17,3,116,120,1,3.56,0.0,0.0,6.55,0.0,10.11
2,2024-01-10 07:37:00,2024-01-10 08:02:00,4,1.96,1,58,259,2,8.89,0.0,11.29,0.0,0.0,20.18
1,2024-01-06 13:09:00,2024-01-06 13:26:00,1,1.92,1,70,18,1,11.78,0.0,0.44,6.55,2.5,21.27
1,2024-01-07 17:32:00,2024-01-07 18:01:00,1,4.84,1,93,92,1,15.96,0.0,5.0,6.55,2.5,30.01
1,2024-01-10 00:30:00,2024-01-10 00:43:00,2,1.88,1,229,164,1,7.96,1.0,10.35,0.0,2.5,21.810000000000002
1,2024-01-05 18:33:00,2024-01-05 19:26:00,1,7.39,1,137,144,1,20.93,0.5,0.0,0.0,0.0,21.43
2,2024-01-04 22:35:00,2024-01-04 23:27:00,1,0.11,1,105,238,1,5.36,1.0,2.19,0.0,2.5,11.05
2,2024-01-01 02:41:00,2024-01-01 03:00:00,2,0.24,1,17,174,2,4.13,1.0,3.32,6.55,2.5,17.5
1,2024-01-03 23:37:00,2024-01-04 00:30:00,4,0.1,1,54,83,2,2.5,1.0,0.0,0.0,0.0,3.5
2,2024-01-01 16:35:00,2024-01-01 16:51:00,1,0.47,2,112,157,1,2.5,1.0,0.0,0.0,0.0,3.5
1,2024-01-09 00:14:00,2024-01-09 00:43:00,4,1.79,2,172,109,1,11.62,0.0,1.25,0.0,2.5,15.37
2,2024-01-06 07:09:00,2024-01-06 07:29:00,2,2.39,2,144,178,1,6.69,0.0,3.25,0.0,2.5,12.440000000000001
1,2024-01-01 16:56:00,2024-01-01 17:26:00,1,0.11,1,85,250,2,2.5,0.5,3.34,0.0,2.5,8.84
2,2024-01-06 22:09:00,2024-01-06 23:02:00,1,6.71,3,12,253,1,22.68,1.0,0.58,0.0,2.5,26.759999999999998
2,2024-01-12 23:42:00,2024-01-13 00:31:00,1,4.25,1,252,55,1,11.91,0.0,0.42,0.0,2.5,14.83
1,2024-01-07 10:28:00,2024-01-07 11:17:00,3,0.81,2,216,155,2,2.5,0.5,5.57,6.55,2.5,17.62
1,2024-01-09 11:05:00,2024-01-09 11:11:00,4,0.18,3,126,91,1,2.5,1.0,0.0,0.0,0.0,3.5
1,2024-01-05 09:31:00,2024-01-05 09:40:00,2,0.43,2,98,126,1,6.01,1.0,0.0,0.0,0.0,7.01
1,2024-01-06 22:51:00,2024-01-06 23:38:00,1,0.31,2,28,169,1,2.51,0.0,0.1,0.0,2.5,5.109999999999999
1,2024-01-06 00:08:00,2024-01-06 00:45:00,2,0.3,3,52,139,1,11.16,1.0,4.0,0.0,0.0,16.16
2,2024-01-04 15:56:00,2024-01-04 16:46:00,3,1.68,2,143,5,2,5.22,1.0,0.0,0.0,2.5,8.719999999999999
1,2024-01-13 19:26:00,2024-01-13 19:37:00,2,0.65,1,132,66,1,2.52,0.0,0.0,0.0,2.5,5.02
2,2024-01-12 10:08:00,2024-01-12 10:18:00,3,1.02,1,207,111,2,4.44,0.5,0.0,0.0,0.0,4.94
1,2024-01-12 06:16:00,2024-01-12 07:10:00,2,10.48,1,62,184,2,32.95,0.5,1.44,6.55,0.0,41.44
2,2024-01-06 13:26:00,2024-01-06 14:13:00,1,2.65,1,132,170,2,9.24,0.0,0.78,0.0,2.5,12.52
2,2024-01-02 18:48:00,2024-01-02 19:07:00,1,6.84,2,41,244,1,23.68,0.0,0.0,0.0,0.0,23.68
1,2024-01-02 09:47:00,2024-01-02 10:06:00,2,0.35,1,201,138,1,2.5,0.5,0.0,6.55,2.5,12.05
1,2024-01-02 20:55:00,2024-01-02 21:46:00,1,1.11,1,99,28,1,3.11,0.5,0.0,0.0,0.0,3.61
2,2024-01-11 17:02:00,2024-01-11 17:37:00,1,1.86,3,47,7,2,5.21,0.0,0.0,0.0,2.5,7.71
2,2024-01-04 15:38:00,2024-01-04 16:12:00,4,0.18,1,137,51,1,2.5,0.0,3.36,0.0,0.0,5.859999999999999
1,2024-01-05 16:16:00,2024-01-05 16:26:00,2,0.01,1,130,136,1,2.5,0.0,0.0,0.0,2.5,5.0
2,2024-01-01 06:31:00,2024-01-01 06:52:00,1,2.55,1,195,178,1,9.39,1.0,0.87,6.55,0.0,17.81
2,2024-01-10 17:06:00,2024-01-10 17:46:00,4,2.36,2,117,129,1,8.03,0.0,2.4,0.0,0.0,10.43
2,2024-01-09 19:06:00,2024-01-09 19:11:00,3,1.22,2,69,197,1,9.52,1.0,3.19,0.0,0.0,13.709999999999999
2,2024-01-05 02:12:00,2024-01-05 02:19:00,1,1.55,1,28,107,1,10.41,0.5,0.0,0.0,2.5,13.41
2,2024-01-03 11:21:00,2024-01-03 11:36:00,2,1.23,2,14,48,1,5.61,0.5,0.0,0.0,0.0,6.11
2,2024-01-05 07:04:00,2024-01-05 07:53:00,2,0.06,3,46,138,1,2.5,0.0,0.0,0.0,0.0,2.5
1,2024-01-14 12:43:00,2024-01-14 13:31:00,3,0.94,3,16,103,2,4.22,0.0,3.57,0.0,2.5,10.29
1,2024-01-06 19:52:00,2024-01-06 20:25:00,1,0.45,3,209,47,1,2.76,0.5,3.8,6.55,2.5,16.11
1,2024-01-10 01:47:00,2024-01-10 02:05:00,2,0.24,1,158,153,1,2.5,0.5,0.0,0.0,0.0,3.0
1,2024-01-11 14:25:00,2024-01-11 15:17:00,1,7.22,1,227,6,1,21.47,0.5,0.18,0.0,0.0,22.15
2,2024-01-14 12:48:00,2024-01-14 13:22:00,3,2.1,3,241,11,1,7.25,0.5,0.0,0.0,0.0,7.75
1,2024-01-02 16:54:00,2024-01-02 17:18:00,3,3.0,1,58,17,2,10.43,0.0,0.0,0.0,0.0,10.43
2,2024-01-09 05:17:00,2024-01-09 05:48:00,2,0.87,3,130,143,2,3.85,1.0,1.09,0.0,2.5,8.44
2,2024-01-10 17:59:00,2024-01-10 18:23:00,2,1.15,1,217,66,2,6.74,0.5,0.0,6.55,0.0,13.79
1,2024-01-14 06:35:00,2024-01-14 07:20:00,1,0.62,1,14,256,2,5.64,0.5,1.95,0.0,2.5,10.59
1,2024-01-08 14:45:00,2024-01-08 14:50:00,3,0.23,1,243,127,2,2.5,1.0,3.85,0.0,2.5,9.85
2,2024-01-07 18:42:00,2024-01-07 18:54:00,2,0.45,1,145,131,1,7.44,0.0,0.11,0.0,0.0,7.550000000000001
1,2024-01-04 12:16:00,2024-01-04 13:00:00,1,3.67,3,103,18,1,10.83,1.0,2.0,0.0,2.5,16.33
1,2024-01-11 09:08:00,2024-01-11 09:31:00,4,2.6,1,217,207,1,7.28,0.0,2.27,6.55,0.0,16.1
2,2024-01-06 15:10:00,2024-01-06 15:28:00,4,1.82,1,64,89,2,9.05,0.0,2.03,0.0,2.5,13.58
2,2024-01-10 13:33:00,2024-01-10 13:47:00,4,1.48,3,158,243,2,5.1,0.0,2.31,0.0,2.5,9.91
2,2024-01-13 02:12:00,2024-01-13 02:16:00,2,5.88,3,162,17,1,20.27,0.0,0.0,0.0,2.5,22.77
2,2024-01-01 08:22:00,2024-01-01 09:05:00,3,0.17,2,18,223,1,2.5,0.0,0.31,0.0,0.0,2.81
2,2024-01-05 19:10:00,2024-01-05 19:36:00,4,0.76,2,216,210,2,8.61,0.5,0.59,0.0,2.5,12.2
2,2024-01-09 19:25:00,2024-01-09 20:02:00,1,0.99,3,49,99,2,7.45,0.0,2.12,6.55,2.5,18.62
1,2024-01-01 03:26:00,2024-01-01 03:58:00,2,3.51,1,56,13,2,9.83,0.5,0.04,0.0,2.5,12.87
1,2024-01-13 09:48:00,2024-01-13 10:20:00,3,11.26,2,58,187,1,31.53,0.0,0.0,6.55,2.5,40.58
1,2024-01-12 01:34:00,2024-01-12 02:23:00,1,0.63,3,155,133,1,8.94,0.5,0.0,0.0,2.5,11.94
2,2024-01-12 23:27:00,2024-01-13 00:04:00,3,4.77,1,55,14,2,14.51,1.0,0.0,0.0,2.5,18.009999999999998
2,2024-01-14 07:34:00,2024-01-14 07:55:00,1,4.08,2,19,44,2,12.34,1.0,2.01,6.55,0.0,21.9
1,2024-01-07 01:55:00,2024-01-07 02:47:00,3,0.59,1,151,104,1,2.5,0.5,1.68,6.55,2.5,13.73
1,2024-01-09 14:23:00,2024-01-09 14:33:00,4,1.17,1,108,62,1,5.4,0.0,0.66,0.0,2.5,8.56
1,2024-01-13 14:21:00,2024-01-13 14:49:00,2,1.21,1,47,53,1,5.82,0.5,1.37,0.0,0.0,7.69
2,2024-01-11 07:00:00,2024-01-11 07:51:00,2,8.8,1,207,118,1,29.43,0.5,5.29,6.55,2.5,44.269999999999996
1,2024-01-06 06:14:00,2024-01-06 06:56:00,1,0.46,1,128,131,2,2.5,0.0,1.22,6.55,2.5,12.77
1,2024-01-05 10:14:00,2024-01-05 10:23:00,3,3.69,1,185,199,1,10.33,1.0,2.19,0.0,0.0,13.52
1,2024-01-02 03:58:00,2024-01-02 04:30:00,2,0.94,1,58,36,1,6.76,0.5,0.0,6.55,0.0,13.809999999999999
2,2024-01-14 15:06:00,2024-01-14 15:15:00,1,3.02,1,143,216,1,13.97,1.0,0.18,6.55,2.5,24.2
1,2024-01-01 17:39:00,2024-01-01 17:44:00,3,1.25,1,97,74,2,3.5,1.0,0.0,0.0,2.5,7.0
1,2024-01-12 05:58:00,2024-01-12 06:01:00,2,1.99,2,47,55,1,11.28,1.0,0.0,0.0,2.5,14.78
2,2024-01-07 21:14:00,2024-01-07 21:52:00,1,4.11,1,191,12,1,14.6,0.5,0.95,0.0,2.5,18.55
2,2024-01-14 13:41:00,2024-01-14 14:08:00,1,3.75,1,140,83,1,16.23,0.5,0.57,0.0,0.0,17.3
2,2024-01-08 12:17:00,2024-01-08 12:56:00,1,4.63,3,103,32,2,15.79,0.0,3.03,0.0,2.5,21.32
2,2024-01-08 14:01:00,2024-01-08 14:04:00,2,0.14,2,231,86,1,2.5,0.0,0.41,0.0,0.0,2.91
2,2024-01-07 19:09:00,2024-01-07 19:26:00,1,2.71,1,49,232,1,10.21,0.5,0.62,0.0,2.5,13.83
1,2024-01-12 07:52:00,2024-01-12 08:31:00,4,0.35,3,112,201,1,6.63,0.0,0.0,0.0,0.0,6.63
1,2024-01-08 19:32:00,2024-01-08 19:47:00,3,1.24,3,87,51,1,4.24,1.0,0.89,0.0,2.5,8.629999999999999
2,2024-01-02 20:53:00,2024-01-02 21:35:00,2,1.83,1,252,256,1,7.15,1.0,1.94,0.0,0.0,10.09
2,2024-01-10 16:11:00,2024-01-10 16:21:00,2,1.19,1,74,241,2,5.89,0.5,0.0,0.0,0.0,6.39
2,2024-01-03 12:27:00,2024-01-03 12:34:00,1,1.69,1,47,205,2,4.73,1.0,1.1,0.0,0.0,6.83
2,2024-01-12 05:17:00,2024-01-12 05:28:00,2,13.02,1,76,196,1,43.63,0.5,0.0,0.0,0.0,44.13
1,2024-01-08 01:33:00,2024-01-08 01:36:00,1,0.33,3,96,244,1,2.5,0.5,0.0,6.55,0.0,9.55
1,2024-01-13 12:47:00,2024-01-13 13:25:00,1,2.59,1,31,1,1,11.52,0.5,0.0,6.55,2.5,21.07
2,2024-01-08 02:30:00,2024-01-08 03:07:00,1,1.16,1,22,89,1,6.03,1.0,0.0,0.0,2.5,9.530000000000001
2,2024-01-11 21:47:00,2024-01-11 21:51:00,1,0.33,2,17,139,1,7.07,0.5,1.86,0.0,2.5,11.93
2,2024-01-08 23:34:00,2024-01-09 00:16:00,1,0.4,3,212,87,2,5.14,0.5,2.29,6.55,0.0,14.48
2,2024-01-01 21:46:00,2024-01-01 22:11:00,1,6.86,2,148,2,2,21.62,0.0,1.79,0.0,0.0,23.41
1,2024-01-05 16:56:00,2024-01-05 17:07:00,1,4.87,1,235,168,1,14.4,1.0,3.39,0.0,2.5,21.29
2,2024-01-07 13:54:00,2024-01-07 14:30:00,3,5.46,3,87,119,1,20.28,0.5,1.76,6.55,0.0,29.090000000000003
2,2024-01-06 05:26:00,2024-01-06 06:14:00,1,10.97,1,38,80,1,30.72,0.0,0.0,0.0,0.0,30.72
1,2024-01-04 20:10:00,2024-01-04 20:26:00,1,0.54,2,53,111,2,6.13,0.5,3.65,0.0,0.0,10.28
2,2024-01-03 14:28:00,2024-01-03 14:34:00,3,1.01,1,28,165,1,3.08,1.0,0.0,6.55,0.0,10.629999999999999
1,2024-01-10 09:45:00,2024-01-10 10:17:00,1,2.54,3,77,219,1,13.24,0.0,3.78,0.0,2.5,19.52
2,2024-01-01 11:03:00,2024-01-01 11:36:00,1,1.52,1,200,5,1,7.66,0.0,0.46,0.0,2.5,10.620000000000001
2,2024-01-02 09:18:00,2024-01-02 09:58:00,1,1.25,1,173,215,1,8.11,0.5,0.7,0.0,2.5,11.809999999999999
1,2024-01-06 13:14:00,2024-01-06 13:27:00,1,1.02,3,50,195,1,6.06,0.5,0.77,6.55,0.0,13.879999999999999
2,2024-01-13 09:59:00,2024-01-13 10:36:00,1,2.07,1,177,6,2,5.8,1.0,1.56,6.55,2.5,17.41
1,2024-01-03 07:04:00,2024-01-03 07:14:00,2,1.97,1,227,58,1,6.36,1.0,0.0,6.55,0.0,13.91
1,2024-01-14 23:47:00,2024-01-14 23:52:00,3,0.41,3,127,102,1,5.83,0.5,0.0,0.0,2.5,8.83
1,2024-01-13 15:57:00,2024-01-13 16:13:00,3,1.47,3,21,48,1,7.53,0.0,0.44,6.55,2.5,17.02
2,2024-01-10 14:08:00,2024-01-10 14:23:00,4,1.85,3,199,163,2,11.13,1.0,0.68,0.0,0.0,12.81
2,2024-01-05 13:45:00,2024-01-05 14:32:00,3,1.94,3,189,196,2,9.44,1.0,2.7,0.0,2.5,15.64
1,2024-01-13 06:35:00,2024-01-13 07:09:00,4,0.54,1,152,132,2,2.5,0.0,4.25,0.0,0.0,6.75
2,2024-01-14 20:45:00,2024-01-14 21:21:00,1,3.12,1,160,66,1,9.75,0.5,0.05,0.0,2.5,12.8
2,2024-01-09 02:09:00,2024-01-09 02:56:00,4,0.06,1,96,83,1,3.43,1.0,1.84,0.0,2.5,8.77
2,2024-01-02 03:16:00,2024-01-02 03:37:00,4,1.01,1,75,229,1,2.83,0.0,0.08,0.0,2.5,5.41
1,2024-01-14 22:40:00,2024-01-14 23:20:00,2,3.48,1,82,219,1,16.93,1.0,0.0,6.55,2.5,26.98
1,2024-01-12 20:42:00,2024-01-12 21:00:00,1,1.91,2,128,225,2,9.45,0.0,2.69,0.0,2.5,14.639999999999999
2,2024-01-04 06:57:00,2024-01-04 07:01:00,3,0.7,2,133,113,1,8.03,1.0,2.93,0.0,2.5,14.459999999999999
1,2024-01-11 02:35:00,2024-01-11 03:17:00,1,2.73,1,139,140,2,7.64,0.5,3.7,0.0,0.0,11.84
2,2024-01-10 15:17:00,2024-01-10 15:36:00,1,1.93,1,246,185,1,11.52,0.0,0.0,0.0,2.5,14.02
2,2024-01-01 14:14:00,2024-01-01 14:50:00,1,3.66,1,112,173,1,18.83,1.0,4.32,0.0,2.5,26.65
2,2024-01-05 01:35:00,2024-01-05 02:19:00,2,3.05,3,203,11,1,8.54,1.0,0.4,0.0,0.0,9.94
1,2024-01-06 03:12:00,2024-01-06 03:30:00,1,2.17,1,170,159,2,11.0,0.0,0.63,0.0,0.0,11.63
1,2024-01-10 16:29:00,2024-01-10 17:09:00,2,1.54,1,87,205,1,7.31,0.0,0.32,0.0,2.5,10.129999999999999
2,2024-01-13 13:31:00,2024-01-13 13:35:00,4,0.33,3,119,230,1,2.5,0.5,3.51,0.0,2.5,9.01
1,2024-01-05 00:31:00,2024-01-05 00:35:00,1,0.7,2,98,26,1,6.19,0.0,0.57,0.0,0.0,6.760000000000001
2,2024-01-04 10:11:00,2024-01-04 10:39:00,2,1.25,3,240,159,2,8.58,1.0,0.0,0.0,2.5,12.08
1,2024-01-14 19:34:00,2024-01-14 19:49:00,1,2.1,1,138,148,1,7.38,0.5,0.0,0.0,2.5,10.379999999999999
1,2024-01-01 03:22:00,2024-01-01 04:11:00,2,1.66,1,82,83,1,10.56,0.0,0.0,6.55,2.5,19.61
1,2024-01-08 22:47:00,2024-01-08 23:20:00,1,0.78,1,236,26,1,2.5,1.0,0.1,0.0,0.0,3.6
2,2024-01-09 19:28:00,2024-01-09 20:04:00,2,0.01,2,136,71,1,2.5,0.0,0.25,0.0,2.5,5.25
2,2024-01-04 01:09:00,2024-01-04 01:50:00,2,1.58,1,3,37,1,7.77,1.0,0.0,6.55,0.0,15.32
2,2024-01-02 14:47:00,2024-01-02 14:52:00,2,0.77,3,59,133,1,5.22,1.0,2.63,6.55,2.5,17.9
1,2024-01-06 13:24:00,2024-01-06 13:34:00,1,3.05,1,116,126,1,9.75,0.5,1.82,6.55,0.0,18.62
2,2024-01-14 09:55:00,2024-01-14 10:20:00,1,0.06,1,131,115,2,5.19,0.5,0.52,0.0,0.0,6.210000000000001
2,2024-01-06 09:37:00,2024-01-06 09:53:00,4,2.02,3,201,92,1,9.98,0.0,0.58,6.55,2.5,19.61
2,2024-01-01 03:17:00,2024-01-01 03:46:00,1,6.53,1,98,242,1,23.43,0.5,3.66,0.0,0.0,27.59
2,2024-01-02 08:10:00,2024-01-02 08:41:00,2,0.44,1,216,200,1,3.92,0.0,0.0,0.0,0.0,3.92
1,2024-01-09 04:14:00,2024-01-09 04:55:00,1,1.47,1,124,207,1,8.62,0.5,2.64,0.0,2.5,14.26
1,2024-01-11 11:27:00,2024-01-11 12:08:00,1,0.22,3,73,117,1,2.5,0.5,0.0,6.55,0.0,9.55
2,2024-01-07 11:39:00,2024-01-07 11:42:00,1,2.26,3,130,219,1,14.46,0.0,0.6,0.0,0.0,15.06
1,2024-01-09 01:09:00,2024-01-09 01:28:00,1,1.84,2,27,243,1,6.12,0.5,0.0,6.55,0.0,13.17
1,2024-01-14 02:55:00,2024-01-14 03:38:00,2,1.2,1,165,172,1,11.62,0.5,0.0,0.0,0.0,12.12
1,2024-01-11 21:48:00,2024-01-11 22:20:00,1,1.69,1,68,76,1,7.82,0.5,0.0,0.0,2.5,10.82
1,2024-01-12 20:03:00,2024-01-12 20:18:00,1,5.22,1,14,209,1,14.62,0.5,1.15,0.0,2.5,18.77
1,2024-01-02 22:51:00,2024-01-02 23:14:00,1,0.5,1,98,105,1,7.82,0.0,0.88,0.0,2.5,11.200000000000001
2,2024-01-10 21:23:00,2024-01-10 21:44:00,1,0.05,3,247,26,1,3.45,1.0,0.0,0.0,0.0,4.45
1,2024-01-05 13:06:00,2024-01-05 13:27:00,4,4.55,3,112,79,2,17.87,0.0,0.0,0.0,2.5,20.37
2,2024-01-02 09:06:00,2024-01-02 09:33:00,4,1.98,1,207,128,2,11.6,0.0,4.68,0.0,0.0,16.28
2,2024-01-06 18:58:00,2024-01-06 19:22:00,1,5.09,1,233,137,1,18.1,0.0,0.0,0.0,2.5,20.6
2,2024-01-08 22:11:00,2024-01-08 22:44:00,1,2.09,1,61,36,1,7.37,0.5,0.0,6.55,0.0,14.42
1,2024-01-03 00:31:00,2024-01-03 00:50:00,1,3.82,2,85,59,1,16.14,0.5,3.16,6.55,2.5,28.85
1,2024-01-02 04:54:00,2024-01-02 05:19:00,1,1.29,1,183,230,2,6.61,1.0,0.51,0.0,0.0,8.120000000000001
1,2024-01-13 15:47:00,2024-01-13 16:21:00,2,3.19,3,239,124,2,13.65,0.5,0.0,6.55,0.0,20.7
1,2024-01-07 00:40:00,2024-01-07 00:52:00,1,5.62,1,250,88,2,15.74,1.0,2.65,0.0,0.0,19.39
2,2024-01-14 10:40:00,2024-01-14 10:52:00,1,1.95,1,71,141,1,9.58,1.0,2.33,6.55,0.0,19.46
2,2024-01-13 17:43:00,2024-01-13 18:21:00,4,0.46,1,228,51,1,2.69,0.5,2.7,0.0,2.5,8.39
2,2024-01-04 23:59:00,2024-01-05 00:09:00,2,0.72,3,85,55,1,9.15,1.0,0.0,0.0,0.0,10.15
1,2024-01-02 15:45:00,2024-01-02 16:39:00,1,0.51,1,236,150,1,5.99,0.0,7.36,6.55,0.0,19.900000000000002
2,2024-01-08 17:11:00,2024-01-08 17:33:00,2,0.65,1,39,153,1,5.42,0.0,0.0,0.0,0.0,5.42
2,2024-01-04 06:56:00,2024-01-04 07:30:00,1,0.84,1,206,219,1,6.57,0.0,4.64,0.0,2.5,13.71
2,2024-01-02 06:02:00,2024-01-02 06:54:00,1,1.86,1,183,219,1,5.71,1.0,0.0,6.55,2.5,15.76
1,2024-01-06 15:55:00,2024-01-06 16:11:00,4,2.04,1,187,258,1,12.77,1.0,0.75,6.55,2.5,23.57
2,2024-01-06 15:20:00,2024-01-06 16:12:00,3,1.28,1,133,45,1,11.56,0.0,0.11,0.0,0.0,11.67
2,2024-01-05 14:16:00,2024-01-05 14:46:00,3,2.2,1,30,160,1,10.14,0.5,2.32,0.0,0.0,12.96
1,2024-01-10 21:37:00,2024-01-10 22:25:00,2,0.2,1,255,55,1,7.54,0.0,0.0,0.0,2.5,10.04
2,2024-01-11 01:26:00,2024-01-11 02:20:00,1,0.21,1,143,145,2,2.5,0.5,4.11,0.0,0.0,7.11
1,2024-01-12 13:26:00,2024-01-12 13:52:00,1,0.43,2,103,235,2,2.5,0.5,2.29,6.55,2.5,14.34
2,2024-01-10 18:35:00,2024-01-10 18:52:00,1,1.68,1,74,179,1,7.81,1.0,0.0,0.0,0.0,8.809999999999999
1,2024-01-07 09:28:00,2024-01-07 09:52:00,1,0.55,2,55,208,2,5.63,1.0,2.76,6.55,0.0,15.940000000000001
1,2024-01-12 08:51:00,2024-01-12 09:23:00,3,0.77,1,236,136,2,4.17,0.5,0.0,0.0,2.5,7.17
1,2024-01-09 05:15:00,2024-01-09 05:21:00,1,1.18,2,60,183,2,7.65,0.5,2.38,0.0,0.0,10.530000000000001
2,2024-01-10 03:28:00,2024-01-10 03:43:00,3,3.84,1,24,61,1,14.52,0.5,0.07,0.0,0.0,15.09
2,2024-01-02 10:09:00,2024-01-02 10:34:00,3,0.03,1,22,63,2,2.5,1.0,0.0,0.0,0.0,3.5
1,2024-01-04 18:23:00,2024-01-04 18:33:00,4,2.41,1,32,215,1,11.04,0.0,0.0,0.0,2.5,13.54
1,2024-01-11 03:09:00,2024-01-11 03:29:00,3,2.54,3,3,139,1,12.27,0.5,0.0,0.0,0.0,12.77
1,2024-01-14 12:52:00,2024-01-14 13:06:00,2,3.69,2,70,134,1,13.76,1.0,0.88,0.0,0.0,15.64
1,2024-01-05 23:18:00,2024-01-05 23:51:00,1,6.21,3,160,34,1,23.27,0.0,1.44,6.55,0.0,31.26
1,2024-01-08 02:48:00,2024-01-08 03:04:00,4,0.05,3,88,193,1,2.5,1.0,0.0,0.0,0.0,3.5
1,2024-01-06 03:20:00,2024-01-06 03:56:00,4,0.38,2,59,87,2,5.23,0.0,0.64,0.0,2.5,8.370000000000001
1,2024-01-14 13:54:00,2024-01-14 14:14:00,1,5.0,1,252,210,1,14.07,1.0,0.0,0.0,2.5,17.57
1,2024-01-07 20:34:00,2024-01-07 21:10:00,4,1.41,2,219,81,1,4.16,0.0,4.4,0.0,2.5,11.06
1,2024-01-11 12:31:00,2024-01-11 12:44:00,1,1.91,1,201,190,1,6.77,0.5,0.06,0.0,0.0,7.329999999999999
1,2024-01-13 22:39:00,2024-01-13 23:22:00,2,2.5,3,77,233,1,7.64,1.0,5.32,0.0,2.5,16.46
1,2024-01-01 19:14:00,2024-01-01 19:28:00,1,2.61,3,255,169,2,8.94,0.0,0.0,6.55,2.5,17.99
1,2024-01-04 02:59:00,2024-01-04 03:50:00,4,6.17,2,247,251,1,19.74,0.0,1.56,0.0,0.0,21.299999999999997
2,2024-01-05 08:55:00,2024-01-05 09:12:00,2,13.32,3,139,168,1,42.39,0.0,0.31,0.0,0.0,42.7
1,2024-01-09 11:03:00,2024-01-09 11:36:00,2,2.93,1,78,231,1,10.4,0.5,5.12,0.0,0.0,16.02
2,2024-01-09 22:34:00,2024-01-09 23:25:00,2,0.78,3,80,150,1,2.5,1.0,3.05,0.0,2.5,9.05
2,2024-01-13 12:32:00,2024-01-13 13:03:00,1,4.87,2,10,152,2,19.49,0.0,5.67,0.0,0.0,25.159999999999997
2,2024-01-04 20:19:00,2024-01-04 20:47:00,2,0.12,1,124,38,1,2.5,0.5,2.53,0.0,2.5,8.03
1,2024-01-07 16:37:00,2024-01-07 16:57:00,2,0.6,1,186,105,1,4.53,0.5,0.45,0.0,0.0,5.48
2,2024-01-11 19:46:00,2024-01-11 20:20:00,3,5.24,3,34,62,1,18.79,0.5,0.81,0.0,2.5,22.599999999999998
1,2024-01-02 18:37:00,2024-01-02 19:01:00,1,0.68,2,121,16,2,5.4,0.5,1.47,0.0,0.0,7.37
2,2024-01-04 21:12:00,2024-01-04 21:52:00,2,0.57,3,80,150,2,7.33,0.5,2.06,0.0,0.0,9.89
1,2024-01-12 10:42:00,2024-01-12 11:01:00,1,0.34,1,206,142,1,5.15,0.5,5.74,0.0,2.5,13.89
1,2024-01-02 12:40:00,2024-01-02 13:05:00,1,4.51,1,53,116,2,13.47,0.5,1.07,0.0,0.0,15.040000000000001
2,2024-01-10 20:12:00,2024-01-10 20:38:00,2,1.59,1,156,65,1,12.9,1.0,0.0,6.55,2.5,22.95
2,2024-01-03 01:21:00,2024-01-03 02:13:00,2,2.58,3,135,194,1,10.71,1.0,0.0,0.0,0.0,11.71
1,2024-01-10 20:47:00,2024-01-10 20:57:00,1,0.63,1,98,161,2,4.4,0.5,0.36,0.0,2.5,7.760000000000001
2,2024-01-09 07:29:00,2024-01-09 08:12:00,2,3.26,1,241,39,2,14.54,0.0,0.0,0.0,2.5,17.04
1,2024-01-02 23:49:00,2024-01-02 23:57:00,2,3.28,1,45,169,1,12.81,0.0,1.2,0.0,0.0,14.01
1,2024-01-13 01:00:00,2024-01-13 01:07:00,2,0.86,3,199,68,1,6.41,0.0,2.9,6.55,0.0,15.86
1,2024-01-10 17:12:00,2024-01-10 17:58:00,2,1.22,3,114,7,2,12.65,0.5,0.76,0.0,0.0,13.91
2,2024-01-04 22:59:00,2024-01-04 23:30:00,2,0.54,1,241,85,1,3.82,0.0,0.89,0.0,2.5,7.21
1,2024-01-03 18:27:00,2024-01-03 18:57:00,2,8.63,3,156,199,1,26.37,1.0,0.06,0.0,2.5,29.93
1,2024-01-10 08:06:00,2024-01-10 08:19:00,1,2.39,3,44,132,2,9.98,1.0,7.82,0.0,2.5,21.3
1,2024-01-01 20:18:00,2024-01-01 20:21:00,2,6.27,1,80,76,2,23.23,1.0,0.0,0.0,2.5,26.73
1,2024-01-04 06:55:00,2024-01-04 07:40:00,2,0.83,1,138,250,1,2.5,1.0,0.22,0.0,2.5,6.220000000000001
2,2024-01-08 20:16:00,2024-01-08 20:37:00,1,3.5,3,151,209,1,9.8,0.5,16.76,0.0,2.5,29.560000000000002
2,2024-01-04 03:55:00,2024-01-04 04:06:00,4,3.34,2,242,84,1,10.88,1.0,0.0,0.0,2.5,14.38
2,2024-01-07 08:26:00,2024-01-07 08:55:00,1,2.71,1,143,223,1,7.59,0.0,4.23,0.0,0.0,11.82
2,2024-01-06 14:10:00,2024-01-06 14:46:00,4,7.75,1,50,253,1,23.64,0.0,0.0,6.55,2.5,32.69
1,2024-01-09 20:37:00,2024-01-09 21:23:00,1,1.15,2,161,31,1,7.48,1.0,1.09,6.55,0.0,16.12
1,2024-01-14 18:30:00,2024-01-14 18:36:00,1,0.32,1,62,201,1,2.5,1.0,2.44,0.0,2.5,8.44
1,2024-01-13 02:29:00,2024-01-13 03:07:00,4,2.56,1,55,52,1,7.17,1.0,0.25,6.55,2.5,17.47
1,2024-01-05 18:53:00,2024-01-05 19:13:00,1,3.01,3,31,72,1,11.6,0.0,1.48,0.0,2.5,15.58
1,2024-01-13 13:17:00,2024-01-13 13:34:00,1,1.97,1,169,21,1,10.67,0.0,1.29,0.0,0.0,11.96
1,2024-01-10 23:33:00,2024-01-11 00:26:00,1,0.53,2,185,16,1,2.5,1.0,0.0,6.55,2.5,12.55
2,2024-01-11 02:45:00,2024-01-11 03:00:00,2,1.61,1,3,16,1,9.56,0.0,0.0,0.0,2.5,12.06
1,2024-01-03 09:16:00,2024-01-03 09:37:00,3,0.86,1,161,175,1,7.45,0.0,0.0,6.55,2.5,16.5
1,2024-01-07 01:54:00,2024-01-07 02:45:00,3,1.28,1,48,78,2,8.97,0.5,0.75,0.0,0.0,10.22
1,2024-01-08 09:57:00,2024-01-08 10:05:00,3,2.38,2,254,240,2,12.71,1.0,0.0,0.0,0.0,13.71
2,2024-01-05 02:15:00,2024-01-05 03:05:00,1,3.14,1,74,37,1,17.3,1.0,1.69,0.0,2.5,22.490000000000002
1,2024-01-14 16:58:00,2024-01-14 17:12:00,2,0.61,3,166,232,1,3.82,0.5,2.45,0.0,2.5,9.27
1,2024-01-12 12:49:00,2024-01-12 13:42:00,1,1.2,1,4,213,1,6.63,0.5,2.84,0.0,2.5,12.469999999999999
1,2024-01-11 20:36:00,2024-01-11 21:15:00,1,0.72,1,119,193,1,3.97,0.0,3.09,0.0,0.0,7.0600000000000005
2,2024-01-05 21:02:00,2024-01-05 21:21:00,3,0.51,1,226,60,1,4.43,0.5,0.0,0.0,2.5,7.43
1,2024-01-07 08:31:00,2024-01-07 08:56:00,1,3.52,1,70,189,1,16.69,1.0,1.1,0.0,2.5,21.290000000000003
1,2024-01-04 21:20:00,2024-01-04 21:48:00,2,5.52,1,182,126,2,15.46,1.0,3.27,6.55,2.5,28.78
2,2024-01-06 13:16:00,2024-01-06 13:47:00,3,1.06,2,181,203,2,3.82,1.0,5.18,0.0,0.0,10.0
1,2024-01-07 06:07:00,2024-01-07 06:42:00,4,3.2,1,5,32,1,15.4,0.0,2.03,0.0,2.5,19.93
2,2024-01-09 23:46:00,2024-01-10 00:15:00,4,5.23,1,197,94,1,20.19,0.0,0.12,0.0,2.5,22.810000000000002
1,2024-01-04 05:22:00,2024-01-04 05:49:00,2,4.3,1,47,100,2,14.13,1.0,1.11,0.0,0.0,16.240000000000002
2,2024-01-08 20:32:00,2024-01-08 20:44:00,1,0.46,1,40,25,1,6.42,1.0,0.17,0.0,2.5,10.09
1,2024-01-06 07:59:00,2024-01-06 08:48:00,3,7.2,2,122,117,1,24.01,0.0,0.0,0.0,2.5,26.51
1,2024-01-06 16:48:00,2024-01-06 17:13:00,4,1.09,2,135,199,2,9.8,0.0,0.14,0.0,2.5,12.440000000000001
2,2024-01-13 21:49:00,2024-01-13 22:12:00,2,0.95,3,140,70,1,5.85,0.5,0.45,6.55,0.0,13.35
1,2024-01-08 10:36:00,2024-01-08 10:59:00,2,0.15,2,153,79,2,5.98,0.0,0.0,0.0,0.0,5.98
1,2024-01-13 02:53:00,2024-01-13 03:38:00,4,1.53,1,28,14,2,13.89,0.0,1.37,0.0,2.5,17.76
2,2024-01-03 09:24:00,2024-01-03 09:39:00,2,0.27,3,77,29,1,5.25,1.0,1.15,0.0,0.0,7.4
1,2024-01-08 11:17:00,2024-01-08 11:56:00,2,0.66,1,175,144,1,4.97,1.0,1.37,0.0,2.5,9.84
2,2024-01-11 00:34:00,2024-01-11 01:09:00,2,0.88,1,49,10,2,7.27,1.0,0.0,0.0,2.5,10.77
1,2024-01-01 17:40:00,2024-01-01 18:06:00,1,3.81,1,27,47,2,12.75,0.5,1.01,6.55,0.0,20.81
2,2024-01-13 23:51:00,2024-01-14 00:37:00,4,4.79,3,221,12,1,22.38,0.0,0.0,0.0,0.0,22.38
1,2024-01-03 09:00:00,2024-01-03 09:13:00,1,0.83,1,122,226,1,5.77,0.5,0.8,0.0,0.0,7.069999999999999
1,2024-01-01 05:01:00,2024-01-01 05:20:00,1,4.5,1,69,84,1,14.92,0.0,0.0,6.55,2.5,23.97
2,2024-01-09 15:48:00,2024-01-09 15:54:00,4,4.48,3,71,6,1,13.45,0.0,0.0,0.0,2.5,15.95
1,2024-01-12 19:10:00,2024-01-12 19:59:00,3,3.33,2,150,247,1,15.07,1.0,0.0,0.0,2.5,18.57
2,2024-01-14 13:54:00,2024-01-14 14:21:00,1,0.36,1,187,35,1,6.18,0.0,2.82,0.0,2.5,11.5
2,2024-01-01 11:39:00,2024-01-01 12:11:00,1,2.7,1,246,175,1,9.32,0.5,1.81,0.0,0.0,11.63
2,2024-01-01 03:10:00,2024-01-01 03:21:00,1,6.67,1,196,65,2,23.12,1.0,0.0,0.0,2.5,26.62
1,2024-01-08 06:52:00,2024-01-08 07:15:00,2,2.64,1,32,147,1,7.39,0.5,0.0,0.0,0.0,7.89
1,2024-01-13 01:24:00,2024-01-13 01:46:00,1,0.93,3,109,57,1,6.07,0.5,1.49,0.0,2.5,10.56
1,2024-01-03 01:35:00,2024-01-03 01:56:00,3,1.6,1,1,193,1,8.61,1.0,2.44,6.55,2.5,21.099999999999998
2,2024-01-05 05:42:00,2024-01-05 06:03:00,2,2.39,1,182,13,1,13.96,0.0,0.55,0.0,0.0,14.510000000000002
2,2024-01-13 04:48:00,2024-01-13 05:02:00,1,1.64,2,174,18,1,5.66,0.5,1.07,0.0,0.0,7.23
2,2024-01-14 16:31:00,2024-01-14 17:10:00,3,0.29,1,169,246,1,2.5,0.0,2.16,0.0,2.5,7.16
1,2024-01-14 17:38:00,2024-01-14 18:22:00,2,0.86,3,248,163,1,3.17,1.0,0.0,6.55,0.0,10.719999999999999
2,2024-01-02 06:16:00,2024-01-02 06:35:00,3,3.73,1,108,114,1,10.44,0.0,1.26,0.0,2.5,14.2
1,2024-01-01 09:29:00,2024-01-01 10:08:00,2,4.55,2,30,233,1,19.08,0.0,2.01,6.55,2.5,30.139999999999997
1,2024-01-04 18:42:00,2024-01-04 19:32:00,4,0.34,1,225,166,1,7.82,1.0,7.53,6.55,2.5,25.400000000000002
1,2024-01-02 07:35:00,2024-01-02 08:16:00,1,7.0,1,89,26,2,23.4,0.0,4.61,0.0,2.5,30.509999999999998
1,2024-01-14 06:37:00,2024-01-14 07:07:00,2,0.92,2,234,126,2,8.63,0.5,0.72,0.0,0.0,9.850000000000001
1,2024-01-03 16:23:00,2024-01-03 17:06:00,1,2.5,1,168,139,1,10.33,0.5,1.56,0.0,0.0,12.39
1,2024-01-09 23:13:00,2024-01-09 23:50:00,3,3.21,1,231,101,1,11.75,0.5,0.13,0.0,0.0,12.38
1,2024-01-06 04:15:00,2024-01-06 05:04:00,1,3.84,3,126,11,1,12.92,0.0,0.0,0.0,0.0,12.92
1,2024-01-03 18:54:00,2024-01-03 19:44:00,2,6.7,1,61,216,2,20.98,0.5,3.28,0.0,2.5,27.26
2,2024-01-08 16:53:00,2024-01-08 17:13:00,1,0.86,3,120,30,1,2.5,0.0,0.29,0.0,2.5,5.29
1,2024-01-13 13:10:00,2024-01-13 13:26:00,1,4.5,1,190,94,1,16.26,0.0,0.66,0.0,0.0,16.92
1,2024-01-03 02:09:00,2024-01-03 02:46:00,4,0.32,1,121,116,1,3.8,0.0,0.0,0.0,0.0,3.8
2,2024-01-12 11:38:00,2024-01-12 12:24:00,2,2.81,2,48,39,1,12.73,0.0,3.82,0.0,0.0,16.55
2,2024-01-08 10:49:00,2024-01-08 11:32:00,1,3.12,1,202,24,1,11.97,1.0,3.35,6.55,2.5,25.37
2,2024-01-01 23:29:00,2024-01-01 23:38:00,1,2.6,1,59,43,1,9.87,0.5,0.0,0.0,0.0,10.37
2,2024-01-09 12:09:00,2024-01-09 12:52:00,1,0.67,1,185,170,2,2.7,0.5,3.05,0.0,2.5,8.75
1,2024-01-01 13:04:00,2024-01-01 13:19:00,1,4.75,1,223,169,1,16.48,0.0,0.28,0.0,0.0,16.76
2,2024-01-06 14:56:00,2024-01-06 15:16:00,1,0.43,1,11,26,1,6.05,1.0,1.6,0.0,0.0,8.65
2,2024-01-06 06:00:00,2024-01-06 06:39:00,2,0.13,1,189,180,1,2.5,0.0,1.29,0.0,2.5,6.29
2,2024-01-09 16:53:00,2024-01-09 17:08:00,3,2.91,1,237,150,2,11.37,0.5,0.0,6.55,2.5,20.919999999999998
2,2024-01-06 02:23:00,2024-01-06 03:01:00,2,1.48,2,34,133,1,7.73,0.5,3.95,0.0,0.0,12.18
1,2024-01-06 00:06:00,2024-01-06 00:39:00,1,4.35,2,135,143,2,13.38,1.0,1.37,0.0,0.0,15.75
2,2024-01-05 00:41:00,2024-01-05 00:45:00,3,1.11,2,62,164,1,4.64,0.0,0.14,0.0,2.5,7.279999999999999
2,2024-01-14 07:50:00,2024-01-14 08:08:00,4,0.42,2,227,101,2,4.75,1.0,0.0,0.0,2.5,8.25
2,2024-01-12 18:01:00,2024-01-12 18:12:00,1,4.16,2,93,63,1,11.81,0.0,0.0,0.0,2.5,14.31
2,2024-01-05 03:46:00,2024-01-05 03:57:00,2,1.83,3,116,93,1,9.0,1.0,0.0,0.0,2.5,12.5
1,2024-01-13 15:45:00,2024-01-13 16:25:00,3,0.48,1,133,207,2,2.5,0.5,2.29,6.55,2.5,14.34
2,2024-01-08 09:27:00,2024-01-08 09:40:00,1,2.93,1,193,72,2,13.86,1.0,0.0,0.0,0.0,14.86
2,2024-01-07 01:16:00,2024-01-07 01:40:00,3,1.65,2,30,60,1,13.46,0.5,0.0,0.0,2.5,16.46
2,2024-01-14 10:14:00,2024-01-14 10:49:00,1,2.13,3,61,29,2,6.81,0.5,2.31,6.55,0.0,16.169999999999998
1,2024-01-09 13:23:00,2024-01-09 14:01:00,3,1.42,3,28,19,1,8.31,0.0,3.09,6.55,2.5,20.45
2,2024-01-04 07:40:00,2024-01-04 08:27:00,2,4.06,3,77,73,2,12.55,1.0,0.0,0.0,2.5,16.05
2,2024-01-02 15:28:00,2024-01-02 15:53:00,2,4.07,1,121,246,2,17.0,1.0,0.0,6.55,0.0,24.55
1,2024-01-09 08:39:00,2024-01-09 09:26:00,1,2.84,2,3,87,1,7.95,1.0,0.0,0.0,0.0,8.95
2,2024-01-05 14:55:00,2024-01-05 15:42:00,4,0.26,3,37,183,1,4.93,1.0,11.81,0.0,2.5,20.240000000000002
1,2024-01-06 16:13:00,2024-01-06 16:49:00,4,4.2,3,147,197,2,12.58,0.0,0.0,0.0,2.5,15.08
1,2024-01-04 02:55:00,2024-01-04 03:06:00,2,2.56,2,92,244,1,9.65,0.0,5.93,6.55,2.5,24.63
2,2024-01-08 13:33:00,2024-01-08 13:59:00,1,2.75,1,87,118,2,8.12,0.0,0.0,0.0,0.0,8.12
2,2024-01-10 07:23:00,2024-01-10 07:33:00,2,1.04,3,40,82,1,7.97,0.5,0.0,0.0,0.0,8.469999999999999
1,2024-01-10 02:41:00,2024-01-10 02:50:00,2,4.86,1,178,247,2,14.52,0.5,5.28,0.0,2.5,22.8
1,2024-01-08 14:46:00,2024-01-08 15:24:00,1,2.97,1,42,234,2,12.7,0.5,0.0,0.0,0.0,13.2
2,2024-01-01 14:13:00,2024-01-01 14:33:00,2,0.27,1,66,153,1,2.9,0.0,0.0,0.0,2.5,5.4
1,2024-01-14 23:53:00,2024-01-14 23:58:00,4,1.2,1,124,35,1,6.07,0.5,1.15,6.55,0.0,14.27
1,2024-01-12 18:38:00,2024-01-12 19:08:00,2,5.0,1,145,213,1,17.37,1.0,0.38,0.0,2.5,21.25
2,2024-01-13 04:12:00,2024-01-13 04:20:00,3,0.11,3,120,211,1,2.5,0.5,0.89,0.0,2.5,6.390000000000001
1,2024-01-07 21:07:00,2024-01-07 21:53:00,4,7.49,1,109,139,1,24.5,0.0,0.0,6.55,2.5,33.55
1,2024-01-04 07:37:00,2024-01-04 08:23:00,2,2.61,1,92,189,2,14.13,0.0,0.58,0.0,0.0,14.71
1,2024-01-11 15:38:00,2024-01-11 16:01:00,1,2.3,2,60,252,1,7.49,0.0,1.43,0.0,2.5,11.42
1,2024-01-02 17:31:00,2024-01-02 18:01:00,3,0.73,3,227,150,1,7.97,0.0,1.83,0.0,2.5,12.3
1,2024-01-11 15:28:00,2024-01-11 16:10:00,1,0.66,3,240,219,1,8.59,1.0,2.04,0.0,0.0,11.629999999999999
1,2024-01-11 03:19:00,2024-01-11 03:22:00,1,6.55,2,212,82,1,19.3,0.5,6.04,0.0,0.0,25.84
2,2024-01-14 13:08:00,2024-01-14 13:46:00,3,0.81,3,98,190,1,2.5,0.5,0.0,0.0,2.5,5.5
1,2024-01-03 02:51:00,2024-01-03 03:14:00,4,3.44,1,14,234,1,13.39,0.0,0.0,0.0,2.5,15.89
2,2024-01-12 02:19:00,2024-01-12 03:04:00,1,1.15,1,218,176,2,4.85,0.5,0.0,0.0,2.5,7.85
2,2024-01-12 09:08:00,2024-01-12 09:45:00,3,0.34,2,170,232,2,8.62,1.0,3.95,0.0,2.5,16.07
2,2024-01-01 14:36:00,2024-01-01 14:51:00,2,0.02,1,210,63,1,3.14,0.0,0.67,0.0,0.0,3.81
2,2024-01-03 21:02:00,2024-01-03 21:53:00,2,1.81,3,256,237,1,6.06,0.5,0.52,6.55,2.5,16.13
2,2024-01-11 13:22:00,2024-01-11 13:34:00,1,8.56,1,171,33,1,24.1,0.5,0.0,0.0,0.0,24.6
2,2024-01-05 20:06:00,2024-01-05 20:52:00,4,1.06,1,73,213,1,8.69,0.5,2.6,6.55,2.5,20.84
2,2024-01-05 21:59:00,2024-01-05 22:48:00,2,1.02,1,147,60,1,4.43,0.5,2.45,0.0,2.5,9.879999999999999
2,2024-01-06 13:07:00,2024-01-06 13:19:00,3,0.97,1,106,2,1,5.83,0.0,1.39,0.0,2.5,9.719999999999999
1,2024-01-05 17:19:00,2024-01-05 18:07:00,1,1.69,3,94,57,2,10.12,0.0,1.04,0.0,0.0,11.16
2,2024-01-04 02:25:00,2024-01-04 02:40:00,3,1.34,3,63,138,2,5.54,1.0,1.78,6.55,0.0,14.870000000000001
2,2024-01-12 19:39:00,2024-01-12 20:18:00,1,4.87,1,154,214,1,16.52,0.0,0.28,0.0,0.0,16.8
2,2024-01-10 07:37:00,2024-01-10 08:17:00,2,1.62,3,255,239,2,7.49,0.5,1.33,0.0,2.5,11.82
1,2024-01-13 13:17:00,2024-01-13 13:43:00,3,1.63,3,35,31,2,9.27,0.5,1.34,6.55,0.0,17.66
2,2024-01-06 18:31:00,2024-01-06 18:35:00,2,0.34,1,253,206,1,5.43,0.5,1.7,0.0,2.5,10.129999999999999
1,2024-01-12 22:54:00,2024-01-12 23:18:00,4,9.34,2,157,11,2,28.6,1.0,2.22,6.55,2.5,40.87
2,2024-01-10 18:58:00,2024-01-10 19:17:00,1,0.66,3,134,47,1,5.01,0.0,6.94,6.55,2.5,21.0
2,2024-01-04 14:17:00,2024-01-04 14:55:00,4,0.18,3,129,3,2,2.57,0.0,0.0,0.0,2.5,5.07
1,2024-01-10 21:42:00,2024-01-10 21:58:00,2,2.5,1,252,130,1,7.0,0.0,4.73,0.0,2.5,14.23
2,2024-01-06 18:28:00,2024-01-06 18:40:00,2,2.08,2,135,72,1,9.47,0.5,0.0,0.0,2.5,12.47
1,2024-01-05 03:09:00,2024-01-05 03:46:00,1,1.23,2,11,159,2,11.17,0.5,0.0,0.0,2.5,14.17
1,2024-01-14 08:22:00,2024-01-14 08:49:00,3,1.26,2,148,130,2,4.32,0.5,0.0,0.0,2.5,7.32
2,2024-01-01 19:10:00,2024-01-01 19:15:00,2,3.54,1,80,22,1,10.98,1.0,0.31,0.0,0.0,12.290000000000001
2,2024-01-02 08:11:00,2024-01-02 09:00:00,4,0.5,1,191,135,1,2.5,1.0,0.0,0.0,2.5,6.0
1,2024-01-07 09:24:00,2024-01-07 10:04:00,2,3.95,1,30,20,1,15.87,0.5,1.11,0.0,0.0,17.479999999999997
1,2024-01-13 12:48:00,2024-01-13 13:07:00,2,2.41,1,229,220,1,10.87,1.0,3.53,6.55,2.5,24.45
2,2024-01-01 18:01:00,2024-01-01 18:15:00,1,1.25,2,84,130,1,6.1,1.0,1.72,0.0,2.5,11.32
2,2024-01-12 17:36:00,2024-01-12 18:30:00,2,1.41,2,150,32,2,4.65,1.0,0.0,0.0,2.5,8.15
2,2024-01-10 07:27:00,2024-01-10 07:53:00,1,0.68,3,189,90,2,5.13,0.0,0.0,6.55,2.5,14.18
1,2024-01-06 10:05:00,2024-01-06 10:36:00,3,3.21,1,21,259,1,8.99,1.0,0.35,0.0,0.0,10.34
2,2024-01-04 15:17:00,2024-01-04 16:02:00,1,1.65,1,37,249,1,7.98,0.5,0.0,0.0,0.0,8.48
1,2024-01-12 18:23:00,2024-01-12 18:50:00,1,0.89,1,246,173,1,7.67,0.0,2.41,0.0,0.0,10.08
2,2024-01-14 22:16:00,2024-01-14 22:54:00,1,2.08,1,102,47,1,5.82,1.0,0.8,0.0,0.0,7.62
1,2024-01-09 20:55:00,2024-01-09 21:23:00,2,12.55,2,232,197,1,35.14,0.5,0.0,6.55,0.0,42.19
1,2024-01-12 06:44:00,2024-01-12 07:24:00,2,1.31,1,245,34,1,10.62,1.0,3.7,6.55,0.0,21.87
2,2024-01-10 03:44:00,2024-01-10 03:47:00,3,5.83,1,177,254,1,17.79,0.5,8.65,0.0,2.5,29.439999999999998
1,2024-01-03 07:43:00,2024-01-03 08:05:00,1,0.97,1,213,248,2,8.56,0.5,3.27,6.55,2.5,21.38
1,2024-01-10 09:00:00,2024-01-10 09:30:00,1,0.13,1,102,42,2,2.98,1.0,1.63,0.0,0.0,5.609999999999999
1,2024-01-07 17:02:00,2024-01-07 17:20:00,4,0.53,2,22,123,1,4.08,1.0,1.29,0.0,0.0,6.37
1,2024-01-12 18:44:00,2024-01-12 19:33:00,1,1.25,2,19,27,2,7.6,0.0,1.71,0.0,0.0,9.309999999999999
1,2024-01-11 12:05:00,2024-01-11 12:24:00,1,0.57,2,147,59,2,2.5,1.0,1.37,0.0,2.5,7.37
2,2024-01-06 15:30:00,2024-01-06 16:12:00,2,0.0,3,40,147,1,3.33,0.5,1.54,6.55,2.5,14.42
2,2024-01-14 13:31:00,2024-01-14 14:01:00,4,5.67,1,167,115,2,17.92,0.0,0.5,0.0,2.5,20.92
1,2024-01-02 03:59:00,2024-01-02 04:13:00,1,4.27,1,91,199,2,11.96,0.5,5.15,0.0,2.5,20.11
2,2024-01-03 10:26:00,2024-01-03 10:55:00,1,3.12,1,72,128,1,12.58,0.5,3.09,6.55,2.5,25.220000000000002
1,2024-01-10 05:24:00,2024-01-10 06:08:00,2,0.42,3,140,153,1,3.52,1.0,2.51,0.0,0.0,7.029999999999999
1,2024-01-06 00:53:00,2024-01-06 01:42:00,1,0.29,1,239,83,1,3.42,0.5,0.0,0.0,2.5,6.42
2,2024-01-14 06:48:00,2024-01-14 07:20:00,4,0.16,1,78,23,1,2.5,1.0,0.74,0.0,0.0,4.24
1,2024-01-07 13:15:00,2024-01-07 13:58:00,2,2.96,2,199,11,1,15.27,0.5,0.19,0.0,2.5,18.46
1,2024-01-08 20:30:00,2024-01-08 21:06:00,4,6.08,2,17,187,1,22.22,0.0,3.85,0.0,0.0,26.07
1,2024-01-10 05:36:00,2024-01-10 06:15:00,1,1.3,1,218,116,1,9.05,1.0,0.0,0.0,2.5,12.55
2,2024-01-13 20:45:00,2024-01-13 20:53:00,2,0.29,1,229,162,2,3.05,0.0,1.9,6.55,2.5,14.0
2,2024-01-10 04:45:00,2024-01-10 04:54:00,3,1.65,1,138,103,1,4.62,1.0,0.0,0.0,2.5,8.120000000000001
1,2024-01-08 17:51:00,2024-01-08 18:25:00,1,0.99,1,147,243,1,10.65,0.0,0.0,0.0,2.5,13.15
1,2024-01-08 06:17:00,2024-01-08 06:51:00,1,1.08,1,210,7,2,5.87,1.0,0.17,0.0,2.5,9.54
1,2024-01-02 17:19:00,2024-01-02 17:46:00,4,2.23,1,158,172,2,7.37,0.0,1.71,0.0,0.0,9.08
1,2024-01-04 02:12:00,2024-01-04 02:47:00,4,2.92,1,153,256,2,12.22,0.0,0.0,0.0,2.5,14.72
1,2024-01-05 02:01:00,2024-01-05 02:10:00,2,0.27,1,163,247,1,6.67,1.0,5.42,0.0,2.5,15.59
2,2024-01-10 18:29:00,2024-01-10 19:23:00,1,0.08,1,101,192,1,3.17,1.0,1.32,6.55,2.5,14.54
2,2024-01-02 23:29:00,2024-01-02 23:43:00,1,11.9,2,155,114,1,39.52,0.5,5.03,0.0,2.5,47.550000000000004
2,2024-01-06 03:10:00,2024-01-06 03:28:00,1,0.61,2,10,23,1,7.42,0.5,0.78,0.0,2.5,11.2
2,2024-01-09 06:42:00,2024-01-09 07:00:00,4,0.13,1,183,136,1,2.5,1.0,0.0,0.0,2.5,6.0
1,2024-01-02 17:29:00,2024-01-02 18:14:00,3,0.48,1,134,195,2,2.66,1.0,6.47,0.0,2.5,12.629999999999999
1,2024-01-07 19:43:00,2024-01-07 20:21:00,4,0.09,1,6,258,2,5.65,0.0,0.49,0.0,2.5,8.64
2,2024-01-07 09:27:00,2024-01-07 09:42:00,3,1.14,1,258,70,1,3.19,0.0,1.9,0.0,2.5,7.59
2,2024-01-07 15:00:00,2024-01-07 15:09:00,4,3.73,2,211,36,1,13.07,0.5,1.08,6.55,0.0,21.2
1,2024-01-12 08:44:00,2024-01-12 09:22:00,4,0.96,1,51,108,1,2.69,0.5,3.27,0.0,0.0,6.46
2,2024-01-04 04:51:00,2024-01-04 05:40:00,1,1.35,3,147,24,1,5.59,0.5,0.3,0.0,2.5,8.89
1,2024-01-14 08:23:00,2024-01-14 09:16:00,3,2.59,3,128,140,1,9.5,0.0,1.26,0.0,2.5,13.26
1,2024-01-05 01:58:00,2024-01-05 02:09:00,1,1.64,2,258,22,1,6.7,0.0,2.64,6.55,2.5,18.39
1,2024-01-12 08:27:00,2024-01-12 09:01:00,1,4.55,1,51,204,1,14.36,0.0,1.15,0.0,2.5,18.009999999999998
2,2024-01-01 14:11:00,2024-01-01 14:24:00,4,4.62,1,154,224,2,13.19,0.5,0.13,0.0,2.5,16.32
2,2024-01-13 13:11:00,2024-01-13 13:21:00,1,0.02,2,70,223,2,8.79,1.0,2.69,6.55,0.0,19.029999999999998
2,2024-01-05 17:53:00,2024-01-05 18:28:00,3,3.46,1,134,81,1,17.36,0.5,1.54,0.0,2.5,21.9
2,2024-01-09 06:58:00,2024-01-09 07:23:00,2,1.42,1,220,191,1,4.07,0.0,0.03,0.0,0.0,4.1000000000000005
2,2024-01-02 16:27:00,2024-01-02 16:54:00,2,10.34,3,163,147,2,35.91,0.5,0.0,0.0,2.5,38.91
1,2024-01-03 18:40:00,2024-01-03 18:50:00,2,1.52,1,136,11,1,6.26,0.5,5.55,0.0,2.5,14.809999999999999
2,2024-01-04 12:12:00,2024-01-04 12:59:00,1,9.97,1,57,56,2,31.24,0.5,0.26,6.55,2.5,41.05
1,2024-01-02 21:38:00,2024-01-02 22:02:00,1,3.23,1,177,173,2,11.89,0.5,0.0,0.0,2.5,14.89
1,2024-01-04 17:47:00,2024-01-04 17:53:00,1,0.66,2,115,204,1,3.2,0.0,2.87,0.0,0.0,6.07
1,2024-01-06 13:22:00,2024-01-06 14:04:00,2,1.78,1,149,248,1,10.44,0.5,0.16,0.0,0.0,11.1
2,2024-01-04 20:16:00,2024-01-04 20:21:00,2,11.14,1,241,22,1,34.51,0.0,0.0,6.55,0.0,41.059999999999995
2,2024-01-10 08:39:00,2024-01-10 09:10:00,2,4.48,1,123,24,1,14.35,0.5,1.37,0.0,0.0,16.22
2,2024-01-03 17:13:00,2024-01-03 17:56:00,1,0.24,2,69,194,1,2.5,0.0,3.45,0.0,0.0,5.95
2,2024-01-13 02:50:00,2024-01-13 03:21:00,2,2.82,1,63,96,1,8.66,1.0,0.39,0.0,2.5,12.55
2,2024-01-08 09:16:00,2024-01-08 09:52:00,1,0.98,1,221,72,1,2.74,0.0,0.0,0.0,2.5,5.24
2,2024-01-04 23:26:00,2024-01-05 00:02:00,4,0.02,3,16,243,1,3.09,0.0,0.0,0.0,0.0,3.09
2,2024-01-03 08:13:00,2024-01-03 08:43:00,4,1.19,3,78,38,1,3.34,1.0,0.0,0.0,2.5,6.84
2,2024-01-09 10:41:00,2024-01-09 10:56:00,1,0.62,1,122,89,1,4.07,1.0,0.0,0.0,2.5,7.57
1,2024-01-02 10:42:00,2024-01-02 10:59:00,3,3.93,3,258,28,1,17.43,1.0,0.0,0.0,2.5,20.93
2,2024-01-12 07:21:00,2024-01-12 07:46:00,1,0.95,1,217,92,1,8.66,1.0,0.54,6.55,0.0,16.75
1,2024-01-11 15:05:00,2024-01-11 15:51:00,1,4.04,1,114,54,2,14.23,1.0,1.52,0.0,0.0,16.75
1,2024-01-07 19:37:00,2024-01-07 20:05:00,1,0.0,3,146,159,1,2.78,1.0,2.15,0.0,0.0,5.93
1,2024-01-08 19:41:00,2024-01-08 19:47:00,1,0.85,1,237,228,2,10.08,0.5,0.0,6.55,0.0,17.13
1,2024-01-01 06:57:00,2024-01-01 07:25:00,1,0.63,1,86,41,1,6.07,0.5,0.1,6.55,2.5,15.719999999999999
2,2024-01-07 02:48:00,2024-01-07 03:30:00,1,0.61,1,167,37,1,3.89,1.0,0.03,0.0,2.5,7.420000000000001
2,2024-01-03 06:27:00,2024-01-03 06:38:00,2,0.16,3,129,125,2,2.5,0.0,0.86,6.55,2.5,12.41
1,2024-01-12 22:49:00,2024-01-12 22:56:00,2,0.48,3,165,179,1,5.33,0.0,0.17,0.0,2.5,8.0
1,2024-01-04 23:45:00,2024-01-05 00:19:00,1,1.87,1,257,37,1,10.31,1.0,3.58,0.0,2.5,17.39
1,2024-01-08 20:58:00,2024-01-08 21:20:00,4,0.79,1,132,101,1,3.63,0.5,0.0,0.0,2.5,6.63
2,2024-01-01 06:52:00,2024-01-01 07:44:00,2,1.24,1,58,31,2,7.2,0.5,0.14,6.55,0.0,14.39
1,2024-01-06 05:43:00,2024-01-06 05:56:00,1,1.09,3,257,190,2,5.14,0.0,1.25,0.0,2.5,8.89
1,2024-01-06 06:27:00,2024-01-06 06:44:00,2,4.8,3,141,146,2,15.98,1.0,0.06,0.0,2.5,19.54
2,2024-01-01 12:08:00,2024-01-01 12:42:00,2,5.42,2,174,90,1,15.18,0.5,0.32,0.0,2.5,18.5
1,2024-01-09 02:17:00,2024-01-09 02:47:00,1,1.56,1,175,6,2,6.81,1.0,0.86,6.55,2.5,17.72
2,2024-01-05 03:48:00,2024-01-05 04:12:00,4,0.92,1,209,139,2,8.0,1.0,0.0,0.0,2.5,11.5
2,2024-01-14 02:48:00,2024-01-14 03:31:00,1,0.26,1,204,95,2,2.5,0.0,6.18,6.55,0.0,15.23
1,2024-01-03 01:27:00,2024-01-03 01:46:00,1,7.05,1,7,119,1,22.87,1.0,0.0,0.0,2.5,26.37
1,2024-01-11 02:07:00,2024-01-11 02:35:00,2,0.14,1,51,120,2,2.5,1.0,0.0,0.0,2.5,6.0
1,2024-01-14 07:30:00,2024-01-14 08:16:00,1,0.81,3,259,123,2,6.17,0.0,0.0,0.0,0.0,6.17
2,2024-01-12 03:28:00,2024-01-12 03:37:00,3,0.81,1,178,179,1,4.73,0.5,0.0,0.0,0.0,5.23
2,2024-01-13 03:46:00,2024-01-13 04:30:00,1,0.89,3,31,7,1,3.14,1.0,5.05,0.0,2.5,11.690000000000001
2,2024-01-13 11:15:00,2024-01-13 11:43:00,4,0.41,3,154,127,2,7.48,0.0,0.19,0.0,2.5,10.170000000000002
1,2024-01-04 12:33:00,2024-01-04 13:00:00,2,3.52,1,55,77,1,15.18,0.5,7.33,0.0,0.0,23.009999999999998
1,2024-01-04 13:04:00,2024-01-04 13:16:00,1,0.3,1,156,234,1,2.5,1.0,0.31,0.0,2.5,6.3100000000000005
1,2024-01-02 11:43:00,2024-01-02 12:30:00,1,2.32,1,44,74,1,10.74,0.5,2.04,6.55,0.0,19.830000000000002
1,2024-01-06 02:37:00,2024-01-06 02:58:00,1,0.3,3,81,120,1,5.18,0.0,16.36,0.0,0.0,21.54
1,2024-01-09 08:43:00,2024-01-09 08:56:00,1,0.17,1,166,35,2,5.08,1.0,0.0,0.0,0.0,6.08
1,2024-01-03 09:20:00,2024-01-03 09:35:00,4,5.52,1,30,207,2,15.46,0.0,0.0,0.0,2.5,17.96
2,2024-01-14 23:50:00,2024-01-15 00:00:00,1,0.49,1,136,93,2,6.89,0.0,3.34,0.0,0.0,10.23
2,2024-01-04 22:04:00,2024-01-04 22:46:00,1,3.96,1,14,177,1,12.66,1.0,0.07,6.55,0.0,20.28
2,2024-01-08 07:18:00,2024-01-08 07:24:00,4,1.81,3,106,179,1,7.17,0.0,0.0,0.0,2.5,9.67
1,2024-01-11 02:32:00,2024-01-11 03:21:00,1,0.19,3,75,129,1,10.13,0.5,0.18,6.55,0.0,17.36
2,2024-01-03 00:34:00,2024-01-03 01:07:00,3,7.16,1,79,125,1,23.8,0.0,0.59,0.0,0.0,24.39
2,2024-01-10 10:24:00,2024-01-10 10:54:00,1,0.65,1,194,27,1,3.85,1.0,0.38,6.55,2.5,14.28
2,2024-01-09 10:24:00,2024-01-09 10:37:00,1,4.52,2,96,64,1,12.66,1.0,5.23,0.0,2.5,21.39
1,2024-01-10 23:57:00,2024-01-11 00:42:00,1,0.43,2,40,60,2,7.68,0.5,0.44,0.0,2.5,11.12
1,2024-01-07 02:27:00,2024-01-07 02:30:00,1,4.42,1,256,219,1,12.38,1.0,0.09,0.0,2.5,15.97
2,2024-01-10 20:31:00,2024-01-10 21:22:00,1,0.03,3,107,217,1,2.5,0.0,1.95,0.0,2.5,6.95
1,2024-01-01 12:08:00,2024-01-01 12:57:00,1,1.65,1,17,169,1,6.79,0.0,0.93,0.0,2.5,10.219999999999999
1,2024-01-13 07:49:00,2024-01-13 08:43:00,4,3.37,1,15,149,1,15.98,1.0,0.0,0.0,2.5,19.48
1,2024-01-01 11:38:00,2024-01-01 12:18:00,2,6.28,1,13,116,1,22.52,0.5,0.28,6.55,2.5,32.35
1,2024-01-05 23:46:00,2024-01-06 00:12:00,3,5.52,1,247,245,1,18.06,0.5,3.03,0.0,2.5,24.09
2,2024-01-11 01:52:00,2024-01-11 02:41:00,2,3.94,2,214,148,1,14.8,1.0,2.02,0.0,2.5,20.32
1,2024-01-10 16:03:00,2024-01-10 16:36:00,1,5.04,1,151,92,2,15.61,0.0,0.0,0.0,2.5,18.11
2,2024-01-12 15:39:00,2024-01-12 16:22:00,1,0.51,2,43,85,2,4.78,1.0,0.0,6.55,2.5,14.83
2,2024-01-06 03:20:00,2024-01-06 04:08:00,2,0.77,3,114,87,2,5.34,1.0,0.0,0.0,2.5,8.84
1,2024-01-03 21:31:00,2024-01-03 22:23:00,1,0.78,1,81,120,1,7.61,0.5,3.32,6.55,2.5,20.48
1,2024-01-04 00:40:00,2024-01-04 01:08:00,1,1.09,1,141,24,2,8.47,0.0,0.82,0.0,0.0,9.290000000000001
1,2024-01-02 17:42:00,2024-01-02 18:33:00,2,1.15,3,30,89,2,7.45,0.5,0.06,6.55,2.5,17.06
2,2024-01-12 21:01:00,2024-01-12 21:53:00,1,1.81,3,30,37,2,7.16,0.5,0.0,6.55,2.5,16.71
2,2024-01-14 07:26:00,2024-01-14 07:33:00,4,0.4,1,99,12,1,5.97,0.0,2.52,0.0,0.0,8.49
2,2024-01-04 19:26:00,2024-01-04 19:48:00,2,2.7,1,94,95,1,10.33,0.0,0.0,6.55,0.0,16.88
2,2024-01-06 18:55:00,2024-01-06 19:49:00,1,0.42,1,211,31,1,2.5,0.0,0.03,6.55,0.0,9.08
2,2024-01-04 02:51:00,2024-01-04 03:34:00,2,0.85,2,37,233,1,4.37,1.0,0.8,0.0,2.5,8.67
2,2024-01-08 17:30:00,2024-01-08 17:43:00,2,1.61,3,89,35,2,7.72,0.0,0.14,6.55,0.0,14.41
2,2024-01-06 07:31:00,2024-01-06 08:06:00,4,3.66,1,255,21,1,15.52,1.0,0.84,6.55,2.5,26.41
1,2024-01-14 21:40:00,2024-01-14 22:32:00,4,3.09,1,214,111,2,11.19,0.5,1.15,0.0,2.5,15.34
2,2024-01-01 19:27:00,2024-01-01 20:07:00,3,2.39,3,14,145,2,6.69,0.0,0.0,0.0,0.0,6.69
2,2024-01-01 17:42:00,2024-01-01 18:11:00,4,0.39,3,192,12,1,4.23,1.0,0.0,6.55,0.0,11.780000000000001
2,2024-01-13 21:00:00,2024-01-13 21:36:00,1,1.82,1,182,244,1,8.38,1.0,0.0,6.55,0.0,15.93
2,2024-01-08 18:14:00,2024-01-08 18:31:00,1,0.21,2,130,146,1,4.05,1.0,1.11,0.0,2.5,8.66
1,2024-01-04 06:49:00,2024-01-04 07:23:00,2,1.09,3,224,239,2,8.35,1.0,3.67,0.0,0.0,13.02
2,2024-01-07 11:48:00,2024-01-07 12:11:00,4,1.23,1,43,92,1,8.99,0.5,1.58,0.0,0.0,11.07
2,2024-01-04 16:54:00,2024-01-04 17:42:00,2,0.09,1,181,115,1,2.5,0.0,0.09,6.55,0.0,9.14
1,2024-01-07 04:44:00,2024-01-07 04:51:00,1,0.74,2,169,15,2,3.53,0.0,0.0,0.0,0.0,3.53
1,2024-01-04 00:10:00,2024-01-04 00:18:00,1,7.17,1,96,22,1,20.48,0.0,0.19,0.0,0.0,20.67
2,2024-01-05 17:21:00,2024-01-05 18:01:00,1,7.06,1,203,118,2,24.52,0.0,2.0,0.0,0.0,26.52
2,2024-01-04 08:46:00,2024-01-04 09:10:00,1,1.0,2,68,95,1,9.42,0.0,4.62,0.0,0.0,14.04
2,2024-01-05 16:11:00,2024-01-05 16:31:00,3,0.1,1,92,257,2,2.5,0.0,0.18,6.55,0.0,9.23
2,2024-01-11 16:08:00,2024-01-11 16:24:00,2,0.45,1,178,87,1,3.66,1.0,1.78,0.0,2.5,8.940000000000001
2,2024-01-13 00:57:00,2024-01-13 01:09:00,1,1.15,1,151,58,1,9.89,0.0,3.83,6.55,0.0,20.27
2,2024-01-02 18:19:00,2024-01-02 19:07:00,2,6.79,2,47,230,1,23.28,1.0,0.0,0.0,2.5,26.78
1,2024-01-05 21:36:00,2024-01-05 21:51:00,1,0.35,2,3,108,1,5.07,0.5,2.83,0.0,0.0,8.4
1,2024-01-08 23:56:00,2024-01-09 00:29:00,1,3.32,3,103,19,1,9.32,1.0,0.72,0.0,2.5,13.540000000000001
2,2024-01-08 23:33:00,2024-01-09 00:05:00,1,0.26,1,22,141,2,5.42,0.5,2.65,0.0,2.5,11.07
2,2024-01-02 01:42:00,2024-01-02 01:47:00,1,9.15,1,116,160,1,26.3,0.0,2.69,0.0,2.5,31.490000000000002
2,2024-01-10 16:44:00,2024-01-10 17:16:00,3,1.11,1,104,100,2,3.27,0.5,2.65,0.0,0.0,6.42
1,2024-01-13 04:55:00,2024-01-13 05:03:00,1,3.43,3,259,238,1,11.74,0.5,4.24,6.55,2.5,25.53
2,2024-01-05 09:13:00,2024-01-05 09:44:00,1,0.96,1,130,238,1,4.22,1.0,0.2,0.0,2.5,7.92
1,2024-01-14 05:45:00,2024-01-14 05:55:00,1,2.27,1,48,49,2,8.8,1.0,0.25,6.55,0.0,16.6
1,2024-01-13 10:44:00,2024-01-13 11:30:00,2,0.49,1,27,165,1,2.5,0.5,0.0,0.0,0.0,3.0
2,2024-01-10 14:07:00,2024-01-10 14:54:00,4,0.36,1,15,59,1,6.41,0.5,0.0,0.0,2.5,9.41
1,2024-01-07 15:40:00,2024-01-07 16:25:00,1,6.4,1,134,183,1,23.74,0.0,1.38,0.0,0.0,25.119999999999997
2,2024-01-13 07:49:00,2024-01-13 08:35:00,1,5.74,2,76,147,1,16.07,1.0,7.11,0.0,0.0,24.18
1,2024-01-07 00:51:00,2024-01-07 01:26:00,3,5.02,3,30,96,1,19.5,0.5,6.12,0.0,0.0,26.12
2,2024-01-06 04:54:00,2024-01-06 05:13:00,3,2.26,1,126,43,1,7.3,1.0,5.13,6.55,2.5,22.48
2,2024-01-03 23:52:00,2024-01-04 00:42:00,4,3.8,1,84,257,1,15.78,0.0,5.29,0.0,2.5,23.57
1,2024-01-01 22:04:00,2024-01-01 22:17:00,2,0.16,1,54,213,2,3.28,0.0,5.03,0.0,0.0,8.31
1,2024-01-03 04:21:00,2024-01-03 04:36:00,4,0.94,3,222,189,1,5.7,0.5,0.0,6.55,2.5,15.25
1,2024-01-14 19:10:00,2024-01-14 20:02:00,2,0.87,1,2,131,1,4.97,0.0,2.61,0.0,0.0,7.58
2,2024-01-02 06:10:00,2024-01-02 06:23:00,3,2.32,1,146,137,1,12.53,0.5,0.05,6.55,0.0,19.63
1,2024-01-05 13:48:00,2024-01-05 14:21:00,2,1.01,1,18,30,1,2.83,1.0,0.0,0.0,0.0,3.83
1,2024-01-14 09:47:00,2024-01-14 10:17:00,3,0.37,3,16,146,1,5.56,1.0,0.32,0.0,0.0,6.88
2,2024-01-04 16:21:00,2024-01-04 17:07:00,2,2.09,2,159,105,1,11.61,0.5,0.0,0.0,0.0,12.11
2,2024-01-11 18:05:00,2024-01-11 18:13:00,1,3.87,2,209,191,1,15.63,0.5,0.27,0.0,2.5,18.900000000000002
1,2024-01-09 03:14:00,2024-01-09 03:57:00,3,1.11,1,205,178,1,11.92,0.5,0.0,6.55,0.0,18.97
1,2024-01-04 07:08:00,2024-01-04 07:26:00,4,0.33,2,113,239,2,2.6,1.0,2.4,6.55,2.5,15.05
1,2024-01-07 13:15:00,2024-01-07 13:21:00,2,0.5,3,178,1,1,6.79,1.0,0.82,0.0,0.0,8.61
2,2024-01-03 13:49:00,2024-01-03 14:26:00,2,0.62,1,209,110,1,4.47,0.0,3.47,6.55,0.0,14.489999999999998
2,2024-01-10 02:36:00,2024-01-10 03:26:00,3,0.82,1,124,234,1,8.38,0.0,1.47,6.55,2.5,18.900000000000002
1,2024-01-07 15:36:00,2024-01-07 16:04:00,1,2.37,1,15,64,2,9.62,1.0,0.34,6.55,2.5,20.009999999999998
2,2024-01-08 01:10:00,2024-01-08 01:24:00,2,2.11,1,45,244,2,7.94,1.0,4.75,0.0,2.5,16.19
1,2024-01-14 12:16:00,2024-01-14 12:29:00,4,2.74,3,94,53,1,13.94,0.5,0.0,0.0,2.5,16.939999999999998
1,2024-01-05 12:50:00,2024-01-05 13:29:00,1,1.04,1,107,17,1,4.68,1.0,0.0,0.0,0.0,5.68
2,2024-01-08 01:48:00,2024-01-08 02:15:00,2,4.0,1,128,234,2,11.2,1.0,0.76,0.0,0.0,12.959999999999999
1,2024-01-11 04:43:00,2024-01-11 05:03:00,1,0.53,1,38,73,1,3.19,0.0,1.53,0.0,2.5,7.22
1,2024-01-01 08:24:00,2024-01-01 08:45:00,1,1.46,2,97,91,1,8.64,0.0,3.73,0.0,2.5,14.870000000000001
2,2024-01-01 20:14:00,2024-01-01 20:39:00,3,3.71,1,198,6,2,16.87,0.5,0.0,0.0,2.5,19.87
1,2024-01-02 01:31:00,2024-01-02 02:11:00,4,0.46,3,192,198,2,4.57,0.0,0.0,0.0,2.5,7.07
1,2024-01-01 13:43:00,2024-01-01 14:03:00,4,0.27,1,7,196,1,7.05,0.5,0.16,6.55,2.5,16.759999999999998
2,2024-01-13 00:32:00,2024-01-13 01:00:00,2,4.95,1,44,137,2,13.86,1.0,1.68,0.0,2.5,19.04
1,2024-01-04 11:49:00,2024-01-04 11:57:00,1,0.97,3,7,116,1,4.61,1.0,0.0,0.0,2.5,8.11
1,2024-01-10 07:48:00,2024-01-10 07:54:00,1,2.65,3,194,43,1,9.7,0.5,6.41,0.0,2.5,19.11
2,2024-01-12 11:17:00,2024-01-12 12:03:00,2,0.06,2,1,231,2,2.88,0.0,0.58,0.0,0.0,3.46
2,2024-01-02 11:05:00,2024-01-02 11:58:00,3,2.69,1,62,58,1,10.74,0.0,0.34,0.0,0.0,11.08
2,2024-01-03 12:27:00,2024-01-03 12:58:00,1,0.87,1,89,206,2,7.16,1.0,0.0,0.0,2.5,10.66
1,2024-01-10 00:12:00,2024-01-10 00:48:00,2,0.13,1,18,94,2,2.5,0.0,0.09,0.0,0.0,2.59
2,2024-01-02 06:52:00,2024-01-02 07:11:00,3,2.16,2,108,36,2,9.4,0.5,1.46,0.0,2.5,13.86
1,2024-01-04 09:50:00,2024-01-04 10:35:00,2,0.63,3,135,230,2,4.65,1.0,3.5,6.55,0.0,15.7
2,2024-01-08 15:23:00,2024-01-08 16:08:00,1,1.12,2,67,227,1,3.82,0.0,1.81,6.55,2.5,14.68
1,2024-01-10 14:43:00,2024-01-10 15:01:00,2,0.19,2,93,183,2,3.25,1.0,0.46,0.0,0.0,4.71
1,2024-01-09 03:04:00,2024-01-09 03:08:00,3,0.37,1,138,131,1,3.68,1.0,1.47,0.0,2.5,8.649999999999999
2,2024-01-11 22:41:00,2024-01-11 23:17:00,2,0.81,1,189,65,1,4.86,0.0,5.59,0.0,0.0,10.45
1,2024-01-05 07:10:00,2024-01-05 07:20:00,1,0.22,2,59,186,1,3.7,0.5,2.11,0.0,0.0,6.3100000000000005
1,2024-01-13 06:00:00,2024-01-13 06:15:00,4,5.56,2,187,117,2,18.76,0.0,0.0,0.0,2.5,21.26
2,2024-01-14 17:20:00,2024-01-14 18:04:00,2,0.01,2,235,186,1,2.5,0.0,0.9,0.0,0.0,3.4
1,2024-01-04 22:05:00,2024-01-04 22:15:00,1,1.52,1,69,151,1,10.44,0.0,0.46,6.55,0.0,17.45
1,2024-01-14 19:10:00,2024-01-14 19:42:00,1,0.3,2,98,151,1,2.5,0.0,0.65,0.0,0.0,3.15
1,2024-01-14 20:48:00,2024-01-14 21:22:00,3,0.85,2,8,36,1,3.58,0.0,1.68,0.0,0.0,5.26
2,2024-01-07 15:48:00,2024-01-07 16:26:00,2,5.99,3,134,95,2,26.72,0.0,0.0,0.0,2.5,29.22
2,2024-01-09 05:09:00,2024-01-09 05:58:00,4,0.41,1,56,134,2,2.5,0.5,1.72,0.0,2.5,7.22
2,2024-01-06 14:13:00,2024-01-06 14:45:00,2,7.77,2,114,162,1,21.76,1.0,2.71,0.0,2.5,27.970000000000002
2,2024-01-03 07:30:00,2024-01-03 07:33:00,1,0.53,2,88,44,1,6.32,0.5,2.92,0.0,0.0,9.74
2,2024-01-14 06:07:00,2024-01-14 06:52:00,1,3.11,1,138,240,2,8.71,0.0,0.4,0.0,2.5,11.610000000000001
2,2024-01-07 00:22:00,2024-01-07 01:03:00,2,1.82,1,108,52,2,7.51,0.5,3.05,0.0,0.0,11.059999999999999
2,2024-01-05 22:34:00,2024-01-05 22:53:00,1,4.96,1,23,74,1,22.25,1.0,2.46,0.0,0.0,25.71
2,2024-01-10 06:03:00,2024-01-10 06:25:00,2,1.86,3,144,238,2,5.21,0.5,0.0,0.0,0.0,5.71
1,2024-01-01 22:33:00,2024-01-01 22:59:00,2,1.76,1,144,167,1,4.93,0.0,0.13,6.55,2.5,14.11
1,2024-01-08 14:55:00,2024-01-08 15:47:00,2,0.5,1,56,140,1,2.5,1.0,0.0,6.55,2.5,12.55
1,2024-01-08 15:43:00,2024-01-08 16:07:00,1,0.42,1,108,139,1,6.42,0.0,1.06,6.55,0.0,14.030000000000001
1,2024-01-01 11:07:00,2024-01-01 11:38:00,2,5.71,1,6,235,1,21.8,0.0,0.0,0.0,0.0,21.8
2,2024-01-07 11:37:00,2024-01-07 12:01:00,2,0.91,3,30,3,2,4.27,1.0,0.0,0.0,2.5,7.77
1,2024-01-10 11:39:00,2024-01-10 12:25:00,3,1.07,2,127,256,2,7.7,1.0,0.0,6.55,0.0,15.25
1,2024-01-03 13:59:00,2024-01-03 14:10:00,3,3.28,3,121,4,1,15.66,0.0,6.95,0.0,0.0,22.61
1,2024-01-14 06:49:00,2024-01-14 07:28:00,2,0.95,2,99,212,1,10.13,0.5,0.0,0.0,2.5,13.13
1,2024-01-06 04:43:00,2024-01-06 04:55:00,2,6.99,1,166,216,1,21.96,1.0,0.0,0.0,2.5,25.46
1,2024-01-01 08:59:00,2024-01-01 09:37:00,2,3.08,1,241,16,1,8.62,0.5,6.25,0.0,0.0,15.37
2,2024-01-04 10:44:00,2024-01-04 11:23:00,1,2.09,1,50,64,1,6.8,0.5,2.12,0.0,2.5,11.92
2,2024-01-04 08:35:00,2024-01-04 09:05:00,1,4.89,1,73,239,1,15.62,1.0,2.85,0.0,0.0,19.47
1,2024-01-14 23:59:00,2024-01-15 00:29:00,4,0.12,1,52,16,1,2.69,0.5,0.73,0.0,0.0,3.92
1,2024-01-05 04:42:00,2024-01-05 05:26:00,1,0.68,1,227,52,1,4.43,1.0,1.96,0.0,2.5,9.89
1,2024-01-11 07:17:00,2024-01-11 08:02:00,4,1.44,1,193,19,1,9.83,1.0,0.34,0.0,0.0,11.17
1,2024-01-06 01:52:00,2024-01-06 02:15:00,1,0.59,2,239,93,1,7.84,1.0,1.14,0.0,2.5,12.48
2,2024-01-04 16:40:00,2024-01-04 17:06:00,1,3.13,3,10,17,1,11.33,1.0,0.07,0.0,2.5,14.9
1,2024-01-10 04:16:00,2024-01-10 05:00:00,4,5.79,1,228,111,2,21.96,0.5,0.54,0.0,2.5,25.5
2,2024-01-02 22:19:00,2024-01-02 23:01:00,2,1.27,1,52,94,1,7.45,0.5,0.0,0.0,0.0,7.95
1,2024-01-13 00:28:00,2024-01-13 00:32:00,3,0.96,3,240,10,1,5.85,1.0,1.08,0.0,2.5,10.43
2,2024-01-02 02:21:00,2024-01-02 02:31:00,1,7.49,3,99,212,2,26.24,1.0,4.07,0.0,0.0,31.31
2,2024-01-14 16:28:00,2024-01-14 17:18:00,4,1.35,3,81,237,1,6.96,1.0,0.0,6.55,0.0,14.51
2,2024-01-09 19:17:00,2024-01-09 19:46:00,2,1.54,1,13,254,2,12.46,1.0,0.0,6.55,2.5,22.51
1,2024-01-04 23:13:00,2024-01-04 23:37:00,2,1.0,1,128,16,2,2.8,0.0,0.0,0.0,0.0,2.8
1,2024-01-12 13:19:00,2024-01-12 13:58:00,1,5.53,1,11,144,1,17.2,0.5,1.57,0.0,2.5,21.77
2,2024-01-04 08:04:00,2024-01-04 08:33:00,2,1.94,1,81,42,1,8.12,0.5,0.59,0.0,2.5,11.709999999999999
1,2024-01-13 15:42:00,2024-01-13 16:13:00,3,3.3,1,6,3,2,13.34,1.0,5.62,6.55,2.5,29.01
1,2024-01-08 00:56:00,2024-01-08 01:01:00,1,3.84,1,222,156,2,16.92,0.0,0.0,0.0,0.0,16.92
2,2024-01-01 00:09:00,2024-01-01 00:55:00,4,0.96,1,81,173,2,5.63,0.0,0.0,6.55,2.5,14.68
1,2024-01-14 08:55:00,2024-01-14 09:10:00,4,1.31,3,3,24,1,3.67,0.0,2.14,0.0,2.5,8.31
2,2024-01-04 13:24:00,2024-01-04 14:11:00,3,4.34,1,60,75,1,17.26,1.0,0.0,0.0,2.5,20.76
1,2024-01-01 16:55:00,2024-01-01 17:07:00,4,1.04,1,221,40,1,7.8,0.0,0.6,0.0,0.0,8.4
1,2024-01-02 12:33:00,2024-01-02 13:11:00,1,3.63,3,49,40,1,10.16,1.0,1.24,0.0,0.0,12.4
2,2024-01-06 20:15:00,2024-01-06 20:26:00,3,6.51,1,228,62,1,21.22,0.0,4.54,6.55,2.5,34.809999999999995
2,2024-01-10 09:50:00,2024-01-10 10:19:00,2,2.24,3,193,238,1,6.27,1.0,3.99,0.0,2.5,13.76
2,2024-01-11 01:52:00,2024-01-11 02:28:00,4,3.11,1,257,245,2,10.05,1.0,6.24,0.0,2.5,19.79
2,2024-01-03 21:18:00,2024-01-03 22:11:00,4,3.76,2,103,18,2,11.27,0.5,0.81,6.55,0.0,19.13
1,2024-01-05 20:10:00,2024-01-05 20:13:00,1,4.29,1,146,140,1,17.04,1.0,1.08,0.0,0.0,19.119999999999997
1,2024-01-05 19:38:00,2024-01-05 20:12:00,1,1.16,1,257,82,2,6.54,0.0,0.04,0.0,0.0,6.58
1,2024-01-10 13:32:00,2024-01-10 13:59:00,1,0.12,3,189,189,2,2.5,0.5,6.3,0.0,2.5,11.8
2,2024-01-13 12:17:00,2024-01-13 12:48:00,3,1.18,3,178,108,1,8.5,0.0,0.88,0.0,0.0,9.38
1,2024-01-08 04:24:00,2024-01-08 04:33:00,2,2.58,3,16,234,1,7.22,1.0,1.14,0.0,2.5,11.86
1,2024-01-06 01:06:00,2024-01-06 01:57:00,3,1.38,1,86,104,2,7.69,0.5,5.24,0.0,0.0,13.430000000000001
1,2024-01-07 01:02:00,2024-01-07 01:07:00,2,3.18,1,248,134,1,9.87,1.0,1.65,6.55,2.5,21.57
2,2024-01-01 06:24:00,2024-01-01 06:46:00,2,1.02,1,217,33,1,4.94,1.0,0.0,6.55,0.0,12.49
2,2024-01-01 06:44:00,2024-01-01 07:06:00,2,2.32,2,42,237,1,10.76,0.0,0.0,0.0,0.0,10.76
1,2024-01-06 16:15:00,2024-01-06 16:47:00,3,0.47,1,194,178,1,5.62,0.0,1.52,0.0,0.0,7.140000000000001
1,2024-01-11 12:38:00,2024-01-11 13:15:00,3,3.18,1,163,12,1,15.25,0.0,0.0,0.0,0.0,15.25
2,2024-01-09 20:43:00,2024-01-09 21:20:00,1,1.81,1,130,229,1,7.86,0.5,0.0,0.0,2.5,10.86
2,2024-01-13 18:24:00,2024-01-13 19:15:00,2,0.52,2,177,131,2,5.22,0.0,0.0,6.55,2.5,14.27
2,2024-01-07 20:20:00,2024-01-07 21:01:00,1,0.79,1,27,249,1,4.12,1.0,0.07,0.0,2.5,7.69
2,2024-01-05 03:49:00,2024-01-05 04:18:00,2,3.18,3,85,58,1,12.36,0.5,0.9,0.0,0.0,13.76
1,2024-01-11 11:46:00,2024-01-11 12:14:00,1,1.52,1,196,4,1,8.35,0.0,0.0,0.0,2.5,10.85
2,2024-01-13 09:24:00,2024-01-13 09:40:00,1,0.56,1,243,236,2,4.32,0.0,0.0,6.55,0.0,10.870000000000001
1,2024-01-03 12:36:00,2024-01-03 12:55:00,3,7.86,2,177,173,2,22.01,0.0,2.07,6.55,0.0,30.630000000000003
2,2024-01-08 13:56:00,2024-01-08 14:16:00,4,2.89,1,130,36,1,11.92,1.0,1.63,6.55,0.0,21.1
1,2024-01-04 08:09:00,2024-01-04 08:56:00,1,7.24,1,145,237,1,24.18,0.0,0.0,0.0,2.5,26.68
1,2024-01-10 08:16:00,2024-01-10 09:10:00,1,1.28,1,83,58,1,4.88,1.0,0.0,6.55,0.0,12.43
2,2024-01-11 17:24:00,2024-01-11 17:55:00,2,1.48,3,88,18,2,4.14,0.5,3.34,6.55,0.0,14.53
1,2024-01-05 03:57:00,2024-01-05 04:19:00,4,5.25,2,20,36,2,21.39,0.0,1.62,6.55,0.0,29.560000000000002
1,2024-01-02 10:08:00,2024-01-02 10:37:00,3,1.71,2,230,129,1,9.02,1.0,1.02,0.0,0.0,11.04
1,2024-01-09 13:38:00,2024-01-09 13:58:00,1,2.83,1,126,1,1,10.35,0.0,7.4,0.0,2.5,20.25
2,2024-01-12 21:00:00,2024-01-12 21:06:00,3,0.67,2,51,64,1,2.5,0.0,0.38,0.0,2.5,5.38
2,2024-01-04 03:44:00,2024-01-04 03:47:00,1,1.36,1,88,62,1,4.75,0.5,0.0,0.0,2.5,7.75
2,2024-01-04 10:56:00,2024-01-04 11:48:00,4,0.3,1,170,146,1,7.1,0.5,0.0,0.0,2.5,10.1
1,2024-01-09 20:55:00,2024-01-09 20:58:00,3,0.53,1,63,17,1,4.83,1.0,1.65,0.0,2.5,9.98
1,2024-01-07 22:55:00,2024-01-07 23:23:00,4,0.0,3,89,98,1,2.5,1.0,1.77,0.0,0.0,5.27
1,2024-01-03 08:59:00,2024-01-03 09:46:00,2,0.09,2,189,227,1,4.53,1.0,0.21,0.0,2.5,8.24
1,2024-01-11 00:30:00,2024-01-11 00:52:00,1,8.7,2,190,243,2,25.32,0.5,2.38,0.0,2.5,30.7
2,2024-01-06 00:39:00,2024-01-06 01:33:00,1,0.64,1,89,201,1,8.54,1.0,2.21,0.0,2.5,14.25
1,2024-01-11 01:29:00,2024-01-11 01:54:00,1,2.5,1,26,179,1,13.38,0.5,3.23,0.0,2.5,19.61
1,2024-01-12 13:13:00,2024-01-12 13:25:00,4,4.2,1,176,234,2,13.59,0.5,0.0,0.0,2.5,16.59
1,2024-01-08 04:37:00,2024-01-08 04:50:00,2,1.84,2,42,112,1,6.58,0.0,0.0,0.0,0.0,6.58
2,2024-01-12 21:54:00,2024-01-12 22:37:00,2,0.38,2,119,66,1,2.5,0.0,2.31,0.0,2.5,7.3100000000000005
1,2024-01-04 00:43:00,2024-01-04 01:26:00,1,3.0,1,169,245,2,8.4,1.0,0.0,0.0,0.0,9.4
2,2024-01-08 01:36:00,2024-01-08 01:43:00,1,2.11,2,108,245,2,5.91,0.5,0.0,0.0,2.5,8.91
2,2024-01-13 03:01:00,2024-01-13 03:04:00,3,3.02,1,147,72,2,11.79,0.5,0.13,0.0,0.0,12.42
1,2024-01-06 20:27:00,2024-01-06 20:46:00,1,3.38,3,176,49,1,11.65,0.5,0.9,0.0,0.0,13.05
1,2024-01-06 23:00:00,2024-01-06 23:24:00,3,8.52,2,189,190,1,23.86,0.0,0.0,0.0,2.5,26.36
1,2024-01-04 08:58:00,2024-01-04 09:34:00,3,1.96,2,160,177,1,7.79,0.5,3.27,0.0,2.5,14.059999999999999
1,2024-01-07 23:20:00,2024-01-08 00:07:00,3,0.96,1,74,161,1,6.95,1.0,0.0,6.55,2.5,17.0
2,2024-01-14 07:58:00,2024-01-14 08:41:00,1,2.4,1,18,150,1,11.04,1.0,0.0,0.0,0.0,12.04
2,2024-01-14 17:18:00,2024-01-14 17:49:00,1,0.16,2,140,70,2,2.5,0.0,2.72,0.0,0.0,5.220000000000001
2,2024-01-11 14:14:00,2024-01-11 14:20:00,2,5.24,1,115,33,1,17.35,1.0,1.61,0.0,2.5,22.46
2,2024-01-08 23:10:00,2024-01-08 23:17:00,1,0.29,1,225,77,1,2.5,0.5,0.0,6.55,0.0,9.55
2,2024-01-01 20:52:00,2024-01-01 21:05:00,1,0.91,1,46,110,1,7.8,0.5,2.61,6.55,2.5,19.96
2,2024-01-05 20:36:00,2024-01-05 21:29:00,1,3.89,3,38,139,2,15.85,1.0,0.0,6.55,0.0,23.400000000000002
2,2024-01-09 10:53:00,2024-01-09 11:16:00,1,2.09,3,206,35,1,6.61,0.0,1.16,6.55,2.5,16.82
2,2024-01-04 05:53:00,2024-01-04 06:30:00,2,1.15,2,9,235,1,4.3,0.5,5.12,6.55,0.0,16.47
2,2024-01-11 23:01:00,2024-01-11 23:15:00,2,1.48,2,253,200,2,5.99,0.5,0.77,6.55,2.5,16.31
2,2024-01-10 01:31:00,2024-01-10 01:59:00,2,4.43,2,108,151,1,12.4,0.0,0.0,0.0,0.0,12.4
1,2024-01-05 18:41:00,2024-01-05 19:34:00,1,0.96,3,98,34,1,6.53,0.5,0.48,0.0,0.0,7.51
1,2024-01-05 19:49:00,2024-01-05 20:10:00,1,4.69,2,71,124,1,15.45,1.0,0.26,0.0,2.5,19.21
1,2024-01-07 14:41:00,2024-01-07 15:28:00,4,0.21,1,39,32,1,6.01,1.0,0.85,0.0,0.0,7.859999999999999
2,2024-01-06 13:37:00,2024-01-06 13:46:00,1,3.45,1,90,124,1,9.91,0.0,0.0,0.0,0.0,9.91
1,2024-01-05 19:41:00,2024-01-05 20:30:00,1,4.33,1,219,78,1,13.58,0.0,2.32,0.0,2.5,18.4
2,2024-01-08 02:09:00,2024-01-08 02:18:00,2,0.46,1,107,76,2,2.5,1.0,0.41,0.0,2.5,6.41
2,2024-01-13 07:15:00,2024-01-13 07:43:00,2,1.29,1,96,60,2,4.1,0.0,0.0,0.0,2.5,6.6
1,2024-01-07 15:10:00,2024-01-07 15:52:00,1,0.42,2,32,85,1,2.5,1.0,1.54,0.0,0.0,5.04
2,2024-01-04 05:17:00,2024-01-04 05:24:00,1,2.82,3,126,80,1,13.39,0.0,1.58,0.0,0.0,14.97
1,2024-01-04 08:54:00,2024-01-04 09:17:00,3,1.76,2,147,172,1,6.18,1.0,0.99,0.0,2.5,10.67
2,2024-01-14 14:01:00,2024-01-14 14:17:00,1,2.32,2,24,258,1,9.81,0.5,4.4,0.0,0.0,14.71
2,2024-01-08 04:00:00,2024-01-08 04:06:00,3,0.5,1,209,221,2,3.45,0.5,0.84,0.0,0.0,4.79
1,2024-01-13 21:24:00,2024-01-13 21:49:00,1,0.55,1,120,46,1,2.5,1.0,0.0,0.0,0.0,3.5
1,2024-01-04 09:32:00,2024-01-04 10:16:00,1,0.1,3,140,73,1,2.86,0.5,0.0,6.55,2.5,12.41
1,2024-01-05 21:23:00,2024-01-05 21:45:00,1,0.89,1,82,54,1,6.99,1.0,2.76,0.0,2.5,13.25
1,2024-01-12 11:21:00,2024-01-12 11:38:00,1,1.89,2,208,221,1,5.29,0.0,2.36,0.0,2.5,10.15
1,2024-01-14 18:56:00,2024-01-14 19:48:00,1,4.49,1,33,9,2,17.59,0.5,0.46,0.0,2.5,21.05
1,2024-01-14 08:16:00,2024-01-14 09:10:00,4,2.53,3,24,172,1,7.96,0.5,0.0,0.0,0.0,8.46
2,2024-01-14 20:43:00,2024-01-14 21:30:00,2,1.31,1,61,84,1,5.46,0.5,0.0,0.0,2.5,8.46
2,2024-01-03 21:24:00,2024-01-03 21:55:00,1,7.04,2,189,12,1,24.04,1.0,2.48,0.0,2.5,30.02
2,2024-01-06 12:21:00,2024-01-06 12:31:00,2,2.92,3,84,32,1,9.52,0.5,1.0,0.0,0.0,11.02
2,2024-01-10 23:48:00,2024-01-11 00:31:00,3,6.12,1,225,178,1,20.23,0.0,4.07,0.0,2.5,26.8
1,2024-01-04 20:49:00,2024-01-04 21:39:00,2,1.72,3,168,114,1,7.03,0.5,8.42,0.0,0.0,15.95
2,2024-01-03 23:40:00,2024-01-04 00:01:00,2,0.69,2,186,26,1,5.26,0.0,0.51,6.55,0.0,12.32
2,2024-01-05 08:29:00,2024-01-05 09:19:00,2,0.12,3,72,237,2,2.5,0.5,0.0,0.0,0.0,3.0
1,2024-01-03 15:38:00,2024-01-03 16:19:00,1,2.98,2,74,172,2,8.34,0.5,0.01,0.0,0.0,8.85
2,2024-01-09 08:15:00,2024-01-09 09:03:00,1,0.3,3,153,233,2,5.38,0.0,2.75,0.0,0.0,8.129999999999999
1,2024-01-09 11:54:00,2024-01-09 12:24:00,3,0.83,3,96,37,2,7.92,0.5,1.18,0.0,2.5,12.1
1,2024-01-13 16:50:00,2024-01-13 17:38:00,1,1.75,1,53,13,2,5.62,0.0,0.47,0.0,0.0,6.09
1,2024-01-05 08:14:00,2024-01-05 08:43:00,4,1.91,2,174,106,1,7.74,0.0,0.0,6.55,2.5,16.79
2,2024-01-12 21:44:00,2024-01-12 21:50:00,3,2.11,1,110,126,1,9.64,0.0,3.66,6.55,2.5,22.35
1,2024-01-06 02:30:00,2024-01-06 02:47:00,4,0.42,3,51,130,1,5.91,0.5,0.26,0.0,0.0,6.67
2,2024-01-11 13:03:00,2024-01-11 13:40:00,2,1.1,1,253,256,2,3.08,0.5,0.0,0.0,0.0,3.58
2,2024-01-05 07:58:00,2024-01-05 08:37:00,2,2.21,1,73,115,1,6.97,0.0,0.89,0.0,2.5,10.36
2,2024-01-05 05:30:00,2024-01-05 05:33:00,3,8.05,1,212,124,2,24.71,0.5,2.16,0.0,0.0,27.37
1,2024-01-09 01:57:00,2024-01-09 02:02:00,4,2.99,3,212,256,1,13.13,1.0,3.47,0.0,2.5,20.1
1,2024-01-09 18:47:00,2024-01-09 19:36:00,1,5.89,1,251,139,1,25.74,0.0,1.74,6.55,0.0,34.029999999999994
1,2024-01-07 21:11:00,2024-01-07 21:37:00,1,3.3,1,168,206,1,11.67,0.0,1.91,0.0,0.0,13.58
2,2024-01-06 21:12:00,2024-01-06 21:41:00,1,2.06,2,230,47,1,5.77,1.0,3.54,0.0,0.0,10.309999999999999
2,2024-01-13 16:31:00,2024-01-13 17:13:00,4,0.49,3,239,217,1,5.38,1.0,0.0,6.55,2.5,15.43
1,2024-01-03 06:26:00,2024-01-03 07:04:00,3,2.53,3,143,123,1,13.39,0.0,0.0,0.0,0.0,13.39
2,2024-01-01 11:06:00,2024-01-01 11:42:00,2,2.25,1,70,31,2,9.57,1.0,0.0,0.0,0.0,10.57
1,2024-01-03 21:48:00,2024-01-03 22:19:00,1,2.12,2,174,55,2,6.67,0.0,4.67,0.0,2.5,13.84
1,2024-01-12 20:15:00,2024-01-12 20:41:00,1,1.55,2,109,153,1,9.73,0.5,0.59,0.0,2.5,13.32
2,2024-01-08 01:21:00,2024-01-08 01:47:00,3,1.73,1,203,36,2,9.5,1.0,0.67,0.0,2.5,13.67
2,2024-01-08 20:34:00,2024-01-08 21:18:00,1,0.94,1,185,256,1,3.07,0.0,0.3,0.0,0.0,3.3699999999999997
1,2024-01-09 22:51:00,2024-01-09 22:57:00,2,1.68,2,92,178,1,8.66,0.0,3.77,0.0,2.5,14.93
2,2024-01-04 07:37:00,2024-01-04 07:42:00,1,0.51,1,259,36,2,6.92,0.0,1.17,0.0,2.5,10.59
1,2024-01-03 17:00:00,2024-01-03 17:36:00,1,3.76,1,206,254,1,16.48,1.0,0.94,6.55,2.5,27.470000000000002
1,2024-01-10 12:36:00,2024-01-10 13:27:00,1,0.47,3,52,162,1,4.15,0.5,8.76,0.0,0.0,13.41
2,2024-01-05 20:21:00,2024-01-05 20:46:00,4,0.2,3,181,21,1,2.66,0.5,5.75,0.0,0.0,8.91
1,2024-01-05 10:16:00,2024-01-05 11:10:00,1,1.32,1,3,75,2,9.76,1.0,7.87,6.55,0.0,25.18
2,2024-01-12 17:47:00,2024-01-12 18:12:00,4,2.47,3,84,207,2,6.92,0.0,0.34,0.0,2.5,9.76
1,2024-01-14 00:57:00,2024-01-14 01:44:00,1,1.32,2,214,178,1,7.79,0.0,0.0,0.0,0.0,7.79
2,2024-01-14 04:17:00,2024-01-14 04:24:00,2,0.75,2,34,37,2,2.5,0.0,0.88,0.0,0.0,3.38
2,2024-01-08 01:20:00,2024-01-08 01:53:00,1,1.88,1,50,120,2,10.93,1.0,0.03,0.0,2.5,14.459999999999999
1,2024-01-10 19:24:00,2024-01-10 20:07:00,3,0.98,2,259,118,2,5.1,1.0,0.0,0.0,0.0,6.1
2,2024-01-12 07:22:00,2024-01-12 07:30:00,4,6.21,3,258,1,1,23.56,0.0,0.0,0.0,0.0,23.56
2,2024-01-08 06:48:00,2024-01-08 07:27:00,1,5.89,3,182,209,1,20.72,0.0,0.25,6.55,2.5,30.02
1,2024-01-04 15:20:00,2024-01-04 15:32:00,1,1.61,3,33,208,1,4.51,0.0,1.7,0.0,2.5,8.71
2,2024-01-08 06:13:00,2024-01-08 06:55:00,4,0.91,1,40,154,2,9.11,1.0,3.77,6.55,2.5,22.93
1,2024-01-08 06:38:00,2024-01-08 06:47:00,4,3.07,2,210,250,1,15.47,1.0,0.0,6.55,2.5,25.52
2,2024-01-09 14:34:00,2024-01-09 15:15:00,1,0.09,1,136,171,2,5.46,0.5,0.96,0.0,2.5,9.42
1,2024-01-14 09:02:00,2024-01-14 09:42:00,1,1.48,2,87,107,1,5.24,0.0,0.0,0.0,2.5,7.74
1,2024-01-14 21:48:00,2024-01-14 22:11:00,2,0.94,2,60,143,2,4.87,0.0,0.0,0.0,2.5,7.37
1,2024-01-04 01:52:00,2024-01-04 02:14:00,2,5.82,1,164,8,2,19.66,0.5,0.11,6.55,2.5,29.32
1,2024-01-10 10:08:00,2024-01-10 10:13:00,1,0.03,2,3,94,1,2.5,0.0,1.3,0.0,0.0,3.8
2,2024-01-10 20:18:00,2024-01-10 21:11:00,4,1.85,1,15,97,1,12.41,0.5,0.68,0.0,0.0,13.59
1,2024-01-13 06:20:00,2024-01-13 06:44:00,1,3.1,3,102,7,2,12.04,1.0,4.93,6.55,0.0,24.52
2,2024-01-01 05:02:00,2024-01-01 05:51:00,2,1.53,3,255,12,1,4.28,0.5,0.0,0.0,0.0,4.78
1,2024-01-12 19:42:00,2024-01-12 19:48:00,4,0.21,1,225,2,2,4.44,0.5,0.0,0.0,0.0,4.94
2,2024-01-01 00:55:00,2024-01-01 01:25:00,1,8.26,3,210,7,2,25.26,1.0,0.0,6.55,2.5,35.31
1,2024-01-10 00:53:00,2024-01-10 01:07:00,2,1.68,1,23,12,2,7.52,0.0,4.82,6.55,2.5,21.39
2,2024-01-07 01:17:00,2024-01-07 01:57:00,1,2.19,1,235,57,1,8.21,0.5,0.53,0.0,2.5,11.74
2,2024-01-06 15:50:00,2024-01-06 16:43:00,3,0.62,1,131,78,1,6.75,0.5,2.28,0.0,0.0,9.53
1,2024-01-02 11:25:00,2024-01-02 12:03:00,2,1.52,3,158,74,1,10.06,0.0,0.32,0.0,0.0,10.38
1,2024-01-08 23:19:00,2024-01-09 00:08:00,2,1.29,2,173,233,1,7.32,0.5,6.77,6.55,2.5,23.64
1,2024-01-11 22:25:00,2024-01-11 23:08:00,4,0.18,1,17,30,1,2.66,1.0,1.98,0.0,2.5,8.14
2,2024-01-12 15:08:00,2024-01-12 15:15:00,1,0.26,1,185,95,2,3.62,0.5,2.17,0.0,0.0,6.29
2,2024-01-05 17:29:00,2024-01-05 17:44:00,4,4.18,3,184,56,1,14.75,0.0,1.25,0.0,0.0,16.0
2,2024-01-04 05:01:00,2024-01-04 05:26:00,1,0.63,1,143,10,2,2.76,0.0,0.0,0.0,2.5,5.26
2,2024-01-11 10:34:00,2024-01-11 11:26:00,1,0.5,2,44,147,2,5.85,0.5,0.53,0.0,0.0,6.88
1,2024-01-10 11:03:00,2024-01-10 11:35:00,3,1.62,1,12,87,2,8.69,0.0,2.04,0.0,0.0,10.73
1,2024-01-04 13:26:00,2024-01-04 14:05:00,1,3.37,1,8,253,1,16.29,0.0,0.0,0.0,2.5,18.79
1,2024-01-04 13:22:00,2024-01-04 13:49:00,3,0.15,3,80,187,1,6.56,0.5,0.98,0.0,2.5,10.54
1,2024-01-13 12:30:00,2024-01-13 13:20:00,2,1.98,2,162,233,1,6.83,0.5,4.72,6.55,0.0,18.6
2,2024-01-13 00:22:00,2024-01-13 00:51:00,1,0.29,3,216,253,2,5.86,0.0,0.0,0.0,2.5,8.36
2,2024-01-14 07:41:00,2024-01-14 08:34:00,2,0.09,3,248,224,1,2.5,0.5,0.0,0.0,2.5,5.5
1,2024-01-05 01:50:00,2024-01-05 02:06:00,4,0.12,1,29,4,1,5.08,1.0,0.95,0.0,0.0,7.03
2,2024-01-02 01:31:00,2024-01-02 02:21:00,1,4.13,3,133,112,2,13.27,0.5,1.05,0.0,0.0,14.82
1,2024-01-06 16:12:00,2024-01-06 17:01:00,1,0.29,1,5,193,1,2.5,0.0,0.0,0.0,2.5,5.0
2,2024-01-14 16:49:00,2024-01-14 17:27:00,3,0.11,2,244,141,2,4.01,1.0,2.79,0.0,0.0,7.8
2,2024-01-06 07:53:00,2024-01-06 08:34:00,3,1.32,1,30,140,1,3.7,0.0,2.8,0.0,2.5,9.0
2,2024-01-05 18:42:00,2024-01-05 19:00:00,1,4.27,2,117,95,2,11.96,0.0,1.44,0.0,2.5,15.9
2,2024-01-02 07:46:00,2024-01-02 08:10:00,1,0.7,1,178,41,1,4.52,1.0,1.63,0.0,0.0,7.1499999999999995
2,2024-01-03 03:26:00,2024-01-03 03:49:00,2,1.26,1,235,2,2,6.73,0.5,0.07,0.0,2.5,9.8
2,2024-01-10 09:03:00,2024-01-10 09:26:00,2,0.09,3,141,150,2,2.5,0.0,0.8,0.0,0.0,3.3
1,2024-01-06 15:52:00,2024-01-06 16:02:00,4,1.37,1,50,41,1,3.84,0.5,0.0,0.0,0.0,4.34
2,2024-01-04 23:50:00,2024-01-05 00:41:00,2,1.98,1,108,116,1,6.5,0.5,1.8,0.0,0.0,8.8
1,2024-01-09 20:52:00,2024-01-09 21:10:00,4,1.95,1,46,120,1,9.44,1.0,0.0,6.55,0.0,16.99
1,2024-01-08 03:07:00,2024-01-08 03:40:00,1,0.93,1,82,237,2,7.06,0.0,2.72,6.55,2.5,18.83
1,2024-01-01 17:42:00,2024-01-01 18:26:00,2,0.87,2,126,9,1,5.4,1.0,2.78,0.0,2.5,11.68
1,2024-01-13 18:00:00,2024-01-13 18:12:00,2,0.26,1,84,239,1,6.62,1.0,0.59,0.0,2.5,10.71
1,2024-01-13 06:40:00,2024-01-13 07:14:00,1,1.05,1,71,118,1,6.93,0.0,3.24,0.0,0.0,10.17
1,2024-01-05 07:49:00,2024-01-05 08:25:00,3,0.24,1,175,10,1,2.5,0.0,0.04,0.0,2.5,5.04
2,2024-01-12 11:09:00,2024-01-12 11:20:00,1,3.35,3,91,25,1,11.68,1.0,0.0,6.55,2.5,21.73
2,2024-01-11 12:27:00,2024-01-11 12:46:00,4,7.8,1,249,173,2,21.84,1.0,0.24,0.0,0.0,23.08
2,2024-01-04 05:12:00,2024-01-04 05:25:00,2,8.07,1,132,225,1,25.33,1.0,2.88,6.55,0.0,35.76
1,2024-01-05 08:48:00,2024-01-05 09:22:00,2,4.61,1,169,11,1,18.69,0.0,1.65,0.0,2.5,22.84
1,2024-01-03 11:56:00,2024-01-03 12:08:00,1,2.11,2,60,101,1,10.62,0.0,0.0,0.0,2.5,13.12
1,2024-01-08 23:15:00,2024-01-08 23:39:00,1,2.78,1,241,83,2,14.29,1.0,2.58,0.0,0.0,17.869999999999997
2,2024-01-05 06:48:00,2024-01-05 07:07:00,2,0.77,1,190,221,1,4.4,0.0,0.08,0.0,0.0,4.48
2,2024-01-07 19:15:00,2024-01-07 19:21:00,1,2.29,2,232,219,1,12.78,0.0,0.0,0.0,0.0,12.78
2,2024-01-06 06:01:00,2024-01-06 06:51:00,4,1.4,3,15,89,1,6.44,0.0,2.11,0.0,2.5,11.05
1,2024-01-06 17:38:00,2024-01-06 18:32:00,4,1.51,3,41,15,2,10.91,0.5,4.13,0.0,2.5,18.04
1,2024-01-12 12:56:00,2024-01-12 13:45:00,3,3.26,2,208,246,2,12.07,0.5,1.06,0.0,0.0,13.63
1,2024-01-05 10:11:00,2024-01-05 10:38:00,1,0.76,2,60,176,2,6.9,1.0,0.66,0.0,0.0,8.56
2,2024-01-10 23:29:00,2024-01-10 23:52:00,4,0.88,1,240,4,2,9.15,0.5,1.61,0.0,2.5,13.76
1,2024-01-09 23:10:00,2024-01-09 23:49:00,2,5.95,1,96,21,1,19.18,1.0,0.0,0.0,0.0,20.18
1,2024-01-06 12:23:00,2024-01-06 13:03:00,2,0.13,1,160,208,1,3.91,1.0,1.2,0.0,0.0,6.11
1,2024-01-09 11:19:00,2024-01-09 12:10:00,2,1.53,1,209,137,1,10.51,0.0,4.61,0.0,0.0,15.120000000000001
1,2024-01-11 22:08:00,2024-01-11 22:11:00,1,5.61,1,133,216,1,18.38,1.0,1.63,0.0,2.5,23.509999999999998
2,2024-01-05 16:18:00,2024-01-05 16:45:00,1,2.17,1,97,117,1,6.08,1.0,0.08,0.0,2.5,9.66
2,2024-01-12 01:13:00,2024-01-12 02:06:00,1,1.82,3,219,179,1,13.45,1.0,0.56,6.55,0.0,21.56
1,2024-01-02 17:12:00,2024-01-02 17:50:00,1,0.66,1,71,246,1,3.67,1.0,0.0,0.0,2.5,7.17
1,2024-01-14 06:43:00,2024-01-14 07:02:00,2,0.97,1,134,128,1,6.11,0.0,2.63,0.0,0.0,8.74
2,2024-01-11 21:19:00,2024-01-11 22:02:00,1,4.4,1,66,78,2,18.21,0.0,0.55,0.0,2.5,21.26
2,2024-01-02 05:21:00,2024-01-02 05:47:00,2,1.88,1,127,229,2,6.74,1.0,0.0,6.55,2.5,16.79
1,2024-01-08 01:27:00,2024-01-08 01:31:00,2,1.66,2,205,82,2,5.13,0.5,0.0,6.55,0.0,12.18
2,2024-01-08 07:54:00,2024-01-08 08:36:00,4,0.24,1,117,66,1,4.31,0.5,1.67,0.0,0.0,6.4799999999999995
2,2024-01-12 23:40:00,2024-01-12 23:57:00,4,0.04,2,149,96,1,2.5,1.0,0.04,6.55,2.5,12.59
1,2024-01-10 21:57:00,2024-01-10 22:31:00,1,7.63,2,194,145,1,23.64,0.0,4.76,0.0,2.5,30.9
2,2024-01-03 15:32:00,2024-01-03 16:13:00,1,1.09,1,168,65,1,6.66,1.0,3.42,0.0,0.0,11.08
2,2024-01-13 09:24:00,2024-01-13 09:32:00,1,2.13,1,179,9,1,8.29,1.0,0.48,0.0,0.0,9.77
2,2024-01-13 13:57:00,2024-01-13 14:00:00,1,0.19,1,148,186,1,2.5,0.0,5.95,0.0,0.0,8.45
2,2024-01-02 02:45:00,2024-01-02 03:34:00,3,2.64,1,57,158,2,14.38,0.5,0.84,6.55,0.0,22.27
1,2024-01-04 21:42:00,2024-01-04 22:07:00,2,6.2,1,5,31,1,20.62,1.0,2.59,0.0,0.0,24.21
2,2024-01-05 16:47:00,2024-01-05 17:28:00,4,1.97,1,14,151,2,12.09,0.0,3.76,0.0,2.5,18.35
2,2024-01-09 01:33:00,2024-01-09 01:52:00,2,0.31,1,216,242,2,3.22,0.0,2.97,0.0,0.0,6.19
1,2024-01-14 19:41:00,2024-01-14 20:17:00,1,2.0,3,175,156,1,6.4,1.0,5.49,0.0,0.0,12.89
2,2024-01-08 08:29:00,2024-01-08 09:12:00,1,3.34,1,3,59,2,13.02,0.0,4.39,0.0,0.0,17.41
1,2024-01-10 15:58:00,2024-01-10 16:29:00,1,1.2,1,137,10,2,5.82,1.0,0.0,0.0,2.5,9.32
1,2024-01-14 23:19:00,2024-01-14 23:30:00,2,4.87,1,100,124,2,13.69,0.5,0.0,0.0,2.5,16.689999999999998
2,2024-01-10 01:26:00,2024-01-10 01:41:00,3,2.41,1,83,237,1,13.42,1.0,0.0,0.0,2.5,16.92
2,2024-01-02 19:10:00,2024-01-02 19:18:00,4,5.28,2,132,17,1,16.23,0.5,2.22,0.0,0.0,18.95
2,2024-01-13 02:47:00,2024-01-13 02:55:00,3,2.25,1,1,23,1,6.3,0.0,2.91,6.55,0.0,15.760000000000002
2,2024-01-04 00:04:00,2024-01-04 00:26:00,2,0.32,1,116,9,1,7.22,1.0,1.68,0.0,2.5,12.399999999999999
2,2024-01-08 11:47:00,2024-01-08 12:41:00,1,0.85,2,202,207,2,4.12,0.0,0.17,0.0,2.5,6.79
1,2024-01-07 07:51:00,2024-01-07 07:56:00,3,0.52,1,140,45,1,2.94,1.0,4.05,0.0,0.0,7.99
2,2024-01-04 17:02:00,2024-01-04 17:21:00,1,5.51,1,146,27,1,15.43,0.0,7.13,6.55,2.5,31.61
1,2024-01-12 09:09:00,2024-01-12 10:00:00,1,3.29,3,202,188,2,16.56,0.5,0.0,6.55,2.5,26.11
2,2024-01-07 00:19:00,2024-01-07 00:33:00,2,2.59,1,152,140,1,7.25,1.0,0.56,0.0,0.0,8.81
1,2024-01-10 18:03:00,2024-01-10 18:53:00,2,0.82,3,222,9,1,5.44,0.0,0.04,6.55,2.5,14.530000000000001
2,2024-01-07 03:17:00,2024-01-07 04:06:00,3,0.47,3,79,234,1,6.6,1.0,0.6,0.0,0.0,8.2
2,2024-01-01 01:57:00,2024-01-01 02:44:00,3,3.25,1,200,92,1,13.15,1.0,2.65,6.55,2.5,25.85
2,2024-01-10 15:57:00,2024-01-10 16:00:00,1,1.48,1,250,77,2,6.99,0.5,0.0,0.0,2.5,9.99
2,2024-01-14 03:35:00,2024-01-14 03:54:00,4,0.59,1,99,244,1,2.5,0.0,0.22,0.0,0.0,2.72
2,2024-01-10 22:29:00,2024-01-10 22:34:00,2,2.21,2,213,155,1,7.16,1.0,1.77,6.55,2.5,18.98
1,2024-01-10 04:34:00,2024-01-10 05:02:00,3,0.09,1,143,218,1,3.72,1.0,2.62,0.0,0.0,7.340000000000001
2,2024-01-04 20:40:00,2024-01-04 20:57:00,3,0.91,1,190,150,2,3.58,1.0,0.71,0.0,2.5,7.79
2,2024-01-01 14:06:00,2024-01-01 14:44:00,2,1.45,1,52,88,1,7.57,1.0,0.0,0.0,2.5,11.07
2,2024-01-08 14:34:00,2024-01-08 15:08:00,2,0.37,1,112,106,1,5.74,1.0,2.76,0.0,0.0,9.5
1,2024-01-10 12:23:00,2024-01-10 12:57:00,1,9.61,1,135,95,1,32.31,0.0,0.0,6.55,0.0,38.86
2,2024-01-11 16:25:00,2024-01-11 16:31:00,2,0.54,1,112,253,1,2.5,1.0,0.0,0.0,2.5,6.0
1,2024-01-10 13:06:00,2024-01-10 13:26:00,1,0.32,1,13,39,2,9.39,1.0,3.03,0.0,0.0,13.42
2,2024-01-05 11:49:00,2024-01-05 12:40:00,2,0.52,1,233,255,2,6.37,1.0,0.79,0.0,0.0,8.16
1,2024-01-07 11:33:00,2024-01-07 11:54:00,2,3.37,1,44,54,1,12.43,0.0,0.53,0.0,0.0,12.959999999999999
2,2024-01-12 12:48:00,2024-01-12 13:33:00,1,1.27,1,73,243,1,9.28,1.0,0.46,0.0,0.0,10.74
2,2024-01-09 21:39:00,2024-01-09 22:33:00,1,1.92,1,231,110,2,14.29,1.0,0.98,0.0,2.5,18.77
1,2024-01-03 22:08:00,2024-01-03 22:45:00,2,0.05,1,33,254,1,2.5,0.5,0.0,0.0,2.5,5.5
2,2024-01-05 08:43:00,2024-01-05 09:25:00,2,0.08,1,68,112,1,2.66,0.5,0.0,0.0,0.0,3.16
1,2024-01-02 10:08:00,2024-01-02 10:24:00,1,1.36,3,16,174,2,3.81,1.0,2.32,6.55,2.5,16.18
2,2024-01-05 07:53:00,2024-01-05 08:28:00,2,3.9,1,150,189,1,14.4,1.0,0.0,6.55,2.5,24.45
2,2024-01-09 23:41:00,2024-01-09 23:57:00,2,4.98,1,102,221,1,17.86,0.5,0.17,0.0,2.5,21.03
1,2024-01-09 18:07:00,2024-01-09 18:43:00,1,0.21,3,186,249,1,3.49,0.0,0.0,6.55,2.5,12.54
2,2024-01-07 18:45:00,2024-01-07 18:51:00,1,1.78,1,25,52,2,6.35,0.0,1.85,0.0,2.5,10.7
1,2024-01-02 06:28:00,2024-01-02 06:54:00,2,5.62,1,72,162,2,15.74,0.5,0.84,0.0,2.5,19.580000000000002
1,2024-01-02 07:57:00,2024-01-02 08:28:00,3,1.13,1,81,35,2,7.1,1.0,1.19,0.0,0.0,9.29
2,2024-01-05 20:28:00,2024-01-05 20:49:00,2,4.07,2,61,37,1,18.03,0.5,2.74,0.0,2.5,23.770000000000003
2,2024-01-13 18:50:00,2024-01-13 18:58:00,4,0.33,1,18,111,1,2.5,0.0,0.02,0.0,2.5,5.02
2,2024-01-11 03:14:00,2024-01-11 03:49:00,1,6.3,2,242,177,1,21.74,0.5,0.71,0.0,0.0,22.95
1,2024-01-14 23:28:00,2024-01-15 00:19:00,2,3.2,1,58,9,1,8.96,0.0,0.34,0.0,0.0,9.3
1,2024-01-10 00:17:00,2024-01-10 00:59:00,1,6.52,2,57,121,2,22.4,1.0,0.3,0.0,2.5,26.2
2,2024-01-01 00:09:00,2024-01-01 00:30:00,1,2.6,3,97,105,1,9.3,1.0,0.0,0.0,2.5,12.8
1,2024-01-12 13:24:00,2024-01-12 13:27:00,4,1.04,1,215,156,2,4.01,1.0,1.04,0.0,2.5,8.55
1,2024-01-07 20:25:00,2024-01-07 20:32:00,3,6.4,1,12,26,1,19.02,0.0,1.65,6.55,2.5,29.72
1,2024-01-02 12:59:00,2024-01-02 13:28:00,1,0.74,2,11,25,2,4.09,0.5,2.91,6.55,0.0,14.05
1,2024-01-05 21:21:00,2024-01-05 21:39:00,1,0.93,1,163,69,1,6.56,1.0,0.11,0.0,0.0,7.67
2,2024-01-13 19:24:00,2024-01-13 19:32:00,4,2.78,2,217,151,1,7.78,0.0,0.0,0.0,0.0,7.78
2,2024-01-04 16:07:00,2024-01-04 16:49:00,2,3.33,1,241,65,1,11.33,1.0,0.0,0.0,0.0,12.33
2,2024-01-02 02:59:00,2024-01-02 03:14:00,2,6.1,1,45,150,1,19.98,0.5,0.0,0.0,0.0,20.48
1,2024-01-06 21:52:00,2024-01-06 22:42:00,1,0.53,1,81,245,1,2.5,1.0,1.03,0.0,0.0,4.53
1,2024-01-01 22:22:00,2024-01-01 22:59:00,1,3.68,1,255,58,1,17.8,0.0,0.0,0.0,2.5,20.3
1,2024-01-08 08:08:00,2024-01-08 08:29:00,3,3.09,1,67,156,2,9.52,0.0,3.11,0.0,2.5,15.129999999999999
1,2024-01-14 08:16:00,2024-01-14 08:30:00,2,0.15,1,102,112,1,2.5,1.0,0.77,0.0,2.5,6.77
2,2024-01-14 08:08:00,2024-01-14 08:26:00,1,1.13,1,91,123,1,3.72,1.0,0.27,0.0,0.0,4.99
1,2024-01-13 18:18:00,2024-01-13 19:03:00,1,0.76,3,42,203,2,9.62,0.0,0.0,0.0,2.5,12.12
1,2024-01-10 21:11:00,2024-01-10 21:23:00,3,0.84,3,77,4,2,6.73,1.0,0.0,0.0,0.0,7.73
2,2024-01-03 10:10:00,2024-01-03 10:37:00,1,9.36,2,234,129,2,26.87,1.0,0.12,0.0,0.0,27.990000000000002
2,2024-01-07 11:10:00,2024-01-07 11:32:00,1,2.37,1,202,26,2,12.4,1.0,0.0,0.0,2.5,15.9
2,2024-01-06 13:04:00,2024-01-06 13:37:00,2,2.91,1,221,27,1,11.65,0.5,0.0,6.55,2.5,21.2
1,2024-01-13 11:48:00,2024-01-13 11:54:00,2,8.64,3,39,42,1,27.84,0.5,0.0,0.0,2.5,30.84
1,2024-01-09 11:39:00,2024-01-09 12:25:00,1,1.09,1,11,71,1,5.19,0.5,0.16,0.0,2.5,8.350000000000001
1,2024-01-01 03:55:00,2024-01-01 04:20:00,3,3.72,1,112,64,1,11.54,1.0,1.28,6.55,0.0,20.369999999999997
1,2024-01-08 01:21:00,2024-01-08 01:25:00,2,1.31,1,108,25,2,7.51,0.0,0.0,0.0,2.5,10.01
1,2024-01-02 07:48:00,2024-01-02 08:12:00,1,4.68,1,94,72,1,14.74,1.0,0.13,0.0,0.0,15.870000000000001
1,2024-01-06 22:47:00,2024-01-06 23:40:00,4,0.46,1,84,95,1,8.83,1.0,0.0,0.0,0.0,9.83
2,2024-01-03 10:50:00,2024-01-03 11:29:00,1,6.79,1,58,117,1,19.01,0.5,1.02,0.0,2.5,23.03
1,2024-01-04 15:36:00,2024-01-04 15:46:00,4,0.57,2,16,164,1,8.44,0.0,0.0,6.55,0.0,14.989999999999998
2,2024-01-14 04:59:00,2024-01-14 05:08:00,4,0.91,2,93,65,1,5.27,0.5,6.01,0.0,2.5,14.28
2,2024-01-06 16:02:00,2024-01-06 16:18:00,4,3.25,3,165,228,1,12.85,0.0,0.0,0.0,0.0,12.85
2,2024-01-14 03:44:00,2024-01-14 03:49:00,1,1.15,2,215,200,1,8.3,1.0,0.75,6.55,0.0,16.6
1,2024-01-04 18:15:00,2024-01-04 19:07:00,1,2.16,1,144,220,2,7.47,1.0,0.0,0.0,0.0,8.469999999999999
1,2024-01-03 08:31:00,2024-01-03 08:49:00,1,1.35,2,138,180,2,8.94,1.0,1.03,0.0,2.5,13.469999999999999
2,2024-01-08 17:57:00,2024-01-08 18:18:00,4,3.12,1,204,228,1,8.74,0.0,0.31,0.0,2.5,11.55
1,2024-01-05 03:11:00,2024-01-05 04:04:00,1,0.6,1,210,252,1,2.88,0.5,0.6,0.0,2.5,6.48
1,2024-01-06 13:27:00,2024-01-06 13:47:00,4,0.14,1,19,4,1,2.5,0.5,2.26,6.55,2.5,14.309999999999999
2,2024-01-07 07:04:00,2024-01-07 07:58:00,1,0.82,3,162,141,1,2.5,0.5,0.0,6.55,0.0,9.55
1,2024-01-11 18:44:00,2024-01-11 19:02:00,3,1.48,1,130,166,2,6.61,0.0,0.0,6.55,2.5,15.66
1,2024-01-14 09:22:00,2024-01-14 09:32:00,4,0.42,1,44,254,1,5.14,0.0,0.0,0.0,0.0,5.14
1,2024-01-01 01:17:00,2024-01-01 01:52:00,2,1.01,2,83,153,1,7.58,1.0,0.0,6.55,2.5,17.63
1,2024-01-06 06:17:00,2024-01-06 07:08:00,1,1.17,2,124,67,2,6.88,0.5,2.53,0.0,0.0,9.91
2,2024-01-12 19:04:00,2024-01-12 19:18:00,4,0.14,1,27,55,2,2.5,0.0,3.84,0.0,0.0,6.34
2,2024-01-10 18:20:00,2024-01-10 18:33:00,1,2.01,2,7,96,1,9.55,0.5,0.0,0.0,0.0,10.05
1,2024-01-13 02:49:00,2024-01-13 02:56:00,4,4.96,2,199,167,1,17.2,0.5,2.28,0.0,0.0,19.98
1,2024-01-13 20:40:00,2024-01-13 21:09:00,2,0.38,1,112,62,1,6.4,0.0,0.0,0.0,0.0,6.4
1,2024-01-08 07:35:00,2024-01-08 07:49:00,4,2.09,1,89,174,1,10.79,0.0,0.13,0.0,0.0,10.92
2,2024-01-07 14:30:00,2024-01-07 14:49:00,2,2.51,1,128,253,1,10.1,1.0,0.4,0.0,2.5,14.0
1,2024-01-05 19:43:00,2024-01-05 19:51:00,3,1.25,1,230,112,1,4.26,1.0,1.18,0.0,0.0,6.4399999999999995
1,2024-01-09 07:14:00,2024-01-09 07:49:00,1,2.78,1,18,215,1,9.15,1.0,1.03,0.0,2.5,13.68
2,2024-01-06 10:04:00,2024-01-06 10:11:00,3,1.22,3,161,239,1,5.04,0.5,1.19,0.0,2.5,9.23
1,2024-01-05 13:25:00,2024-01-05 13:55:00,1,1.62,3,166,227,1,6.75,0.5,0.51,0.0,2.5,10.26
2,2024-01-05 03:44:00,2024-01-05 04:00:00,1,0.02,1,190,230,1,3.73,1.0,0.0,0.0,0.0,4.73
1,2024-01-04 05:50:00,2024-01-04 05:57:00,2,2.71,2,217,233,1,12.38,0.5,1.57,0.0,0.0,14.450000000000001
2,2024-01-13 21:34:00,2024-01-13 22:09:00,4,2.49,3,207,163,1,9.84,0.5,5.79,6.55,0.0,22.68
1,2024-01-07 09:04:00,2024-01-07 09:56:00,1,0.09,1,153,126,1,3.29,0.5,1.09,6.55,0.0,11.43
1,2024-01-14 06:16:00,2024-01-14 07:06:00,3,1.06,3,181,253,2,6.33,0.5,0.1,0.0,0.0,6.93
2,2024-01-02 12:32:00,2024-01-02 13:15:00,2,8.89,1,212,199,2,26.6,0.0,2.69,6.55,2.5,38.34
2,2024-01-01 20:48:00,2024-01-01 21:09:00,3,1.26,1,203,197,1,4.21,0.0,0.76,6.55,0.0,11.52
2,2024-01-08 19:26:00,2024-01-08 19:50:00,4,1.6,1,205,122,2,4.48,1.0,0.0,0.0,2.5,7.98
2,2024-01-09 21:10:00,2024-01-09 21:17:00,2,5.54,3,153,54,1,16.77,1.0,0.86,0.0,0.0,18.63
2,2024-01-13 18:21:00,2024-01-13 18:25:00,1,2.91,1,170,135,2,12.33,0.5,2.83,0.0,0.0,15.66
1,2024-01-03 13:27:00,2024-01-03 13:59:00,1,2.01,1,241,151,1,6.87,0.5,3.76,0.0,2.5,13.629999999999999
2,2024-01-03 18:58:00,2024-01-03 19:47:00,2,3.68,3,245,100,1,12.71,0.0,0.0,0.0,2.5,15.21
2,2024-01-08 20:22:00,2024-01-08 21:03:00,4,4.59,1,80,234,1,17.02,0.5,0.86,0.0,0.0,18.38
2,2024-01-02 08:50:00,2024-01-02 08:56:00,2,1.4,2,92,32,1,8.22,0.5,0.82,0.0,0.0,9.540000000000001
2,2024-01-06 19:49:00,2024-01-06 20:24:00,1,1.48,2,149,62,1,4.45,1.0,0.0,0.0,2.5,7.95
1,2024-01-13 05:06:00,2024-01-13 05:21:00,3,1.12,1,30,196,1,8.63,0.5,5.96,6.55,0.0,21.64
1,2024-01-11 16:14:00,2024-01-11 16:36:00,4,7.83,1,123,30,1,27.74,0.0,0.0,0.0,0.0,27.74
1,2024-01-05 00:28:00,2024-01-05 00:37:00,3,2.75,1,29,243,2,7.88,0.5,0.0,6.55,0.0,14.93
1,2024-01-04 18:08:00,2024-01-04 18:25:00,1,0.2,1,259,106,2,2.5,0.5,2.39,0.0,0.0,5.390000000000001
1,2024-01-07 13:26:00,2024-01-07 13:51:00,4,4.57,1,186,133,2,18.77,0.5,1.3,6.55,0.0,27.12
2,2024-01-01 15:22:00,2024-01-01 15:38:00,2,1.51,2,75,22,2,6.86,0.5,7.91,0.0,0.0,15.27
1,2024-01-01 06:59:00,2024-01-01 07:24:00,3,0.16,1,45,156,1,2.5,0.5,3.76,0.0,2.5,9.26
1,2024-01-13 21:48:00,2024-01-13 22:09:00,1,1.84,3,69,214,1,5.15,0.0,0.0,0.0,0.0,5.15
2,2024-01-08 11:49:00,2024-01-08 12:20:00,1,1.24,2,210,226,2,5.85,1.0,2.8,6.55,2.5,18.7
2,2024-01-01 18:40:00,2024-01-01 19:02:00,1,4.83,3,239,171,1,13.62,0.5,1.46,6.55,0.0,22.13
1,2024-01-08 19:40:00,2024-01-08 20:11:00,4,0.52,3,192,42,2,3.42,1.0,0.0,0.0,2.5,6.92
1,2024-01-13 00:54:00,2024-01-13 01:20:00,1,4.03,1,103,60,2,14.36,1.0,2.64,6.55,0.0,24.55
2,2024-01-02 14:56:00,2024-01-02 15:16:00,4,1.88,1,241,77,1,11.92,0.0,1.74,0.0,2.5,16.16
1,2024-01-04 17:33:00,2024-01-04 17:45:00,1,0.13,3,253,202,2,2.64,1.0,0.07,0.0,2.5,6.21
2,2024-01-02 13:23:00,2024-01-02 14:06:00,2,8.21,1,220,220,1,28.67,0.5,2.29,0.0,0.0,31.46
2,2024-01-14 05:09:00,2024-01-14 05:19:00,2,1.65,3,217,187,2,11.19,0.5,0.0,0.0,2.5,14.19
1,2024-01-04 04:52:00,2024-01-04 05:20:00,2,0.79,3,202,96,1,8.8,0.5,0.34,0.0,2.5,12.14
1,2024-01-10 16:26:00,2024-01-10 16:57:00,1,1.46,1,29,212,1,7.8,0.5,0.0,6.55,0.0,14.850000000000001
1,2024-01-13 16:09:00,2024-01-13 16:21:00,4,4.49,1,212,77,1,12.57,0.0,1.94,0.0,0.0,14.51
2,2024-01-08 17:04:00,2024-01-08 17:23:00,3,0.84,2,154,31,2,6.5,1.0,0.33,0.0,2.5,10.33
2,2024-01-10 07:49:00,2024-01-10 07:53:00,1,0.49,1,231,39,2,6.99,0.0,0.0,0.0,0.0,6.99
1,2024-01-05 10:11:00,2024-01-05 10:19:00,3,0.32,1,102,214,2,3.69,1.0,0.06,0.0,2.5,7.249999999999999
1,2024-01-05 09:59:00,2024-01-05 10:06:00,1,0.81,2,177,126,2,9.63,0.0,0.24,0.0,0.0,9.870000000000001
1,2024-01-06 11:03:00,2024-01-06 11:33:00,1,3.48,1,181,165,1,14.89,0.0,0.27,0.0,2.5,17.66
2,2024-01-03 05:48:00,2024-01-03 06:31:00,1,1.47,1,232,246,2,8.54,0.0,1.65,0.0,2.5,12.69
2,2024-01-14 23:03:00,2024-01-14 23:10:00,3,0.59,1,12,109,1,7.37,0.5,0.0,0.0,2.5,10.370000000000001
2,2024-01-10 23:42:00,2024-01-11 00:02:00,3,0.42,1,186,88,1,5.01,0.5,1.14,6.55,2.5,15.7
1,2024-01-14 00:35:00,2024-01-14 01:03:00,2,0.93,1,249,200,1,2.6,0.0,0.75,0.0,0.0,3.35
2,2024-01-03 00:11:00,2024-01-03 00:33:00,4,6.47,1,135,51,1,19.87,1.0,3.65,0.0,2.5,27.02
2,2024-01-03 14:36:00,2024-01-03 15:19:00,2,0.97,1,245,198,1,8.71,1.0,0.0,0.0,0.0,9.71
1,2024-01-11 22:50:00,2024-01-11 23:41:00,1,10.2,1,31,23,1,29.54,0.5,0.72,0.0,0.0,30.759999999999998
2,2024-01-12 10:38:00,2024-01-12 11:07:00,3,1.53,3,259,153,1,6.73,0.0,0.0,0.0,2.5,9.23
1,2024-01-02 20:34:00,2024-01-02 21:25:00,4,0.45,3,104,223,1,2.5,0.5,0.0,0.0,2.5,5.5
2,2024-01-05 18:58:00,2024-01-05 19:12:00,1,5.1,1,1,221,2,21.74,0.5,0.96,0.0,2.5,25.7
1,2024-01-08 01:07:00,2024-01-08 01:16:00,1,1.42,1,207,151,2,11.18,0.5,0.0,0.0,2.5,14.18
1,2024-01-01 13:13:00,2024-01-01 13:18:00,1,2.84,1,135,73,1,8.74,0.0,0.0,0.0,0.0,8.74
2,2024-01-02 11:16:00,2024-01-02 11:28:00,2,9.47,1,89,77,1,29.88,0.0,3.78,0.0,2.5,36.16
1,2024-01-05 00:19:00,2024-01-05 00:55:00,2,0.12,1,195,32,2,2.5,0.5,0.39,0.0,2.5,5.890000000000001
2,2024-01-09 12:58:00,2024-01-09 13:25:00,4,0.23,3,122,65,2,5.18,0.0,3.33,0.0,0.0,8.51
1,2024-01-10 19:53:00,2024-01-10 20:30:00,1,2.93,2,116,18,1,12.48,1.0,2.47,0.0,0.0,15.950000000000001
1,2024-01-08 17:11:00,2024-01-08 17:29:00,1,0.76,1,196,164,1,7.16,1.0,0.87,6.55,2.5,18.08
1,2024-01-08 11:49:00,2024-01-08 11:53:00,4,0.47,1,36,54,1,5.15,0.5,1.74,0.0,2.5,9.89
2,2024-01-08 21:57:00,2024-01-08 22:23:00,1,0.09,1,67,63,1,10.59,1.0,0.0,0.0,2.5,14.09
1,2024-01-10 00:39:00,2024-01-10 00:51:00,2,0.05,1,133,257,1,2.5,0.5,0.3,0.0,2.5,5.8
1,2024-01-01 13:34:00,2024-01-01 14:14:00,1,3.43,3,11,239,2,9.6,0.5,0.0,0.0,2.5,12.6
2,2024-01-12 14:49:00,2024-01-12 15:13:00,2,0.33,2,218,9,1,2.94,0.5,1.85,6.55,2.5,14.34
1,2024-01-08 07:41:00,2024-01-08 08:09:00,1,1.45,1,156,120,1,4.06,0.0,4.67,6.55,2.5,17.78
1,2024-01-02 16:43:00,2024-01-02 17:28:00,3,2.14,1,240,90,1,5.99,0.0,0.0,0.0,2.5,8.49
1,2024-01-08 06:17:00,2024-01-08 06:58:00,4,1.29,3,60,175,1,4.11,0.0,0.18,0.0,2.5,6.79
1,2024-01-08 05:00:00,2024-01-08 05:29:00,1,0.06,1,138,3,1,2.5,0.0,0.51,0.0,2.5,5.51
2,2024-01-06 09:43:00,2024-01-06 10:14:00,2,3.52,1,50,130,2,10.47,0.5,0.0,6.55,0.0,17.52
1,2024-01-08 23:13:00,2024-01-09 00:02:00,1,0.02,1,167,54,2,4.35,0.0,0.0,0.0,0.0,4.35
1,2024-01-13 01:28:00,2024-01-13 02:08:00,2,3.3,3,165,184,2,10.97,1.0,4.36,6.55,2.5,25.380000000000003
2,2024-01-11 15:28:00,2024-01-11 15:50:00,1,5.15,1,189,224,1,16.97,1.0,0.0,0.0,2.5,20.47
1,2024-01-01 13:47:00,2024-01-01 14:16:00,3,1.3,1,92,12,1,8.88,0.0,0.0,0.0,2.5,11.38
1,2024-01-14 19:55:00,2024-01-14 20:38:00,2,1.76,2,75,195,2,6.01,1.0,0.32,6.55,2.5,16.38
2,2024-01-05 23:07:00,2024-01-05 23:29:00,3,1.49,1,45,247,2,6.51,1.0,3.7,0.0,2.5,13.71
2,2024-01-04 02:11:00,2024-01-04 02:57:00,2,1.13,1,53,154,1,7.08,0.0,5.83,0.0,0.0,12.91
2,2024-01-11 15:43:00,2024-01-11 16:04:00,1,5.02,1,175,78,1,14.06,0.5,0.49,6.55,2.5,24.1
2,2024-01-10 11:15:00,2024-01-10 11:37:00,1,5.16,1,161,140,1,14.45,0.5,0.02,0.0,0.0,14.969999999999999
1,2024-01-05 03:19:00,2024-01-05 03:56:00,4,0.94,3,67,90,1,6.5,0.5,0.88,0.0,2.5,10.379999999999999
2,2024-01-01 02:06:00,2024-01-01 02:55:00,2,2.2,3,124,144,1,10.39,0.0,0.07,0.0,2.5,12.96
1,2024-01-14 14:01:00,2024-01-14 14:05:00,2,6.02,3,182,72,2,25.02,0.5,3.87,6.55,2.5,38.44
2,2024-01-07 02:35:00,2024-01-07 03:07:00,2,7.52,3,182,177,2,24.45,0.5,0.0,6.55,2.5,34.0
1,2024-01-09 02:01:00,2024-01-09 02:37:00,3,1.64,1,36,105,2,9.64,1.0,2.26,6.55,2.5,21.95
2,2024-01-05 23:56:00,2024-01-06 00:20:00,3,1.39,3,212,72,1,6.4,0.5,0.0,0.0,2.5,9.4
2,2024-01-09 00:39:00,2024-01-09 00:44:00,3,0.75,1,134,74,1,5.84,0.0,0.93,6.55,2.5,15.82
1,2024-01-03 08:08:00,2024-01-03 08:16:00,3,7.34,1,178,143,1,27.72,0.5,0.0,0.0,2.5,30.72
2,2024-01-03 15:17:00,2024-01-03 15:34:00,1,0.35,3,166,62,2,2.5,1.0,3.24,0.0,0.0,6.74
2,2024-01-11 11:54:00,2024-01-11 12:23:00,1,1.99,1,46,146,1,9.61,1.0,2.62,0.0,2.5,15.73
2,2024-01-10 12:38:00,2024-01-10 12:50:00,1,0.76,3,156,46,1,10.47,1.0,0.98,0.0,2.5,14.950000000000001
1,2024-01-02 05:52:00,2024-01-02 06:03:00,2,0.75,1,236,229,1,5.81,1.0,0.0,6.55,2.5,15.86
2,2024-01-08 16:13:00,2024-01-08 16:48:00,2,1.19,2,60,105,1,10.46,0.5,0.0,0.0,2.5,13.46
2,2024-01-03 09:56:00,2024-01-03 10:30:00,2,15.45,1,5,109,1,44.69,1.0,0.14,6.55,2.5,54.879999999999995
1,2024-01-03 08:57:00,2024-01-03 09:47:00,2,0.13,1,181,121,1,3.28,1.0,0.0,0.0,0.0,4.279999999999999
1,2024-01-02 03:25:00,2024-01-02 03:33:00,3,1.99,1,145,43,1,8.66,1.0,1.59,0.0,2.5,13.75
2,2024-01-11 05:55:00,2024-01-11 06:38:00,3,0.2,1,223,99,2,2.5,0.5,1.26,0.0,0.0,4.26
1,2024-01-14 11:34:00,2024-01-14 12:12:00,1,0.39,1,237,194,2,2.5,0.0,3.87,0.0,0.0,6.37
1,2024-01-14 08:56:00,2024-01-14 09:00:00,1,1.33,2,13,214,1,3.98,1.0,1.54,6.55,2.5,15.57
1,2024-01-03 03:12:00,2024-01-03 03:43:00,2,1.64,2,16,229,2,9.65,1.0,1.07,0.0,0.0,11.72
2,2024-01-02 06:54:00,2024-01-02 07:00:00,3,0.69,1,92,185,1,7.11,1.0,0.0,0.0,2.5,10.61
2,2024-01-04 05:42:00,2024-01-04 05:45:00,3,0.88,1,248,112,2,6.27,0.5,3.78,0.0,0.0,10.549999999999999
1,2024-01-05 12:34:00,2024-01-05 12:55:00,4,0.21,1,19,102,1,5.65,0.5,1.89,0.0,2.5,10.540000000000001
2,2024-01-02 21:08:00,2024-01-02 21:36:00,3,0.83,3,103,210,1,4.91,1.0,0.0,0.0,0.0,5.91
1,2024-01-09 02:54:00,2024-01-09 03:21:00,1,7.82,2,95,227,1,27.9,0.0,0.0,0.0,2.5,30.4
2,2024-01-07 14:44:00,2024-01-07 14:56:00,1,6.66,1,213,22,2,21.67,1.0,1.22,0.0,0.0,23.89
1,2024-01-14 19:31:00,2024-01-14 19:48:00,1,0.94,3,37,248,1,5.78,0.0,0.0,0.0,0.0,5.78
2,2024-01-05 11:36:00,2024-01-05 12:00:00,3,1.95,2,61,159,2,7.8,0.0,0.0,0.0,2.5,10.3
1,2024-01-03 22:12:00,2024-01-03 23:05:00,4,5.53,1,244,229,1,20.2,0.5,2.02,0.0,0.0,22.72
2,2024-01-10 04:24:00,2024-01-10 05:14:00,2,0.01,2,6,187,2,2.5,0.5,0.0,0.0,0.0,3.0
2,2024-01-06 12:50:00,2024-01-06 13:13:00,2,3.83,1,165,143,1,16.17,0.5,0.0,0.0,0.0,16.67
1,2024-01-12 18:00:00,2024-01-12 18:24:00,3,6.82,1,13,24,2,19.27,0.0,1.81,6.55,0.0,27.63
2,2024-01-02 03:05:00,2024-01-02 03:43:00,1,0.22,1,25,141,1,2.5,0.0,0.0,6.55,2.5,11.55
2,2024-01-08 03:54:00,2024-01-08 04:30:00,1,0.4,1,224,240,1,5.84,0.0,1.51,6.55,0.0,13.899999999999999
2,2024-01-06 12:53:00,2024-01-06 13:25:00,2,7.45,3,123,82,1,23.64,0.5,0.0,0.0,2.5,26.64
2,2024-01-06 22:57:00,2024-01-06 23:24:00,4,1.77,1,129,48,1,6.82,0.5,5.04,0.0,2.5,14.86
2,2024-01-06 14:30:00,2024-01-06 15:17:00,1,0.03,1,122,171,1,5.31,0.5,0.49,0.0,0.0,6.3
2,2024-01-07 00:26:00,2024-01-07 00:56:00,1,0.69,1,35,68,1,3.41,1.0,0.0,0.0,0.0,4.41
2,2024-01-03 12:00:00,2024-01-03 12:03:00,1,1.37,3,83,14,1,6.34,0.0,2.58,0.0,2.5,11.42
2,2024-01-05 17:03:00,2024-01-05 17:54:00,1,2.72,2,182,30,1,14.11,0.0,3.81,0.0,2.5,20.419999999999998
1,2024-01-10 04:26:00,2024-01-10 05:13:00,2,3.04,1,76,110,2,15.36,1.0,0.0,0.0,2.5,18.86
2,2024-01-07 08:26:00,2024-01-07 08:32:00,1,12.39,3,104,212,1,41.62,0.0,2.26,6.55,0.0,50.42999999999999
1,2024-01-04 10:51:00,2024-01-04 11:00:00,4,0.78,1,232,202,1,4.48,0.0,3.94,6.55,0.0,14.969999999999999
2,2024-01-10 08:50:00,2024-01-10 09:41:00,2,1.78,1,43,84,2,11.06,1.0,2.65,0.0,0.0,14.71
1,2024-01-13 05:09:00,2024-01-13 05:20:00,1,1.75,1,93,53,1,5.53,0.0,0.2,0.0,2.5,8.23
2,2024-01-09 23:51:00,2024-01-10 00:29:00,2,1.2,3,144,256,1,4.09,0.5,0.0,6.55,0.0,11.14
1,2024-01-09 13:12:00,2024-01-09 13:33:00,3,0.43,2,254,74,1,2.5,1.0,0.0,0.0,2.5,6.0
1,2024-01-02 09:10:00,2024-01-02 09:13:00,4,8.72,2,78,220,2,31.6,0.0,0.59,0.0,2.5,34.690000000000005
2,2024-01-04 16:19:00,2024-01-04 16:31:00,1,4.41,1,70,143,1,13.19,0.5,1.1,0.0,2.5,17.29
1,2024-01-10 00:37:00,2024-01-10 01:15:00,4,1.59,1,149,100,1,7.14,0.0,0.83,6.55,2.5,17.02
2,2024-01-14 20:36:00,2024-01-14 20:47:00,1,2.13,3,214,129,2,6.69,1.0,0.85,6.55,2.5,17.59
2,2024-01-10 08:32:00,2024-01-10 09:19:00,4,0.59,1,147,219,2,6.39,0.5,0.0,0.0,0.0,6.89
1,2024-01-04 01:00:00,2024-01-04 01:48:00,4,1.81,2,25,22,2,7.13,0.0,0.77,0.0,2.5,10.4
2,2024-01-04 07:17:00,2024-01-04 08:01:00,1,2.73,3,109,178,1,7.64,1.0,0.04,6.55,0.0,15.23
1,2024-01-14 06:17:00,2024-01-14 06:51:00,2,1.67,1,181,48,2,8.78,0.0,1.41,0.0,2.5,12.69
1,2024-01-08 05:15:00,2024-01-08 05:49:00,3,10.66,1,251,117,1,29.85,0.0,3.22,0.0,0.0,33.07
2,2024-01-12 06:41:00,2024-01-12 06:49:00,3,2.17,3,203,179,2,6.98,0.5,0.0,0.0,0.0,7.48
2,2024-01-04 21:08:00,2024-01-04 21:58:00,1,1.07,1,170,179,1,3.0,0.0,0.0,0.0,2.5,5.5
2,2024-01-13 01:10:00,2024-01-13 01:50:00,4,3.4,1,175,49,1,9.52,1.0,1.19,0.0,0.0,11.709999999999999
2,2024-01-04 10:24:00,2024-01-04 10:43:00,3,0.43,1,170,255,1,4.65,1.0,0.0,0.0,0.0,5.65
2,2024-01-10 07:15:00,2024-01-10 07:27:00,2,1.12,1,2,30,2,3.14,0.5,0.75,0.0,2.5,6.890000000000001
1,2024-01-14 18:16:00,2024-01-14 19:08:00,2,0.98,2,134,85,1,2.74,0.5,0.13,0.0,2.5,5.87
1,2024-01-12 20:32:00,2024-01-12 21:01:00,1,1.3,3,127,34,1,6.63,0.0,2.48,0.0,2.5,11.61
2,2024-01-03 22:43:00,2024-01-03 23:35:00,1,3.5,1,46,98,2,11.44,1.0,0.0,0.0,0.0,12.44
2,2024-01-14 22:45:00,2024-01-14 23:22:00,1,1.52,2,194,76,1,12.24,0.5,0.0,0.0,0.0,12.74
2,2024-01-07 21:16:00,2024-01-07 22:10:00,1,3.63,1,209,175,1,17.75,0.0,2.11,6.55,0.0,26.41
1,2024-01-07 22:24:00,2024-01-07 22:47:00,1,1.98,1,58,249,2,6.37,0.0,0.0,6.55,2.5,15.42
1,2024-01-02 05:19:00,2024-01-02 05:46:00,2,0.96,3,78,134,1,7.08,1.0,4.22,0.0,0.0,12.3
1,2024-01-07 09:01:00,2024-01-07 09:31:00,1,3.82,1,202,178,1,15.57,1.0,2.17,0.0,2.5,21.240000000000002
2,2024-01-02 17:22:00,2024-01-02 18:11:00,3,0.63,3,62,228,1,3.27,0.0,3.63,6.55,2.5,15.95
2,2024-01-01 15:51:00,2024-01-01 16:08:00,1,0.58,1,126,63,1,2.5,1.0,3.27,0.0,0.0,6.77
1,2024-01-02 10:39:00,2024-01-02 10:45:00,1,1.62,2,49,258,2,7.51,0.0,0.78,6.55,0.0,14.84
2,2024-01-02 21:17:00,2024-01-02 21:48:00,1,0.7,1,88,144,2,4.53,0.0,0.17,0.0,2.5,7.2
2,2024-01-07 17:32:00,2024-01-07 17:43:00,2,0.02,1,179,52,1,2.5,1.0,0.43,0.0,2.5,6.43
1,2024-01-06 01:51:00,2024-01-06 02:20:00,1,2.4,2,69,99,1,10.83,0.5,0.21,0.0,0.0,11.540000000000001
1,2024-01-13 19:29:00,2024-01-13 19:57:00,1,1.65,3,60,45,1,5.74,0.0,0.61,6.55,2.5,15.4
2,2024-01-01 12:48:00,2024-01-01 13:09:00,3,1.36,2,249,42,1,3.93,1.0,1.35,0.0,2.5,8.78
1,2024-01-04 19:30:00,2024-01-04 20:00:00,1,7.84,1,169,57,1,25.22,0.0,0.0,0.0,0.0,25.22
2,2024-01-11 18:54:00,2024-01-11 19:13:00,4,1.95,1,112,33,1,9.42,0.0,4.52,0.0,2.5,16.439999999999998
1,2024-01-05 14:45:00,2024-01-05 15:30:00,1,4.58,1,100,114,1,12.88,0.0,2.79,0.0,0.0,15.670000000000002
1,2024-01-04 15:12:00,2024-01-04 15:55:00,2,0.35,2,215,114,1,6.3,1.0,0.05,0.0,0.0,7.35
2,2024-01-08 23:25:00,2024-01-09 00:09:00,2,1.94,2,113,56,1,5.43,1.0,0.92,0.0,0.0,7.35
2,2024-01-05 00:37:00,2024-01-05 01:29:00,1,4.66,2,97,44,1,14.6,1.0,0.0,6.55,2.5,24.65
1,2024-01-14 16:39:00,2024-01-14 17:01:00,1,2.01,3,118,212,1,7.98,0.5,0.3,6.55,0.0,15.330000000000002
2,2024-01-09 13:42:00,2024-01-09 14:29:00,1,2.91,1,36,34,2,9.56,0.0,3.55,6.55,0.0,19.66
1,2024-01-06 13:58:00,2024-01-06 14:40:00,1,1.07,1,124,196,1,4.58,0.5,0.0,6.55,0.0,11.629999999999999
2,2024-01-12 02:42:00,2024-01-12 03:23:00,1,0.22,1,40,125,1,8.29,0.0,0.96,6.55,0.0,15.8
1,2024-01-10 02:07:00,2024-01-10 02:58:00,2,1.41,3,141,79,1,4.82,1.0,0.0,0.0,0.0,5.82
1,2024-01-04 09:13:00,2024-01-04 09:38:00,1,1.15,2,26,255,1,12.32,0.0,0.35,0.0,0.0,12.67
1,2024-01-02 00:41:00,2024-01-02 01:30:00,1,4.64,1,142,145,2,17.08,0.0,0.0,0.0,2.5,19.58
2,2024-01-08 00:13:00,2024-01-08 00:47:00,2,0.64,2,57,83,1,5.02,0.0,0.05,0.0,2.5,7.569999999999999
1,2024-01-14 18:35:00,2024-01-14 19:29:00,1,7.83,1,150,230,2,26.11,0.5,0.0,6.55,2.5,35.66
1,2024-01-11 00:22:00,2024-01-11 01:11:00,1,7.3,1,205,137,1,29.76,1.0,0.0,6.55,2.5,39.81
1,2024-01-12 09:58:00,2024-01-12 10:33:00,2,0.65,1,76,27,1,2.5,1.0,2.74,6.55,0.0,12.79
1,2024-01-06 07:23:00,2024-01-06 08:11:00,1,0.98,3,210,177,1,2.94,0.0,2.25,0.0,2.5,7.6899999999999995
2,2024-01-14 18:46:00,2024-01-14 18:53:00,4,5.2,1,258,207,2,15.67,1.0,0.0,0.0,2.5,19.17
2,2024-01-11 21:48:00,2024-01-11 22:33:00,2,7.82,3,259,213,1,24.98,0.5,2.47,0.0,2.5,30.45
1,2024-01-08 19:51:00,2024-01-08 20:41:00,3,1.35,3,184,37,2,3.78,0.5,0.0,6.55,0.0,10.829999999999998
1,2024-01-12 22:56:00,2024-01-12 23:32:00,2,0.89,3,11,179,1,5.55,1.0,7.47,0.0,0.0,14.02
2,2024-01-09 18:00:00,2024-01-09 18:42:00,1,1.72,1,160,160,1,12.05,0.5,4.83,0.0,0.0,17.380000000000003
1,2024-01-08 15:18:00,2024-01-08 15:31:00,1,2.68,1,88,12,2,10.88,0.5,3.48,0.0,2.5,17.36
2,2024-01-10 22:15:00,2024-01-10 23:07:00,1,0.73,1,184,169,1,4.31,1.0,0.0,6.55,0.0,11.86
1,2024-01-08 10:02:00,2024-01-08 10:07:00,3,3.07,1,16,80,2,10.05,1.0,1.88,0.0,0.0,12.93
2,2024-01-12 09:00:00,2024-01-12 09:35:00,1,0.12,3,244,14,2,5.58,0.0,0.28,0.0,0.0,5.86
1,2024-01-06 21:59:00,2024-01-06 22:12:00,1,0.12,2,86,54,2,2.5,0.0,0.0,0.0,2.5,5.0
2,2024-01-14 16:14:00,2024-01-14 16:32:00,1,1.12,1,199,254,1,10.75,0.5,0.0,6.55,0.0,17.8
2,2024-01-03 07:00:00,2024-01-03 07:20:00,1,1.0,1,10,65,2,10.63,1.0,0.0,6.55,2.5,20.68
2,2024-01-05 16:02:00,2024-01-05 16:34:00,1,0.87,1,164,58,1,6.08,0.5,0.0,0.0,2.5,9.08
1,2024-01-06 00:18:00,2024-01-06 01:08:00,1,1.55,1,24,96,1,7.31,1.0,0.0,0.0,0.0,8.309999999999999
2,2024-01-14 22:19:00,2024-01-14 22:31:00,2,0.89,2,64,21,1,8.07,0.5,0.0,0.0,0.0,8.57
2,2024-01-03 02:54:00,2024-01-03 03:14:00,2,0.49,1,238,73,1,7.11,0.5,0.87,6.55,0.0,15.030000000000001
1,2024-01-10 10:15:00,2024-01-10 10:55:00,1,0.85,3,238,248,1,3.37,0.5,1.2,6.55,0.0,11.620000000000001
1,2024-01-06 12:50:00,2024-01-06 13:11:00,2,8.48,3,22,127,1,25.43,0.0,1.46,0.0,2.5,29.39
1,2024-01-02 11:43:00,2024-01-02 12:21:00,4,1.22,1,180,46,1,3.42,1.0,0.0,0.0,2.5,6.92
1,2024-01-07 14:23:00,2024-01-07 14:38:00,1,1.35,3,47,128,2,7.8,0.5,0.25,0.0,2.5,11.05
2,2024-01-11 12:29:00,2024-01-11 13:17:00,1,1.98,3,224,30,1,10.21,0.0,1.61,6.55,2.5,20.87
1,2024-01-14 03:22:00,2024-01-14 03:27:00,2,9.42,1,218,94,1,26.38,0.5,1.01,6.55,0.0,34.44
1,2024-01-09 10:55:00,2024-01-09 11:07:00,1,0.64,1,237,224,2,3.65,0.5,10.15,0.0,2.5,16.8
1,2024-01-06 19:16:00,2024-01-06 19:56:00,3,2.63,1,204,100,1,7.36,1.0,4.35,0.0,2.5,15.209999999999999
1,2024-01-11 11:10:00,2024-01-11 11:13:00,3,2.9,1,19,71,1,8.87,0.5,0.0,0.0,0.0,9.37
1,2024-01-01 13:42:00,2024-01-01 14:11:00,3,2.15,1,180,81,1,10.4,1.0,17.81,0.0,2.5,31.71
1,2024-01-13 00:47:00,2024-01-13 01:35:00,1,0.21,1,162,108,2,2.5,0.0,0.0,0.0,0.0,2.5
1,2024-01-10 22:09:00,2024-01-10 22:19:00,1,2.6,1,61,102,1,9.53,0.0,0.4,6.55,0.0,16.48
2,2024-01-05 06:30:00,2024-01-05 07:23:00,2,0.15,1,85,91,2,2.5,0.5,1.79,0.0,0.0,4.79
2,2024-01-04 01:45:00,2024-01-04 02:33:00,1,2.09,2,35,16,2,9.32,0.0,0.56,0.0,2.5,12.38
2,2024-01-12 03:12:00,2024-01-12 03:56:00,4,3.09,3,5,110,2,11.54,1.0,2.23,6.55,0.0,21.32
2,2024-01-02 12:38:00,2024-01-02 12:57:00,3,0.54,2,76,160,2,2.69,1.0,6.1,6.55,0.0,16.34
2,2024-01-14 22:39:00,2024-01-14 22:50:00,2,4.24,2,253,253,1,14.4,0.0,3.39,0.0,0.0,17.79
1,2024-01-03 09:32:00,2024-01-03 09:40:00,1,0.07,3,7,89,2,3.65,1.0,0.0,0.0,2.5,7.15
1,2024-01-07 07:46:00,2024-01-07 08:31:00,3,4.27,1,169,95,1,12.92,1.0,0.77,0.0,2.5,17.189999999999998
1,2024-01-10 14:59:00,2024-01-10 15:26:00,1,1.42,1,130,247,1,3.98,0.5,0.16,0.0,0.0,4.640000000000001
1,2024-01-13 06:52:00,2024-01-13 07:33:00,4,0.56,2,138,206,1,9.08,0.5,0.74,0.0,2.5,12.82
2,2024-01-07 01:05:00,2024-01-07 01:56:00,2,0.33,1,91,248,2,2.5,1.0,0.21,0.0,2.5,6.21
2,2024-01-08 00:32:00,2024-01-08 01:02:00,4,7.05,1,163,67,1,22.5,0.0,1.52,0.0,2.5,26.52
1,2024-01-14 20:58:00,2024-01-14 21:33:00,1,0.17,2,253,46,1,6.0,1.0,2.71,0.0,2.5,12.21
1,2024-01-04 08:41:00,2024-01-04 09:20:00,4,0.51,1,201,43,2,13.25,0.5,3.06,0.0,2.5,19.31
2,2024-01-11 15:58:00,2024-01-11 16:09:00,1,0.98,1,20,229,2,2.74,0.0,0.14,0.0,0.0,2.8800000000000003
2,2024-01-01 23:29:00,2024-01-01 23:49:00,3,2.23,2,229,234,2,10.37,1.0,0.91,0.0,2.5,14.78
2,2024-01-04 04:06:00,2024-01-04 04:29:00,3,1.81,1,163,199,1,6.3,0.0,0.75,0.0,2.5,9.55
1,2024-01-08 21:42:00,2024-01-08 21:46:00,2,0.31,1,165,32,2,2.52,0.0,0.24,6.55,2.5,11.809999999999999
1,2024-01-13 10:59:00,2024-01-13 11:44:00,4,0.79,1,232,113,2,3.41,0.0,0.99,0.0,2.5,6.9
2,2024-01-11 03:16:00,2024-01-11 03:56:00,2,0.63,1,238,146,1,2.5,1.0,0.0,6.55,0.0,10.05
2,2024-01-01 13:24:00,2024-01-01 14:06:00,4,0.55,1,120,6,1,4.44,0.5,0.0,6.55,0.0,11.49
1,2024-01-10 04:21:00,2024-01-10 04:59:00,3,1.22,2,107,108,2,3.42,0.0,4.73,0.0,2.5,10.65
1,2024-01-01 21:19:00,2024-01-01 22:11:00,1,2.8,1,250,71,1,13.21,0.0,1.33,0.0,0.0,14.540000000000001
1,2024-01-10 03:52:00,2024-01-10 04:37:00,4,0.56,2,198,162,1,4.71,1.0,3.02,6.55,2.5,17.78
1,2024-01-05 22:03:00,2024-01-05 22:42:00,2,1.05,1,220,100,2,7.0,0.5,0.35,0.0,2.5,10.35
2,2024-01-08 16:53:00,2024-01-08 17:10:00,1,1.14,1,151,33,1,5.03,0.5,4.96,0.0,0.0,10.49
2,2024-01-13 08:11:00,2024-01-13 08:41:00,3,8.62,3,220,143,1,26.22,1.0,0.36,0.0,0.0,27.58
2,2024-01-09 22:40:00,2024-01-09 23:00:00,1,7.12,1,216,244,1,23.65,0.0,0.47,0.0,2.5,26.619999999999997
1,2024-01-11 18:37:00,2024-01-11 19:13:00,1,3.7,1,156,224,2,10.45,1.0,0.0,0.0,2.5,13.95
1,2024-01-14 05:43:00,2024-01-14 06:07:00,1,0.64,3,216,214,1,3.9,0.5,0.82,0.0,0.0,5.220000000000001
1,2024-01-02 11:06:00,2024-01-02 11:19:00,1,0.16,1,114,120,2,2.5,0.0,0.0,0.0,2.5,5.0
2,2024-01-12 04:06:00,2024-01-12 04:21:00,2,0.88,1,161,168,1,3.24,0.0,9.73,0.0,2.5,15.47
2,2024-01-04 08:31:00,2024-01-04 08:37:00,4,0.71,1,98,217,1,2.5,0.5,0.0,0.0,0.0,3.0
2,2024-01-14 07:12:00,2024-01-14 07:36:00,3,1.62,1,157,217,1,10.88,0.0,1.05,0.0,0.0,11.930000000000001
1,2024-01-03 05:06:00,2024-01-03 05:15:00,1,3.46,1,162,54,1,10.97,1.0,1.89,0.0,0.0,13.860000000000001
1,2024-01-02 18:53:00,2024-01-02 19:38:00,1,4.49,3,42,208,1,18.48,0.5,2.15,0.0,2.5,23.63
2,2024-01-09 21:28:00,2024-01-09 21:54:00,1,4.29,1,180,80,2,17.68,0.5,3.81,0.0,2.5,24.49
1,2024-01-02 19:19:00,2024-01-02 19:25:00,1,1.03,3,51,151,1,2.88,0.0,0.0,0.0,0.0,2.88
2,2024-01-03 19:13:00,2024-01-03 19:43:00,2,2.67,1,252,55,1,7.75,0.5,1.85,0.0,0.0,10.1
2,2024-01-06 20:28:00,2024-01-06 20:45:00,1,0.86,1,120,5,1,11.81,1.0,2.43,0.0,2.5,17.740000000000002
2,2024-01-01 21:44:00,2024-01-01 21:47:00,2,0.14,1,75,35,2,7.77,0.5,3.01,0.0,2.5,13.78
2,2024-01-13 06:45:00,2024-01-13 06:50:00,3,2.78,3,162,119,2,10.71,0.0,0.31,0.0,2.5,13.520000000000001
1,2024-01-14 03:25:00,2024-01-14 03:41:00,3,0.02,2,149,197,1,3.7,0.5,0.49,0.0,0.0,4.69
1,2024-01-13 19:15:00,2024-01-13 19:55:00,3,1.21,1,123,54,2,4.81,0.0,2.57,0.0,0.0,7.379999999999999
1,2024-01-06 23:53:00,2024-01-07 00:45:00,2,0.92,1,141,259,2,6.66,0.0,4.18,6.55,2.5,19.89
1,2024-01-08 21:32:00,2024-01-08 21:35:00,1,2.72,1,182,2,1,8.82,1.0,1.16,0.0,2.5,13.48
1,2024-01-07 05:56:00,2024-01-07 06:36:00,1,3.34,2,257,82,1,9.35,0.5,8.59,0.0,2.5,20.939999999999998
1,2024-01-12 10:18:00,2024-01-12 10:58:00,4,0.83,2,245,5,2,2.5,1.0,0.54,6.55,2.5,13.09
2,2024-01-04 19:15:00,2024-01-04 19:38:00,4,3.84,3,86,174,1,13.8,1.0,1.19,0.0,0.0,15.99
1,2024-01-05 23:44:00,2024-01-06 00:34:00,1,0.8,2,71,139,1,2.5,0.5,1.05,0.0,0.0,4.05
1,2024-01-09 22:35:00,2024-01-09 23:06:00,1,1.36,3,180,193,2,6.64,1.0,5.86,0.0,0.0,13.5
1,2024-01-02 03:02:00,2024-01-02 03:09:00,4,2.99,3,149,138,1,8.69,1.0,0.74,0.0,0.0,10.43
2,2024-01-12 02:28:00,2024-01-12 03:19:00,1,2.72,1,6,116,2,8.66,0.0,1.4,0.0,0.0,10.06
1,2024-01-06 14:01:00,2024-01-06 14:13:00,1,10.05,1,148,44,2,33.27,1.0,0.46,6.55,2.5,43.78
2,2024-01-12 14:45:00,2024-01-12 15:15:00,1,0.59,2,168,219,1,5.27,0.5,1.62,6.55,0.0,13.94
1,2024-01-13 19:38:00,2024-01-13 20:01:00,2,2.5,1,9,56,1,9.98,0.0,0.0,6.55,0.0,16.53
1,2024-01-06 13:12:00,2024-01-06 14:04:00,2,2.16,1,178,242,2,11.25,1.0,0.8,6.55,0.0,19.6
1,2024-01-11 20:46:00,2024-01-11 20:55:00,2,5.67,1,116,258,1,20.08,1.0,3.66,6.55,2.5,33.79
2,2024-01-12 19:49:00,2024-01-12 19:54:00,3,0.39,3,96,1,1,7.71,0.5,0.0,0.0,2.5,10.71
2,2024-01-03 23:03:00,2024-01-03 23:50:00,2,3.21,1,56,103,2,10.84,1.0,0.17,0.0,0.0,12.01
1,2024-01-10 18:20:00,2024-01-10 19:09:00,3,1.93,2,207,149,1,7.33,0.5,0.0,0.0,0.0,7.83
1,2024-01-11 12:36:00,2024-01-11 12:58:00,1,0.74,3,105,84,2,2.5,1.0,0.0,0.0,0.0,3.5
1,2024-01-07 00:06:00,2024-01-07 00:27:00,2,1.48,2,35,26,2,6.07,1.0,0.42,0.0,0.0,7.49
2,2024-01-09 02:24:00,2024-01-09 03:01:00,2,0.93,3,209,175,1,8.02,0.5,0.0,0.0,2.5,11.02
2,2024-01-03 01:29:00,2024-01-03 01:35:00,1,1.99,1,147,223,1,11.82,0.0,2.69,0.0,0.0,14.51
1,2024-01-03 02:28:00,2024-01-03 02:35:00,1,5.06,1,81,129,1,19.57,0.5,1.1,0.0,0.0,21.17
2,2024-01-14 05:45:00,2024-01-14 05:48:00,2,1.94,1,50,142,1,5.43,0.0,0.09,0.0,0.0,5.52
2,2024-01-03 12:29:00,2024-01-03 12:35:00,2,2.3,1,87,135,1,12.15,0.0,5.27,6.55,0.0,23.970000000000002
2,2024-01-03 03:07:00,2024-01-03 03:21:00,2,1.68,3,191,55,1,4.7,0.5,0.0,6.55,2.5,14.25
2,2024-01-05 03:01:00,2024-01-05 03:30:00,3,0.12,1,1,56,1,5.58,0.5,0.0,0.0,0.0,6.08
1,2024-01-13 08:10:00,2024-01-13 08:54:00,2,0.61,1,138,76,2,3.79,1.0,1.51,0.0,0.0,6.3
1,2024-01-14 08:50:00,2024-01-14 09:15:00,3,1.56,1,136,132,1,9.12,1.0,0.0,6.55,0.0,16.669999999999998
2,2024-01-09 00:35:00,2024-01-09 01:02:00,2,0.85,1,154,42,1,2.5,0.0,0.91,0.0,0.0,3.41
2,2024-01-10 02:01:00,2024-01-10 02:24:00,4,0.46,1,162,110,1,7.22,1.0,1.63,0.0,0.0,9.849999999999998
2,2024-01-05 17:39:00,2024-01-05 18:33:00,1,1.61,2,19,70,1,4.51,0.5,1.6,0.0,2.5,9.11
1,2024-01-08 16:06:00,2024-01-08 16:32:00,1,0.9,1,243,126,1,3.85,0.0,0.0,0.0,2.5,6.35
1,2024-01-13 07:17:00,2024-01-13 07:44:00,3,0.69,2,129,179,1,2.5,1.0,3.3,6.55,0.0,13.35
2,2024-01-02 21:11:00,2024-01-02 21:58:00,1,1.43,1,176,197,1,4.0,1.0,0.78,0.0,2.5,8.280000000000001
2,2024-01-04 08:53:00,2024-01-04 09:41:00,1,0.33,1,84,101,2,4.16,0.5,0.0,0.0,0.0,4.66
2,2024-01-06 08:35:00,2024-01-06 09:09:00,1,6.04,1,222,61,1,24.43,0.5,0.7,0.0,0.0,25.63
2,2024-01-07 05:02:00,2024-01-07 05:36:00,1,4.65,1,145,183,1,22.69,1.0,1.22,0.0,0.0,24.91
1,2024-01-11 18:27:00,2024-01-11 18:34:00,4,2.83,1,106,9,2,11.17,0.0,0.51,0.0,0.0,11.68
1,2024-01-11 23:46:00,2024-01-12 00:24:00,1,0.26,2,11,206,1,6.52,0.0,2.21,6.55,0.0,15.280000000000001
1,2024-01-02 05:22:00,2024-01-02 06:10:00,3,3.44,1,166,54,2,13.21,0.5,1.22,0.0,0.0,14.930000000000001
1,2024-01-12 00:10:00,2024-01-12 00:54:00,1,3.8,2,196,180,1,14.89,0.5,0.04,6.55,2.5,24.48
1,2024-01-09 09:52:00,2024-01-09 10:43:00,1,3.36,1,231,104,1,11.55,0.5,0.0,0.0,0.0,12.05
1,2024-01-09 18:52:00,2024-01-09 19:36:00,2,0.28,1,147,126,1,4.27,1.0,0.0,0.0,2.5,7.77
2,2024-01-05 06:02:00,2024-01-05 06:43:00,1,2.37,2,238,34,1,10.98,1.0,0.45,6.55,2.5,21.48
2,2024-01-01 08:01:00,2024-01-01 08:19:00,4,4.13,1,13,165,1,13.12,0.5,0.0,6.55,2.5,22.669999999999998
1,2024-01-11 02:16:00,2024-01-11 02:51:00,4,1.98,1,219,118,2,8.35,0.0,1.15,0.0,0.0,9.5
1,2024-01-01 02:33:00,2024-01-01 03:24:00,1,2.39,1,257,92,1,9.55,0.5,0.0,0.0,0.0,10.05
1,2024-01-06 06:57:00,2024-01-06 07:20:00,2,1.41,2,2,100,1,9.01,0.5,0.0,0.0,0.0,9.51
2,2024-01-02 01:24:00,2024-01-02 01:35:00,1,1.73,1,210,87,1,5.18,0.0,1.66,0.0,0.0,6.84
2,2024-01-02 11:20:00,2024-01-02 11:28:00,1,0.08,2,225,234,2,3.1,0.0,0.0,6.55,0.0,9.65
2,2024-01-11 10:48:00,2024-01-11 11:41:00,1,2.34,1,194,124,1,14.33,0.0,3.08,6.55,2.5,26.46
2,2024-01-02 15:03:00,2024-01-02 15:50:00,3,0.2,1,196,203,1,6.47,0.0,0.0,0.0,2.5,8.969999999999999
1,2024-01-04 13:36:00,2024-01-04 14:13:00,3,1.31,1,57,32,1,10.04,1.0,0.53,0.0,0.0,11.569999999999999
2,2024-01-01 20:40:00,2024-01-01 21:21:00,1,0.8,1,113,39,1,5.3,1.0,3.86,0.0,2.5,12.66
1,2024-01-01 01:00:00,2024-01-01 01:24:00,2,1.81,1,213,94,1,8.87,0.5,5.19,0.0,2.5,17.06
2,2024-01-07 08:10:00,2024-01-07 08:53:00,4,0.33,3,244,10,1,6.43,1.0,1.1,0.0,0.0,8.53
2,2024-01-13 12:23:00,2024-01-13 12:30:00,3,2.71,1,117,215,1,14.49,0.5,0.0,0.0,0.0,14.99
2,2024-01-09 13:12:00,2024-01-09 13:56:00,3,3.65,1,87,100,2,10.22,0.5,6.68,0.0,0.0,17.4
2,2024-01-10 06:30:00,2024-01-10 06:55:00,2,0.41,1,113,244,1,2.5,0.0,2.17,0.0,2.5,7.17
1,2024-01-09 14:58:00,2024-01-09 15:17:00,2,0.25,1,164,58,1,6.97,0.0,1.05,0.0,2.5,10.52
1,2024-01-01 20:52:00,2024-01-01 21:06:00,3,0.36,1,4,19,1,3.32,1.0,0.0,0.0,2.5,6.82
1,2024-01-06 19:23:00,2024-01-06 19:48:00,1,4.82,1,118,117,1,14.82,1.0,0.0,6.55,2.5,24.87
1,2024-01-07 16:50:00,2024-01-07 17:08:00,2,1.73,3,23,136,2,4.84,1.0,0.0,0.0,2.5,8.34
1,2024-01-14 20:13:00,2024-01-14 20:18:00,1,1.45,2,233,13,1,5.67,1.0,0.0,0.0,2.5,9.17
1,2024-01-13 23:46:00,2024-01-14 00:18:00,3,0.26,1,90,101,1,2.5,0.0,0.0,0.0,2.5,5.0
1,2024-01-12 07:54:00,2024-01-12 08:18:00,2,2.41,1,255,155,2,14.98,0.0,3.84,0.0,0.0,18.82
2,2024-01-03 20:10:00,2024-01-03 20:21:00,2,4.66,2,92,82,1,15.99,1.0,1.34,0.0,2.5,20.830000000000002
1,2024-01-05 20:00:00,2024-01-05 20:31:00,2,4.05,1,155,88,1,14.2,0.5,3.71,6.55,0.0,24.96
2,2024-01-03 02:04:00,2024-01-03 02:53:00,2,2.26,1,115,105,2,10.8,0.0,0.0,0.0,0.0,10.8
1,2024-01-12 14:33:00,2024-01-12 15:12:00,2,0.18,3,207,130,2,5.91,0.0,1.88,6.55,2.5,16.84
2,2024-01-03 12:40:00,2024-01-03 13:05:00,2,0.27,1,81,14,2,6.12,0.0,0.51,0.0,2.5,9.129999999999999
1,2024-01-01 22:21:00,2024-01-01 22:36:00,2,0.12,1,103,128,2,6.02,0.0,1.07,6.55,0.0,13.64
2,2024-01-09 05:35:00,2024-01-09 06:09:00,1,0.68,1,80,60,2,3.33,1.0,4.29,6.55,2.5,17.67
1,2024-01-01 05:38:00,2024-01-01 06:26:00,3,0.34,1,103,227,2,3.21,1.0,0.54,0.0,0.0,4.75
1,2024-01-05 02:15:00,2024-01-05 03:09:00,1,0.69,1,240,17,1,6.85,0.5,3.66,0.0,2.5,13.51
1,2024-01-09 12:14:00,2024-01-09 13:03:00,1,1.12,1,33,45,2,4.82,0.0,0.73,0.0,2.5,8.05
1,2024-01-14 06:12:00,2024-01-14 07:02:00,1,6.59,3,35,38,1,21.44,1.0,0.08,0.0,0.0,22.52
2,2024-01-08 21:04:00,2024-01-08 21:29:00,1,2.17,1,249,124,1,10.07,1.0,0.26,0.0,0.0,11.33
1,2024-01-02 05:10:00,2024-01-02 05:57:00,4,4.14,2,50,64,1,16.55,0.0,3.01,6.55,0.0,26.110000000000003
1,2024-01-02 16:21:00,2024-01-02 16:40:00,1,2.85,1,242,253,2,7.98,1.0,0.0,0.0,0.0,8.98
2,2024-01-05 22:39:00,2024-01-05 23:21:00,2,0.27,2,152,112,1,5.54,1.0,2.34,6.55,2.5,17.93
1,2024-01-04 16:39:00,2024-01-04 17:02:00,1,3.06,1,147,102,2,10.98,1.0,2.64,0.0,0.0,14.620000000000001
2,2024-01-12 00:56:00,2024-01-12 01:00:00,1,0.74,1,39,49,2,6.84,0.5,0.93,0.0,0.0,8.27
2,2024-01-09 06:38:00,2024-01-09 07:17:00,1,2.34,2,189,227,1,11.49,1.0,0.0,0.0,0.0,12.49
1,2024-01-10 14:49:00,2024-01-10 14:57:00,1,0.96,2,25,23,1,9.71,0.0,1.14,6.55,2.5,19.900000000000002
1,2024-01-04 09:13:00,2024-01-04 09:59:00,1,13.94,1,244,185,2,45.42,0.0,0.0,6.55,2.5,54.47
2,2024-01-04 08:06:00,2024-01-04 08:26:00,1,0.7,1,223,64,1,8.33,0.0,0.85,0.0,0.0,9.18
1,2024-01-06 23:12:00,2024-01-06 23:44:00,1,0.75,1,230,157,1,8.71,1.0,0.0,6.55,2.5,18.76
2,2024-01-09 11:02:00,2024-01-09 11:26:00,2,6.14,1,153,149,1,20.92,0.5,1.0,0.0,0.0,22.42
1,2024-01-14 13:41:00,2024-01-14 14:16:00,1,0.06,1,108,169,1,3.25,1.0,0.0,0.0,2.5,6.75
1,2024-01-12 15:34:00,2024-01-12 16:06:00,2,2.74,3,33,133,1,12.85,0.0,0.0,0.0,0.0,12.85
2,2024-01-09 08:45:00,2024-01-09 09:04:00,1,2.97,1,111,132,1,13.15,0.5,0.0,0.0,0.0,13.65
1,2024-01-04 01:50:00,2024-01-04 02:35:00,1,4.16,1,121,197,2,13.88,0.5,4.7,0.0,2.5,21.580000000000002
1,2024-01-07 03:00:00,2024-01-07 03:34:00,3,8.43,3,16,135,2,27.62,1.0,0.75,6.55,0.0,35.92
1,2024-01-03 22:32:00,2024-01-03 23:16:00,1,8.54,1,227,35,1,26.82,0.0,0.0,0.0,0.0,26.82
2,2024-01-08 17:22:00,2024-01-08 18:15:00,1,0.16,1,11,220,2,2.5,1.0,3.03,6.55,0.0,13.079999999999998
1,2024-01-11 10:23:00,2024-01-11 10:39:00,1,3.97,3,203,185,2,17.34,0.0,0.0,0.0,2.5,19.84
2,2024-01-06 13:27:00,2024-01-06 13:39:00,1,2.39,1,202,5,1,9.83,0.5,0.9,0.0,2.5,13.73
1,2024-01-13 10:25:00,2024-01-13 11:14:00,1,2.4,1,98,71,1,14.84,1.0,0.0,0.0,0.0,15.84
2,2024-01-07 06:18:00,2024-01-07 07:11:00,3,0.32,1,116,241,1,2.5,0.5,5.05,6.55,0.0,14.600000000000001
1,2024-01-02 01:00:00,2024-01-02 01:38:00,4,2.42,1,232,193,1,8.38,0.0,0.98,6.55,0.0,15.91
1,2024-01-05 16:17:00,2024-01-05 16:53:00,2,9.3,3,111,168,2,29.12,0.5,1.44,0.0,2.5,33.56
2,2024-01-03 06:54:00,2024-01-03 07:05:00,4,5.59,1,12,236,1,21.5,0.5,5.17,0.0,0.0,27.17
1,2024-01-14 01:23:00,2024-01-14 02:07:00,1,1.33,1,21,248,1,7.72,0.5,3.57,0.0,0.0,11.79
2,2024-01-14 11:46:00,2024-01-14 12:16:00,1,0.09,2,127,165,2,4.03,1.0,0.0,0.0,0.0,5.03
1,2024-01-04 02:57:00,2024-01-04 03:10:00,1,1.03,2,121,71,1,3.07,0.0,0.86,0.0,2.5,6.43
2,2024-01-13 09:30:00,2024-01-13 09:46:00,1,4.03,1,124,231,2,11.39,0.5,0.96,0.0,0.0,12.850000000000001
1,2024-01-14 20:25:00,2024-01-14 21:06:00,2,2.78,1,33,55,2,11.59,0.5,5.37,0.0,2.5,19.96
2,2024-01-01 10:14:00,2024-01-01 11:03:00,2,1.41,1,170,182,1,3.95,0.5,15.06,6.55,0.0,26.060000000000002
1,2024-01-07 12:14:00,2024-01-07 12:35:00,1,0.13,2,77,22,1,2.5,0.5,3.27,0.0,0.0,6.27
2,2024-01-14 14:47:00,2024-01-14 15:04:00,2,1.28,1,63,105,2,7.84,0.0,1.46,0.0,0.0,9.3
2,2024-01-02 20:27:00,2024-01-02 20:57:00,2,1.46,1,216,175,1,4.63,0.0,0.02,0.0,2.5,7.1499999999999995
1,2024-01-10 07:29:00,2024-01-10 07:55:00,1,6.07,1,190,39,2,24.01,1.0,2.63,6.55,0.0,34.19
2,2024-01-12 11:14:00,2024-01-12 11:24:00,1,2.36,1,75,60,1,12.67,0.0,1.09,6.55,0.0,20.31
2,2024-01-03 01:43:00,2024-01-03 02:28:00,3,0.86,1,174,212,1,2.5,0.0,2.21,6.55,0.0,11.26
1,2024-01-09 18:51:00,2024-01-09 19:02:00,2,1.71,1,67,155,2,5.46,0.5,2.05,0.0,2.5,10.51
1,2024-01-06 17:10:00,2024-01-06 17:59:00,1,0.16,3,93,173,1,2.5,1.0,1.44,6.55,0.0,11.489999999999998
1,2024-01-05 14:40:00,2024-01-05 15:15:00,1,8.27,2,53,23,1,24.2,1.0,6.36,6.55,0.0,38.11
1,2024-01-09 04:19:00,2024-01-09 04:54:00,1,1.03,3,94,240,1,7.8,0.5,0.05,0.0,0.0,8.350000000000001
1,2024-01-11 15:17:00,2024-01-11 15:38:00,3,1.49,3,113,209,2,6.14,1.0,0.0,0.0,2.5,9.64
1,2024-01-13 00:24:00,2024-01-13 00:29:00,1,1.01,1,229,122,1,6.98,0.0,1.16,0.0,2.5,10.64
2,2024-01-06 06:04:00,2024-01-06 06:16:00,1,2.64,1,250,253,1,7.39,1.0,2.75,0.0,2.5,13.64
2,2024-01-11 18:40:00,2024-01-11 19:22:00,2,2.5,3,209,141,2,11.99,0.5,0.0,6.55,2.5,21.54
2,2024-01-10 12:57:00,2024-01-10 13:46:00,1,2.89,3,182,153,1,9.7,1.0,0.02,0.0,2.5,13.219999999999999
1,2024-01-07 11:23:00,2024-01-07 12:07:00,1,0.72,1,155,214,2,5.05,1.0,0.0,6.55,0.0,12.6
1,2024-01-11 13:49:00,2024-01-11 13:52:00,2,0.87,1,83,48,1,5.2,1.0,0.0,6.55,2.5,15.25
2,2024-01-09 03:13:00,2024-01-09 03:44:00,1,0.31,2,186,17,1,2.5,0.5,0.4,6.55,2.5,12.45
2,2024-01-06 21:42:00,2024-01-06 22:34:00,1,2.45,3,139,69,1,6.98,0.0,2.87,0.0,2.5,12.350000000000001
1,2024-01-14 15:05:00,2024-01-14 15:41:00,1,0.09,1,55,85,1,5.67,1.0,0.0,0.0,2.5,9.17
2,2024-01-01 09:05:00,2024-01-01 09:58:00,2,2.09,1,19,208,2,9.85,0.0,1.42,6.55,2.5,20.32
1,2024-01-04 00:26:00,2024-01-04 00:41:00,1,4.69,1,142,40,1,18.76,0.0,0.62,0.0,2.5,21.880000000000003
1,2024-01-07 22:36:00,2024-01-07 22:39:00,3,5.09,3,164,96,2,18.06,0.0,0.0,0.0,0.0,18.06
2,2024-01-11 22:55:00,2024-01-11 23:31:00,3,1.37,1,252,250,1,7.19,1.0,0.0,0.0,0.0,8.190000000000001
1,2024-01-10 15:59:00,2024-01-10 16:30:00,1,1.41,1,232,136,1,3.95,0.0,0.88,0.0,2.5,7.33
1,2024-01-03 15:30:00,2024-01-03 16:20:00,2,0.18,1,60,73,1,2.83,1.0,2.03,0.0,2.5,8.36
1,2024-01-06 00:06:00,2024-01-06 00:55:00,1,2.56,1,22,169,1,10.1,1.0,3.83,0.0,2.5,17.43
1,2024-01-07 06:05:00,2024-01-07 06:20:00,1,3.96,1,126,198,2,18.97,1.0,0.0,6.55,2.5,29.02
2,2024-01-12 08:51:00,2024-01-12 09:41:00,2,0.65,1,103,106,2,6.54,0.0,2.73,0.0,0.0,9.27
1,2024-01-09 13:16:00,2024-01-09 14:07:00,2,1.26,1,221,101,2,10.37,1.0,0.86,0.0,2.5,14.729999999999999
1,2024-01-13 18:56:00,2024-01-13 19:27:00,1,4.2,2,110,235,2,16.25,0.5,0.29,0.0,0.0,17.04
2,2024-01-06 20:36:00,2024-01-06 21:17:00,4,4.82,1,58,106,1,14.72,0.5,1.74,0.0,0.0,16.96
1,2024-01-10 00:24:00,2024-01-10 00:50:00,4,0.64,1,65,35,1,5.08,0.5,0.56,6.55,0.0,12.690000000000001
1,2024-01-01 04:31:00,2024-01-01 04:59:00,1,1.84,1,58,157,1,8.74,1.0,3.79,0.0,0.0,13.530000000000001
2,2024-01-14 19:35:00,2024-01-14 19:54:00,3,0.49,1,158,240,1,2.5,0.5,0.1,0.0,2.5,5.6
2,2024-01-13 14:35:00,2024-01-13 14:44:00,2,0.25,1,76,207,1,2.74,1.0,0.0,0.0,0.0,3.74
1,2024-01-08 08:56:00,2024-01-08 09:11:00,2,5.57,1,19,245,2,18.08,1.0,1.62,0.0,2.5,23.2
1,2024-01-04 00:41:00,2024-01-04 00:48:00,4,3.95,1,190,93,1,18.07,1.0,1.96,0.0,2.5,23.53
2,2024-01-05 21:49:00,2024-01-05 22:17:00,1,3.28,3,250,109,1,9.18,0.0,2.88,0.0,0.0,12.059999999999999
1,2024-01-13 00:24:00,2024-01-13 01:15:00,1,0.11,1,79,114,1,6.32,0.5,0.66,0.0,0.0,7.48
1,2024-01-03 09:10:00,2024-01-03 09:15:00,1,4.27,1,84,24,2,12.61,1.0,4.06,6.55,0.0,24.22
1,2024-01-09 19:16:00,2024-01-09 19:25:00,1,1.33,2,172,252,2,3.72,0.5,0.0,0.0,2.5,6.720000000000001
2,2024-01-08 12:16:00,2024-01-08 13:07:00,1,0.96,1,212,209,2,8.64,0.5,1.52,0.0,0.0,10.66
1,2024-01-14 23:44:00,2024-01-15 00:25:00,2,1.82,1,149,55,2,9.93,0.0,3.14,0.0,2.5,15.57
2,2024-01-02 10:10:00,2024-01-02 10:13:00,2,0.22,1,10,27,1,6.75,0.5,0.0,0.0,2.5,9.75
2,2024-01-09 02:52:00,2024-01-09 03:43:00,2,3.25,1,30,2,1,14.1,1.0,0.16,0.0,2.5,17.759999999999998
2,2024-01-01 19:25:00,2024-01-01 19:44:00,1,2.01,1,55,68,1,13.78,1.0,0.87,0.0,2.5,18.15
2,2024-01-02 09:53:00,2024-01-02 10:38:00,1,0.47,1,127,148,1,5.71,0.5,0.2,0.0,0.0,6.41
1,2024-01-01 02:25:00,2024-01-01 02:52:00,2,0.48,1,180,130,2,3.95,0.5,9.9,0.0,0.0,14.350000000000001
2,2024-01-10 21:49:00,2024-01-10 21:54:00,2,0.47,3,232,83,2,5.17,0.0,0.57,6.55,0.0,12.29
1,2024-01-06 10:32:00,2024-01-06 10:49:00,2,0.13,2,93,42,1,6.47,1.0,2.22,0.0,0.0,9.69
2,2024-01-10 22:06:00,2024-01-10 22:37:00,2,2.04,2,8,156,1,6.76,0.5,0.0,0.0,0.0,7.26
2,2024-01-02 19:52:00,2024-01-02 20:37:00,3,4.22,1,247,157,2,13.19,0.5,2.33,0.0,0.0,16.02
1,2024-01-04 02:54:00,2024-01-04 03:28:00,1,0.04,1,196,107,1,2.5,1.0,0.0,6.55,2.5,12.55
2,2024-01-11 12:32:00,2024-01-11 13:00:00,2,0.12,2,163,188,2,2.5,0.5,3.38,0.0,0.0,6.38
2,2024-01-07 08:35:00,2024-01-07 08:53:00,4,1.96,2,40,105,2,8.83,0.0,0.26,6.55,2.5,18.14
1,2024-01-08 05:46:00,2024-01-08 06:13:00,2,3.94,2,254,112,1,11.03,0.5,4.96,6.55,2.5,25.54
2,2024-01-08 02:33:00,2024-01-08 03:03:00,1,0.91,2,85,133,2,5.68,0.5,4.04,0.0,2.5,12.719999999999999
2,2024-01-02 06:28:00,2024-01-02 06:39:00,2,0.99,1,78,110,1,7.94,0.0,2.5,0.0,2.5,12.940000000000001
2,2024-01-09 12:20:00,2024-01-09 12:23:00,1,2.09,1,213,73,1,7.66,0.0,0.0,0.0,0.0,7.66
1,2024-01-07 08:10:00,2024-01-07 08:41:00,4,0.74,1,255,143,1,9.26,0.0,0.51,0.0,0.0,9.77
2,2024-01-04 08:05:00,2024-01-04 08:29:00,1,0.06,1,91,245,2,2.5,1.0,4.32,0.0,2.5,10.32
1,2024-01-01 13:26:00,2024-01-01 13:44:00,1,3.06,3,193,155,1,14.55,0.5,0.0,0.0,2.5,17.55
1,2024-01-06 16:42:00,2024-01-06 17:25:00,1,2.26,1,253,149,1,11.02,0.5,0.37,6.55,0.0,18.439999999999998
1,2024-01-02 07:08:00,2024-01-02 08:01:00,1,2.0,3,143,60,1,5.6,0.0,0.0,6.55,2.5,14.649999999999999
2,2024-01-11 02:41:00,2024-01-11 03:27:00,4,3.11,1,244,86,1,18.48,1.0,0.7,0.0,0.0,20.18
2,2024-01-11 18:32:00,2024-01-11 19:25:00,1,2.59,1,212,192,1,10.09,0.0,0.55,6.55,2.5,19.69
2,2024-01-11 08:19:00,2024-01-11 09:02:00,1,0.53,1,195,182,2,2.5,0.5,1.89,0.0,2.5,7.39
2,2024-01-12 06:20:00,2024-01-12 06:29:00,4,1.0,2,19,255,1,2.8,1.0,0.0,0.0,0.0,3.8
1,2024-01-12 01:34:00,2024-01-12 01:50:00,1,0.31,1,40,7,1,3.32,1.0,0.33,0.0,0.0,4.65
1,2024-01-04 18:29:00,2024-01-04 19:00:00,3,0.32,1,98,126,1,3.58,0.5,1.68,0.0,0.0,5.76
2,2024-01-07 07:16:00,2024-01-07 07:37:00,2,2.59,2,4,83,1,10.51,1.0,1.08,0.0,0.0,12.59
2,2024-01-03 11:24:00,2024-01-03 11:45:00,1,4.5,2,33,28,1,14.86,1.0,2.92,0.0,0.0,18.78
1,2024-01-01 23:09:00,2024-01-01 23:13:00,2,7.57,2,165,251,1,25.78,0.0,0.24,0.0,0.0,26.02
2,2024-01-09 01:13:00,2024-01-09 01:56:00,1,2.28,3,27,188,1,8.41,1.0,2.13,6.55,0.0,18.09
2,2024-01-06 01:14:00,2024-01-06 02:01:00,1,0.47,1,173,69,2,2.5,0.0,1.26,0.0,2.5,6.26
2,2024-01-12 22:48:00,2024-01-12 23:05:00,1,0.26,1,113,99,1,3.35,1.0,1.15,0.0,0.0,5.5
2,2024-01-13 22:49:00,2024-01-13 22:54:00,1,3.85,1,95,193,1,10.78,0.0,0.58,0.0,2.5,13.86
2,2024-01-13 00:40:00,2024-01-13 00:53:00,1,1.99,3,233,227,2,9.46,0.0,0.07,0.0,0.0,9.530000000000001
2,2024-01-08 11:05:00,2024-01-08 11:53:00,3,2.22,1,134,182,1,6.77,1.0,0.0,0.0,0.0,7.77
1,2024-01-10 20:39:00,2024-01-10 21:11:00,1,3.5,1,124,93,1,13.21,0.0,0.87,0.0,2.5,16.58
1,2024-01-12 00:36:00,2024-01-12 01:18:00,2,2.79,2,116,143,1,14.1,0.5,2.51,0.0,2.5,19.61
1,2024-01-13 15:00:00,2024-01-13 15:20:00,1,4.14,1,13,203,1,12.22,0.5,6.49,6.55,2.5,28.26
1,2024-01-06 17:25:00,2024-01-06 18:18:00,1,0.13,1,165,132,1,6.02,1.0,0.0,6.55,2.5,16.07
2,2024-01-06 00:14:00,2024-01-06 01:04:00,2,3.17,1,208,134,2,10.79,1.0,1.11,6.55,0.0,19.45
2,2024-01-01 12:06:00,2024-01-01 12:10:00,2,4.38,1,85,179,1,19.65,1.0,0.69,0.0,0.0,21.34
1,2024-01-14 06:40:00,2024-01-14 07:14:00,2,0.78,1,248,186,1,4.27,0.5,5.98,0.0,0.0,10.75
1,2024-01-10 14:32:00,2024-01-10 14:42:00,1,2.35,1,56,18,1,7.48,1.0,2.52,0.0,0.0,11.0
1,2024-01-08 21:22:00,2024-01-08 21:46:00,1,0.87,1,172,97,1,7.15,1.0,0.0,6.55,0.0,14.7
1,2024-01-13 16:57:00,2024-01-13 17:05:00,2,7.29,1,141,34,2,22.32,0.0,1.22,0.0,2.5,26.04
1,2024-01-08 00:26:00,2024-01-08 00:40:00,1,0.08,1,132,187,2,2.5,1.0,4.1,0.0,0.0,7.6
2,2024-01-06 07:37:00,2024-01-06 08:26:00,1,1.99,1,201,111,2,7.38,0.5,2.75,0.0,0.0,10.629999999999999
2,2024-01-14 02:10:00,2024-01-14 02:52:00,4,0.42,3,179,247,1,4.06,0.5,0.73,0.0,2.5,7.789999999999999
1,2024-01-11 02:31:00,2024-01-11 03:09:00,4,2.86,2,29,71,1,14.36,1.0,2.01,0.0,2.5,19.869999999999997
1,2024-01-06 11:46:00,2024-01-06 12:03:00,4,0.44,2,36,212,1,2.5,0.5,1.24,0.0,2.5,6.74
2,2024-01-06 01:27:00,2024-01-06 01:57:00,3,0.62,2,109,108,1,4.79,0.0,0.01,6.55,0.0,11.35
2,2024-01-01 14:52:00,2024-01-01 15:46:00,1,1.57,1,146,177,1,8.96,0.0,0.0,0.0,2.5,11.46
2,2024-01-08 02:22:00,2024-01-08 03:13:00,2,5.67,2,146,228,1,19.36,1.0,0.0,6.55,2.5,29.41
1,2024-01-04 05:55:00,2024-01-04 06:42:00,2,0.55,1,168,19,1,7.81,1.0,1.57,0.0,2.5,12.879999999999999
2,2024-01-02 08:13:00,2024-01-02 08:33:00,2,0.36,3,257,248,1,3.82,0.0,0.9,0.0,2.5,7.22
1,2024-01-13 08:04:00,2024-01-13 08:08:00,1,3.27,1,87,209,2,11.69,0.0,0.92,0.0,2.5,15.11
1,2024-01-09 05:53:00,2024-01-09 06:08:00,1,1.6,1,154,216,1,8.96,1.0,0.0,0.0,0.0,9.96
2,2024-01-13 06:34:00,2024-01-13 07:21:00,1,5.58,1,98,201,1,18.87,0.5,12.8,0.0,0.0,32.17
2,2024-01-13 12:24:00,2024-01-13 12:41:00,1,0.36,1,211,257,1,3.03,1.0,1.15,0.0,2.5,7.68
2,2024-01-10 04:39:00,2024-01-10 05:01:00,1,2.39,3,48,106,1,10.98,1.0,0.44,6.55,2.5,21.47
1,2024-01-08 13:14:00,2024-01-08 13:45:00,4,0.61,2,194,121,1,3.08,1.0,2.09,0.0,2.5,8.67
2,2024-01-13 05:22:00,2024-01-13 06:06:00,1,0.39,3,252,245,2,2.56,1.0,0.59,0.0,2.5,6.65
2,2024-01-04 11:36:00,2024-01-04 12:07:00,1,2.65,1,31,66,1,9.1,1.0,0.25,0.0,2.5,12.85
1,2024-01-10 13:34:00,2024-01-10 13:39:00,2,2.07,1,105,228,1,12.18,1.0,0.11,0.0,2.5,15.79
2,2024-01-07 18:32:00,2024-01-07 18:53:00,4,3.23,2,169,137,1,9.04,1.0,0.0,6.55,0.0,16.59
2,2024-01-13 00:58:00,2024-01-13 01:03:00,4,0.85,1,236,194,1,6.37,0.5,1.24,0.0,2.5,10.61
1,2024-01-11 19:45:00,2024-01-11 20:01:00,4,1.37,1,230,194,1,6.92,1.0,1.22,0.0,2.5,11.64
1,2024-01-06 01:31:00,2024-01-06 02:13:00,2,1.2,1,23,146,2,3.36,0.0,0.0,0.0,2.5,5.859999999999999
1,2024-01-01 16:14:00,2024-01-01 16:20:00,2,9.52,1,164,145,1,30.43,1.0,3.37,0.0,2.5,37.3
1,2024-01-03 20:53:00,2024-01-03 21:47:00,2,0.8,2,7,72,2,6.43,0.5,0.0,6.55,0.0,13.48
1,2024-01-11 04:23:00,2024-01-11 04:36:00,4,0.8,2,210,192,2,6.71,0.0,5.43,0.0,2.5,14.64
2,2024-01-03 18:12:00,2024-01-03 18:45:00,1,1.01,2,253,44,2,2.83,1.0,1.95,0.0,0.0,5.78
2,2024-01-04 16:15:00,2024-01-04 17:00:00,1,1.91,1,133,157,1,11.76,1.0,0.06,0.0,2.5,15.32
1,2024-01-10 15:53:00,2024-01-10 16:27:00,2,0.67,3,106,16,2,3.03,0.0,0.0,6.55,2.5,12.08
2,2024-01-07 07:45:00,2024-01-07 08:14:00,1,5.68,1,232,78,1,20.62,1.0,0.81,0.0,2.5,24.93
2,2024-01-06 17:08:00,2024-01-06 17:40:00,1,0.71,2,33,52,2,6.84,0.5,0.0,0.0,2.5,9.84
1,2024-01-07 21:03:00,2024-01-07 21:48:00,4,5.2,1,79,2,1,15.37,1.0,0.74,0.0,0.0,17.109999999999996
1,2024-01-03 02:20:00,2024-01-03 02:24:00,1,0.25,1,35,232,1,5.35,0.5,0.0,0.0,2.5,8.35
1,2024-01-07 05:47:00,2024-01-07 06:38:00,4,2.46,1,110,61,1,8.92,1.0,1.46,6.55,0.0,17.93
2,2024-01-09 22:40:00,2024-01-09 22:51:00,3,5.46,1,63,132,2,15.29,0.0,0.0,0.0,0.0,15.29
1,2024-01-04 15:13:00,2024-01-04 15:43:00,2,0.43,1,178,52,1,7.12,0.5,0.0,6.55,2.5,16.67
2,2024-01-07 14:36:00,2024-01-07 15:09:00,1,7.94,1,232,180,2,23.29,1.0,0.0,6.55,0.0,30.84
2,2024-01-11 02:39:00,2024-01-11 03:15:00,1,1.39,1,104,31,2,4.76,1.0,0.6,6.55,0.0,12.91
2,2024-01-12 14:21:00,2024-01-12 14:38:00,2,6.7,1,35,155,2,20.75,0.0,0.33,0.0,2.5,23.58
2,2024-01-02 15:56:00,2024-01-02 16:46:00,2,2.6,2,194,121,1,10.96,0.0,0.0,0.0,2.5,13.46
1,2024-01-13 21:06:00,2024-01-13 21:33:00,1,0.83,1,174,51,2,5.18,0.5,3.57,0.0,2.5,11.75
2,2024-01-14 06:49:00,2024-01-14 07:27:00,3,0.48,1,102,95,1,5.71,0.5,0.72,6.55,2.5,15.98
1,2024-01-02 02:31:00,2024-01-02 02:41:00,2,0.83,1,85,176,1,2.5,0.5,0.0,0.0,2.5,5.5
2,2024-01-08 20:23:00,2024-01-08 20:34:00,2,0.22,1,201,11,1,2.5,1.0,3.95,0.0,2.5,9.95
1,2024-01-05 07:03:00,2024-01-05 07:42:00,1,0.36,3,173,12,1,3.72,1.0,0.35,0.0,0.0,5.07
1,2024-01-01 21:52:00,2024-01-01 22:42:00,1,0.25,1,29,45,1,8.44,0.5,0.0,0.0,2.5,11.44
1,2024-01-06 01:54:00,2024-01-06 02:41:00,2,1.26,1,56,205,2,6.24,1.0,6.82,0.0,0.0,14.06
2,2024-01-14 00:47:00,2024-01-14 01:28:00,3,3.65,2,16,219,2,15.93,0.0,4.05,0.0,2.5,22.48
2,2024-01-14 15:03:00,2024-01-14 15:37:00,2,0.35,2,140,256,1,4.08,1.0,0.14,6.55,0.0,11.77
2,2024-01-02 11:39:00,2024-01-02 12:33:00,1,0.32,3,66,248,2,2.69,0.5,0.0,6.55,0.0,9.74
1,2024-01-11 04:48:00,2024-01-11 05:07:00,1,2.37,3,147,21,1,9.02,1.0,0.34,0.0,0.0,10.36
2,2024-01-13 13:28:00,2024-01-13 14:05:00,2,0.51,3,158,41,1,4.01,0.0,6.56,6.55,2.5,19.62
2,2024-01-05 19:24:00,2024-01-05 20:03:00,1,0.24,3,69,195,2,5.18,0.5,9.38,0.0,0.0,15.06
2,2024-01-01 06:02:00,2024-01-01 06:23:00,1,0.42,3,23,71,1,7.61,0.5,0.0,0.0,2.5,10.61
1,2024-01-14 04:28:00,2024-01-14 05:14:00,2,5.92,1,190,73,1,20.48,0.5,0.0,0.0,0.0,20.98
2,2024-01-10 08:41:00,2024-01-10 09:12:00,1,3.96,1,248,199,1,17.06,0.5,4.05,0.0,2.5,24.11
2,2024-01-03 14:18:00,2024-01-03 14:27:00,1,1.01,1,145,76,2,3.42,1.0,0.59,6.55,2.5,14.059999999999999
1,2024-01-02 17:09:00,2024-01-02 17:39:00,1,2.45,1,177,146,2,8.82,0.0,0.46,6.55,0.0,15.830000000000002
1,2024-01-12 04:26:00,2024-01-12 04:37:00,2,1.77,1,195,13,2,6.15,1.0,0.02,0.0,2.5,9.67
1,2024-01-12 18:20:00,2024-01-12 18:50:00,4,2.6,1,13,129,2,11.07,1.0,0.0,0.0,2.5,14.57
1,2024-01-07 06:17:00,2024-01-07 06:25:00,2,2.64,3,166,230,2,9.49,0.5,5.05,6.55,2.5,24.09
1,2024-01-02 22:48:00,2024-01-02 23:19:00,2,2.28,1,150,85,1,11.21,0.0,0.0,6.55,0.0,17.76
1,2024-01-12 08:50:00,2024-01-12 09:09:00,2,0.71,2,45,162,1,2.66,1.0,0.3,0.0,2.5,6.46
2,2024-01-11 07:50:00,2024-01-11 08:08:00,1,0.09,1,174,51,1,3.36,0.0,0.5,0.0,2.5,6.359999999999999
2,2024-01-09 19:53:00,2024-01-09 20:18:00,1,1.4,1,167,215,1,8.64,0.0,1.15,0.0,0.0,9.790000000000001
1,2024-01-06 06:01:00,2024-01-06 06:34:00,2,5.1,1,197,1,2,14.28,0.0,3.34,0.0,0.0,17.619999999999997
2,2024-01-02 21:19:00,2024-01-02 21:24:00,1,1.94,1,206,123,2,13.74,0.0,2.08,0.0,2.5,18.32
1,2024-01-09 03:00:00,2024-01-09 03:23:00,1,4.11,1,82,200,2,13.8,1.0,1.59,0.0,0.0,16.39
2,2024-01-03 14:21:00,2024-01-03 14:49:00,1,11.0,1,68,183,1,30.8,0.0,0.0,0.0,2.5,33.3
1,2024-01-07 18:46:00,2024-01-07 19:24:00,2,0.41,2,97,216,1,4.54,1.0,0.22,0.0,0.0,5.76
1,2024-01-03 18:38:00,2024-01-03 19:22:00,1,2.71,1,167,240,1,10.67,0.0,0.0,0.0,0.0,10.67
2,2024-01-14 01:07:00,2024-01-14 01:46:00,2,2.58,1,77,68,1,10.02,0.0,10.64,0.0,0.0,20.66
2,2024-01-12 03:57:00,2024-01-12 04:21:00,2,8.99,2,237,82,1,30.65,1.0,0.2,0.0,0.0,31.849999999999998
2,2024-01-01 04:54:00,2024-01-01 05:38:00,1,9.75,1,196,142,1,32.17,0.5,1.61,0.0,2.5,36.78
2,2024-01-08 01:37:00,2024-01-08 01:51:00,1,2.67,1,136,41,1,11.22,1.0,0.77,0.0,0.0,12.99
2,2024-01-07 20:42:00,2024-01-07 21:26:00,4,0.64,2,36,239,2,5.92,0.0,1.71,0.0,2.5,10.129999999999999
2,2024-01-01 18:56:00,2024-01-01 19:11:00,3,3.69,3,248,3,1,13.07,1.0,1.88,0.0,2.5,18.45
2,2024-01-02 10:24:00,2024-01-02 10:37:00,1,0.26,1,254,94,1,8.17,0.0,0.0,0.0,2.5,10.67
2,2024-01-05 20:49:00,2024-01-05 21:07:00,1,3.49,1,214,59,2,9.77,1.0,4.21,0.0,0.0,14.98
1,2024-01-10 00:27:00,2024-01-10 00:37:00,3,5.54,1,252,228,2,18.86,1.0,1.09,0.0,0.0,20.95
2,2024-01-04 03:43:00,2024-01-04 04:25:00,1,1.11,1,70,18,2,6.27,1.0,0.0,0.0,0.0,7.27
2,2024-01-01 16:47:00,2024-01-01 17:29:00,4,2.29,2,234,239,1,11.45,0.5,0.02,6.55,0.0,18.52
1,2024-01-04 18:45:00,2024-01-04 19:32:00,2,1.29,1,16,74,2,4.5,1.0,3.43,0.0,2.5,11.43
1,2024-01-08 10:26:00,2024-01-08 10:30:00,2,1.32,3,174,169,1,3.7,1.0,0.66,0.0,0.0,5.36
1,2024-01-11 05:49:00,2024-01-11 06:21:00,2,0.85,1,187,160,1,5.77,0.5,3.73,0.0,2.5,12.5
1,2024-01-09 03:18:00,2024-01-09 03:50:00,3,3.3,1,225,169,1,12.94,0.5,0.0,0.0,0.0,13.44
2,2024-01-07 13:19:00,2024-01-07 13:33:00,3,6.33,1,12,206,1,24.45,0.0,0.02,0.0,0.0,24.47
2,2024-01-10 05:21:00,2024-01-10 05:33:00,1,6.5,2,219,9,1,18.2,0.0,0.0,0.0,2.5,20.7
1,2024-01-01 23:55:00,2024-01-02 00:41:00,2,0.44,3,1,115,1,7.12,1.0,9.34,0.0,0.0,17.46
1,2024-01-01 09:31:00,2024-01-01 09:44:00,1,4.78,2,111,152,2,22.3,0.0,0.85,0.0,0.0,23.150000000000002
2,2024-01-02 15:42:00,2024-01-02 15:59:00,1,3.08,1,129,87,1,10.68,1.0,0.0,0.0,2.5,14.18
2,2024-01-04 12:44:00,2024-01-04 13:02:00,3,0.67,1,93,95,2,2.5,0.5,0.28,0.0,0.0,3.2800000000000002
2,2024-01-12 13:41:00,2024-01-12 14:00:00,3,0.16,2,39,231,2,2.5,0.5,0.0,0.0,2.5,5.5
2,2024-01-10 09:07:00,2024-01-10 09:35:00,3,0.72,2,159,186,2,5.05,1.0,0.0,0.0,2.5,8.55
1,2024-01-05 21:39:00,2024-01-05 21:43:00,1,5.6,1,186,114,2,20.09,0.0,1.58,6.55,0.0,28.220000000000002
2,2024-01-13 16:31:00,2024-01-13 17:23:00,2,2.31,2,256,29,2,7.99,0.0,0.53,6.55,2.5,17.57
1,2024-01-09 20:51:00,2024-01-09 21:05:00,1,2.94,3,239,203,1,15.12,0.0,1.61,6.55,2.5,25.78
1,2024-01-13 06:09:00,2024-01-13 07:02:00,1,0.68,1,104,2,1,2.5,1.0,0.0,0.0,0.0,3.5
1,2024-01-06 04:51:00,2024-01-06 05:19:00,1,2.92,1,29,78,1,8.18,0.0,1.24,6.55,0.0,15.969999999999999
2,2024-01-11 02:07:00,2024-01-11 02:32:00,2,0.07,2,89,231,2,5.96,0.5,0.0,0.0,0.0,6.46
1,2024-01-13 02:24:00,2024-01-13 02:44:00,1,1.08,3,51,98,1,3.02,0.5,0.14,0.0,2.5,6.16
2,2024-01-11 07:39:00,2024-01-11 08:13:00,1,2.27,1,147,117,1,8.85,0.5,1.12,0.0,2.5,12.969999999999999
1,2024-01-06 14:33:00,2024-01-06 15:24:00,3,0.36,3,36,110,2,11.8,0.5,0.0,0.0,0.0,12.3
2,2024-01-07 07:17:00,2024-01-07 07:57:00,3,3.98,2,101,167,1,14.11,0.5,0.6,0.0,2.5,17.71
1,2024-01-14 06:56:00,2024-01-14 07:45:00,4,0.62,2,107,87,2,2.5,0.5,0.0,0.0,2.5,5.5
1,2024-01-08 21:43:00,2024-01-08 21:48:00,2,2.43,1,105,22,1,9.66,0.5,1.95,0.0,0.0,12.11
2,2024-01-12 08:58:00,2024-01-12 09:38:00,1,1.19,1,221,210,2,6.2,0.5,2.19,0.0,0.0,8.89
2,2024-01-02 15:13:00,2024-01-02 15:18:00,3,2.08,3,76,139,1,9.23,0.5,0.38,0.0,0.0,10.110000000000001
1,2024-01-04 07:59:00,2024-01-04 08:31:00,4,0.26,1,227,232,1,5.38,1.0,0.74,0.0,2.5,9.620000000000001
1,2024-01-12 20:30:00,2024-01-12 20:33:00,1,0.04,1,84,233,1,2.5,1.0,0.52,0.0,2.5,6.52
2,2024-01-09 06:59:00,2024-01-09 07:31:00,1,5.53,1,76,80,1,22.7,0.5,1.71,6.55,0.0,31.46
1,2024-01-02 16:28:00,2024-01-02 17:15:00,2,0.72,1,249,55,1,5.63,0.5,0.0,0.0,2.5,8.629999999999999
2,2024-01-08 20:16:00,2024-01-08 20:50:00,2,3.94,3,255,34,2,15.85,0.5,0.88,0.0,0.0,17.23
2,2024-01-06 10:13:00,2024-01-06 10:43:00,4,16.88,1,50,252,1,48.69,0.0,3.39,6.55,0.0,58.629999999999995
1,2024-01-11 00:14:00,2024-01-11 00:37:00,2,0.55,1,210,125,1,7.76,1.0,0.0,0.0,0.0,8.76
2,2024-01-09 04:41:00,2024-01-09 05:29:00,2,0.71,1,158,11,1,4.35,0.5,8.11,0.0,2.5,15.459999999999999
1,2024-01-09 03:45:00,2024-01-09 04:00:00,4,2.5,1,233,122,1,10.69,1.0,0.27,6.55,2.5,21.009999999999998
2,2024-01-10 01:05:00,2024-01-10 01:34:00,1,7.74,1,77,35,1,22.34,0.5,0.0,0.0,2.5,25.34
2,2024-01-03 07:56:00,2024-01-03 08:34:00,2,5.69,2,223,69,1,16.44,0.0,1.01,6.55,2.5,26.500000000000004
1,2024-01-10 22:08:00,2024-01-10 22:17:00,4,1.61,2,121,139,1,9.23,0.5,4.41,0.0,2.5,16.64
2,2024-01-05 13:00:00,2024-01-05 13:24:00,1,3.65,1,107,12,2,12.11,1.0,0.17,0.0,2.5,15.78
1,2024-01-12 09:42:00,2024-01-12 09:54:00,4,0.34,3,241,125,2,2.5,1.0,0.0,0.0,0.0,3.5
2,2024-01-03 07:42:00,2024-01-03 08:23:00,3,8.72,1,28,147,1,25.81,1.0,0.9,0.0,0.0,27.709999999999997
2,2024-01-07 07:18:00,2024-01-07 07:35:00,4,7.67,2,192,77,1,26.22,1.0,0.0,0.0,0.0,27.22
2,2024-01-02 23:24:00,2024-01-02 23:41:00,1,0.41,3,249,68,1,2.58,0.5,9.32,0.0,0.0,12.4
2,2024-01-08 05:16:00,2024-01-08 05:22:00,2,0.82,2,213,206,1,5.0,0.0,0.46,0.0,2.5,7.96
1,2024-01-13 03:22:00,2024-01-13 03:56:00,1,0.24,3,21,236,2,3.71,0.0,0.0,0.0,0.0,3.71
2,2024-01-13 15:27:00,2024-01-13 15:52:00,1,0.73,3,155,59,1,2.5,0.5,0.0,0.0,0.0,3.0
2,2024-01-10 17:18:00,2024-01-10 17:26:00,1,3.89,2,27,258,1,10.89,0.5,0.0,6.55,0.0,17.94
2,2024-01-10 05:01:00,2024-01-10 05:27:00,2,1.09,1,77,254,1,6.89,1.0,0.0,0.0,2.5,10.39
1,2024-01-14 13:39:00,2024-01-14 14:01:00,3,0.21,3,57,243,1,2.5,0.5,0.0,0.0,0.0,3.0
1,2024-01-03 03:33:00,2024-01-03 04:12:00,1,0.96,1,119,220,2,8.33,0.0,1.33,6.55,0.0,16.21
1,2024-01-09 03:22:00,2024-01-09 03:44:00,4,9.16,2,165,225,1,31.07,0.5,0.3,6.55,0.0,38.42
1,2024-01-14 09:20:00,2024-01-14 09:34:00,3,2.28,1,64,101,2,11.18,0.5,0.53,6.55,0.0,18.759999999999998
2,2024-01-09 02:05:00,2024-01-09 02:40:00,2,1.24,2,48,122,1,11.02,0.0,0.0,0.0,2.5,13.52
2,2024-01-11 11:23:00,2024-01-11 11:53:00,4,0.42,1,150,218,2,3.97,0.0,1.57,0.0,2.5,8.04
2,2024-01-01 16:28:00,2024-01-01 16:38:00,1,9.85,1,158,75,2,32.2,0.5,0.0,0.0,0.0,32.7
1,2024-01-05 11:26:00,2024-01-05 11:29:00,1,3.95,1,156,237,2,12.6,1.0,1.34,0.0,0.0,14.94
1,2024-01-12 08:15:00,2024-01-12 08:54:00,1,0.76,3,151,240,1,11.26,1.0,0.0,0.0,2.5,14.76
2,2024-01-12 04:53:00,2024-01-12 05:17:00,2,0.17,3,225,165,1,8.44,1.0,0.0,0.0,2.5,11.94
2,2024-01-02 04:02:00,2024-01-02 04:10:00,2,0.13,1,256,157,1,3.39,0.0,0.16,6.55,2.5,12.6
2,2024-01-04 21:46:00,2024-01-04 22:09:00,1,0.3,1,61,211,1,4.81,0.0,4.85,0.0,2.5,12.16
1,2024-01-06 03:44:00,2024-01-06 04:18:00,1,2.0,3,162,216,2,12.0,1.0,0.49,0.0,0.0,13.49
2,2024-01-09 22:17:00,2024-01-09 22:54:00,2,6.08,1,31,218,2,19.66,0.5,3.11,0.0,2.5,25.77
2,2024-01-09 10:35:00,2024-01-09 10:52:00,3,1.58,1,71,233,1,5.78,0.5,0.95,0.0,0.0,7.23
1,2024-01-13 00:37:00,2024-01-13 00:44:00,1,4.26,2,2,12,1,17.11,0.5,1.42,0.0,2.5,21.53
1,2024-01-14 21:02:00,2024-01-14 21:50:00,2,1.36,1,50,83,1,7.0,0.0,0.76,0.0,0.0,7.76
2,2024-01-08 22:25:00,2024-01-08 23:17:00,4,2.84,1,135,113,2,11.41,0.0,0.0,0.0,2.5,13.91
1,2024-01-02 09:00:00,2024-01-02 09:50:00,2,3.03,2,146,195,2,9.4,1.0,0.0,0.0,0.0,10.4
2,2024-01-11 18:42:00,2024-01-11 18:50:00,1,0.44,2,179,141,1,2.5,0.5,0.74,6.55,2.5,12.79
2,2024-01-14 12:00:00,2024-01-14 12:27:00,4,1.03,1,204,124,2,6.47,0.0,0.61,0.0,2.5,9.58
2,2024-01-07 05:44:00,2024-01-07 06:32:00,1,2.33,1,187,141,1,11.79,0.0,2.52,0.0,0.0,14.309999999999999
2,2024-01-12 22:15:00,2024-01-12 22:57:00,1,0.17,1,30,208,1,2.91,1.0,0.0,6.55,0.0,10.46
1,2024-01-12 00:43:00,2024-01-12 01:14:00,2,1.03,1,59,115,1,9.48,0.5,2.25,6.55,2.5,21.28
1,2024-01-04 17:50:00,2024-01-04 17:59:00,2,1.76,1,9,206,2,6.17,0.0,0.22,0.0,0.0,6.39
1,2024-01-13 22:39:00,2024-01-13 23:21:00,1,12.83,3,167,149,2,36.29,0.0,2.13,0.0,0.0,38.42
2,2024-01-14 21:14:00,2024-01-14 21:29:00,2,1.48,1,191,210,2,6.98,0.0,1.58,0.0,2.5,11.06
2,2024-01-02 02:47:00,2024-01-02 03:27:00,2,3.89,1,242,112,2,13.69,0.0,0.27,0.0,2.5,16.46
2,2024-01-05 13:33:00,2024-01-05 13:53:00,1,1.3,3,154,142,1,8.56,0.5,2.3,0.0,2.5,13.86
1,2024-01-13 01:28:00,2024-01-13 01:32:00,3,3.66,2,160,24,1,11.31,1.0,1.3,6.55,0.0,20.16
1,2024-01-05 00:16:00,2024-01-05 00:26:00,1,2.08,1,235,49,1,12.24,0.5,0.54,0.0,2.5,15.780000000000001
2,2024-01-03 13:16:00,2024-01-03 13:29:00,1,5.01,3,199,11,1,21.95,1.0,0.0,0.0,2.5,25.45
1,2024-01-03 08:20:00,2024-01-03 08:55:00,3,1.22,1,33,188,1,6.32,0.0,1.49,0.0,0.0,7.8100000000000005
1,2024-01-07 01:11:00,2024-01-07 01:51:00,4,2.13,2,89,68,1,12.09,0.5,0.21,6.55,0.0,19.35
1,2024-01-07 02:22:00,2024-01-07 03:12:00,1,2.29,1,95,90,1,6.77,1.0,6.95,0.0,2.5,17.22
1,2024-01-13 02:34:00,2024-01-13 03:03:00,1,1.24,1,221,110,2,9.16,1.0,0.0,0.0,0.0,10.16
2,2024-01-10 17:17:00,2024-01-10 17:39:00,3,0.36,2,69,164,1,6.63,0.0,0.24,0.0,0.0,6.87
1,2024-01-14 21:37:00,2024-01-14 21:51:00,3,0.23,1,237,206,2,5.8,1.0,3.81,0.0,2.5,13.11
2,2024-01-05 09:42:00,2024-01-05 10:27:00,1,0.04,1,160,32,2,3.07,1.0,0.0,0.0,0.0,4.07
1,2024-01-13 01:03:00,2024-01-13 01:36:00,1,4.76,1,42,74,1,13.33,1.0,2.0,0.0,0.0,16.33
2,2024-01-05 04:59:00,2024-01-05 05:28:00,2,0.62,1,66,251,1,3.13,0.0,0.71,0.0,0.0,3.84
2,2024-01-07 04:04:00,2024-01-07 04:38:00,3,0.55,3,21,21,1,2.98,0.5,2.91,0.0,2.5,8.89
1,2024-01-04 22:15:00,2024-01-04 22:27:00,4,3.06,1,70,73,1,9.12,0.0,2.82,6.55,0.0,18.49
2,2024-01-09 09:31:00,2024-01-09 09:36:00,4,0.89,1,246,41,1,5.8,1.0,0.0,0.0,2.5,9.3
2,2024-01-14 10:10:00,2024-01-14 10:57:00,3,1.62,1,235,94,1,6.49,1.0,0.0,0.0,2.5,9.99
1,2024-01-11 14:11:00,2024-01-11 14:40:00,1,0.41,1,99,132,1,2.5,0.5,0.0,0.0,0.0,3.0
2,2024-01-01 08:46:00,2024-01-01 09:23:00,3,7.39,2,35,99,1,21.04,1.0,0.0,0.0,2.5,24.54
1,2024-01-03 05:44:00,2024-01-03 06:17:00,1,4.39,1,171,53,1,13.5,0.5,0.34,0.0,2.5,16.84
2,2024-01-11 11:09:00,2024-01-11 11:26:00,1,4.59,1,110,229,1,18.66,1.0,0.91,0.0,2.5,23.07
1,2024-01-09 00:16:00,2024-01-09 00:34:00,4,1.2,1,10,128,2,4.71,1.0,0.0,0.0,0.0,5.71
1,2024-01-10 09:47:00,2024-01-10 10:02:00,3,3.31,1,202,212,1,10.98,0.0,3.91,0.0,2.5,17.39
1,2024-01-13 16:19:00,2024-01-13 17:10:00,2,0.36,1,257,159,2,2.87,0.0,0.89,6.55,2.5,12.81
1,2024-01-02 05:23:00,2024-01-02 06:00:00,1,0.02,1,181,233,1,3.9,0.5,0.59,0.0,2.5,7.49
1,2024-01-07 01:12:00,2024-01-07 02:06:00,4,0.05,1,66,71,2,4.28,0.0,3.93,0.0,2.5,10.71
2,2024-01-05 00:37:00,2024-01-05 00:50:00,1,2.03,1,161,205,2,5.68,0.5,4.87,0.0,2.5,13.55
2,2024-01-07 09:28:00,2024-01-07 09:51:00,2,1.4,1,67,189,1,9.47,0.0,1.16,0.0,2.5,13.13
1,2024-01-04 13:09:00,2024-01-04 14:02:00,4,1.68,1,100,151,1,11.29,0.5,0.06,0.0,2.5,14.35
2,2024-01-12 11:00:00,2024-01-12 11:13:00,1,0.02,3,77,8,2,2.5,1.0,2.61,0.0,0.0,6.109999999999999
2,2024-01-02 16:33:00,2024-01-02 17:05:00,2,1.26,1,35,100,1,4.1,0.5,3.37,0.0,0.0,7.97
2,2024-01-12 18:47:00,2024-01-12 19:37:00,1,2.91,1,45,16,2,10.02,0.0,0.04,0.0,0.0,10.059999999999999
1,2024-01-03 21:27:00,2024-01-03 22:04:00,1,1.34,3,150,154,2,4.86,0.5,1.99,0.0,2.5,9.850000000000001
1,2024-01-13 08:13:00,2024-01-13 08:37:00,2,3.03,1,68,157,1,12.04,0.0,1.95,0.0,2.5,16.49
2,2024-01-06 19:17:00,2024-01-06 19:57:00,3,0.61,1,254,93,2,2.5,1.0,0.0,0.0,0.0,3.5
1,2024-01-05 06:34:00,2024-01-05 07:07:00,1,3.86,2,17,37,1,11.01,0.0,3.05,0.0,2.5,16.56
1,2024-01-07 04:40:00,2024-01-07 04:56:00,2,2.04,3,213,161,1,12.56,1.0,1.23,0.0,2.5,17.29
2,2024-01-13 19:07:00,2024-01-13 19:33:00,4,0.54,1,256,174,1,2.5,1.0,2.48,0.0,0.0,5.98
1,2024-01-14 19:20:00,2024-01-14 20:12:00,1,0.62,1,216,18,2,7.84,0.0,1.6,0.0,2.5,11.94
1,2024-01-12 22:02:00,2024-01-12 22:53:00,1,2.27,1,7,16,2,10.24,1.0,0.0,0.0,0.0,11.24
1,2024-01-01 03:33:00,2024-01-01 04:07:00,4,4.07,3,199,68,1,11.4,0.0,0.0,0.0,0.0,11.4
1,2024-01-03 14:42:00,2024-01-03 15:20:00,1,1.24,1,91,30,2,8.06,0.5,0.0,0.0,2.5,11.06
1,2024-01-10 07:19:00,2024-01-10 07:53:00,1,0.69,1,147,225,1,4.64,1.0,0.0,0.0,0.0,5.64
2,2024-01-07 18:48:00,2024-01-07 19:05:00,2,4.64,2,150,164,2,14.85,0.5,1.05,0.0,2.5,18.9
1,2024-01-08 09:20:00,2024-01-08 10:05:00,1,2.54,1,52,14,2,10.72,0.5,0.0,0.0,2.5,13.72
1,2024-01-05 16:11:00,2024-01-05 16:48:00,3,1.37,1,243,156,1,8.02,0.0,9.72,0.0,0.0,17.740000000000002
2,2024-01-14 13:01:00,2024-01-14 13:06:00,2,1.54,3,219,122,1,9.08,0.0,2.15,6.55,2.5,20.28
2,2024-01-05 00:31:00,2024-01-05 00:49:00,1,0.53,1,6,170,2,7.43,1.0,6.44,0.0,2.5,17.37
1,2024-01-11 23:42:00,2024-01-11 23:49:00,1,2.27,1,109,10,2,10.38,0.0,0.0,6.55,0.0,16.93
2,2024-01-07 02:23:00,2024-01-07 02:46:00,3,1.02,1,66,172,1,2.86,0.5,0.92,0.0,2.5,6.78
1,2024-01-10 11:01:00,2024-01-10 11:13:00,1,12.5,1,10,13,1,36.82,0.5,0.0,0.0,2.5,39.82
2,2024-01-12 02:59:00,2024-01-12 03:20:00,2,1.5,1,202,213,1,14.56,0.5,3.97,6.55,0.0,25.580000000000002
1,2024-01-02 21:20:00,2024-01-02 21:47:00,3,1.53,2,214,161,2,9.1,1.0,4.67,0.0,2.5,17.27
2,2024-01-07 04:25:00,2024-01-07 04:31:00,4,1.92,2,68,232,2,14.3,0.0,1.53,6.55,2.5,24.88
1,2024-01-07 08:07:00,2024-01-07 08:38:00,2,5.72,1,247,160,2,22.5,0.5,0.0,0.0,2.5,25.5
2,2024-01-12 09:05:00,2024-01-12 09:26:00,3,3.71,1,50,127,1,13.99,1.0,0.3,0.0,0.0,15.290000000000001
1,2024-01-05 10:08:00,2024-01-05 10:53:00,1,1.38,1,17,48,2,7.62,0.0,1.95,0.0,0.0,9.57
1,2024-01-10 18:16:00,2024-01-10 18:20:00,2,2.92,3,11,61,2,11.08,0.0,0.0,0.0,0.0,11.08
1,2024-01-09 11:56:00,2024-01-09 12:08:00,1,2.03,1,124,122,2,5.68,0.5,2.61,6.55,2.5,17.84
2,2024-01-13 17:33:00,2024-01-13 18:18:00,1,1.56,3,225,90,1,7.41,1.0,0.8,0.0,0.0,9.21
2,2024-01-11 00:51:00,2024-01-11 01:18:00,2,0.49,2,244,255,2,7.4,0.5,0.0,6.55,0.0,14.45
1,2024-01-13 00:21:00,2024-01-13 00:43:00,2,1.43,3,29,90,2,5.5,0.5,0.05,6.55,0.0,12.6
1,2024-01-14 13:58:00,2024-01-14 14:48:00,2,0.65,1,59,3,1,5.85,1.0,0.0,6.55,0.0,13.399999999999999
1,2024-01-08 05:53:00,2024-01-08 06:14:00,4,5.67,1,143,117,1,21.0,0.5,0.0,0.0,2.5,24.0
1,2024-01-11 18:45:00,2024-01-11 19:10:00,3,0.94,3,226,98,1,3.36,1.0,5.55,0.0,0.0,9.91
2,2024-01-01 01:29:00,2024-01-01 01:55:00,1,7.0,1,164,162,2,21.47,1.0,0.0,0.0,2.5,24.97
2,2024-01-13 13:33:00,2024-01-13 13:46:00,4,1.75,2,84,82,2,5.36,0.5,1.12,6.55,0.0,13.530000000000001
2,2024-01-08 04:41:00,2024-01-08 05:29:00,1,2.3,3,117,148,2,7.38,0.5,0.0,0.0,2.5,10.379999999999999
1,2024-01-12 08:49:00,2024-01-12 09:25:00,1,1.8,2,204,6,2,5.04,0.0,5.19,0.0,0.0,10.23
1,2024-01-03 02:41:00,2024-01-03 03:11:00,1,0.32,2,145,185,2,2.5,0.0,0.0,0.0,2.5,5.0
2,2024-01-01 01:45:00,2024-01-01 01:52:00,1,1.08,1,27,252,1,9.57,1.0,0.87,0.0,0.0,11.44
2,2024-01-07 07:18:00,2024-01-07 07:25:00,1,0.24,3,17,25,2,2.5,1.0,6.32,0.0,2.5,12.32
2,2024-01-13 16:39:00,2024-01-13 17:32:00,2,2.24,1,63,41,2,9.59,1.0,2.34,0.0,0.0,12.93
2,2024-01-05 05:30:00,2024-01-05 05:53:00,2,1.36,3,64,169,1,5.55,0.0,1.67,0.0,2.5,9.719999999999999
1,2024-01-05 05:22:00,2024-01-05 05:36:00,4,3.46,3,39,3,1,15.64,0.5,0.5,0.0,0.0,16.64
1,2024-01-12 19:38:00,2024-01-12 20:30:00,1,0.57,2,130,171,2,7.87,0.5,3.94,0.0,2.5,14.81
1,2024-01-02 08:05:00,2024-01-02 08:11:00,1,0.41,2,115,57,2,6.31,0.0,0.5,0.0,0.0,6.81
2,2024-01-13 19:20:00,2024-01-13 20:11:00,3,1.2,2,45,83,2,7.13,0.5,0.0,0.0,2.5,10.129999999999999
1,2024-01-05 19:17:00,2024-01-05 20:01:00,1,6.01,2,216,179,2,19.25,0.5,0.47,0.0,0.0,20.22
2,2024-01-14 13:28:00,2024-01-14 13:50:00,2,2.85,1,88,133,2,8.0,0.5,0.38,0.0,0.0,8.88
2,2024-01-01 09:12:00,2024-01-01 09:52:00,1,1.25,1,177,86,2,11.36,0.0,0.0,0.0,0.0,11.36
2,2024-01-03 17:11:00,2024-01-03 17:38:00,4,1.68,1,105,94,1,5.8,1.0,2.03,0.0,2.5,11.33
2,2024-01-03 08:29:00,2024-01-03 08:45:00,2,0.2,2,171,250,1,5.22,0.5,2.23,0.0,0.0,7.949999999999999
2,2024-01-10 11:09:00,2024-01-10 11:22:00,1,9.6,2,108,198,1,32.53,0.5,6.79,0.0,0.0,39.82
1,2024-01-02 16:30:00,2024-01-02 17:04:00,1,2.53,1,161,79,1,8.7,1.0,0.58,0.0,0.0,10.28
1,2024-01-01 07:38:00,2024-01-01 07:51:00,2,0.77,2,40,166,2,7.75,0.5,0.01,0.0,2.5,10.76
1,2024-01-10 07:15:00,2024-01-10 07:35:00,1,2.03,1,26,39,1,10.59,0.5,2.01,0.0,2.5,15.6
2,2024-01-01 03:27:00,2024-01-01 03:56:00,2,0.27,3,83,214,1,8.08,1.0,1.56,6.55,0.0,17.19
1,2024-01-01 14:59:00,2024-01-01 15:19:00,1,7.77,1,173,131,1,23.58,0.0,1.43,6.55,0.0,31.56
2,2024-01-09 02:13:00,2024-01-09 02:38:00,2,0.44,1,173,157,1,2.5,0.0,0.0,0.0,2.5,5.0
1,2024-01-12 09:25:00,2024-01-12 09:38:00,3,2.4,1,70,159,2,8.46,0.5,0.0,0.0,2.5,11.46
2,2024-01-06 23:21:00,2024-01-06 23:44:00,2,0.65,1,6,227,2,5.34,0.5,0.75,0.0,2.5,9.09
2,2024-01-01 14:54:00,2024-01-01 15:40:00,1,2.91,1,195,45,1,11.29,1.0,0.71,6.55,0.0,19.55
1,2024-01-01 08:34:00,2024-01-01 08:41:00,2,3.45,3,13,201,1,11.68,1.0,0.0,0.0,0.0,12.68
2,2024-01-03 20:29:00,2024-01-03 20:54:00,1,2.57,2,63,22,1,7.2,0.5,0.0,0.0,2.5,10.2
1,2024-01-10 04:58:00,2024-01-10 05:41:00,2,2.19,1,13,242,1,10.31,0.5,0.0,0.0,0.0,10.81
1,2024-01-11 15:13:00,2024-01-11 15:40:00,4,5.13,1,249,229,2,22.29,0.0,0.81,0.0,2.5,25.599999999999998
1,2024-01-11 15:49:00,2024-01-11 16:32:00,1,0.19,1,205,238,1,4.69,0.0,8.47,0.0,2.5,15.66
2,2024-01-05 23:39:00,2024-01-05 23:51:00,2,0.92,3,253,149,2,7.1,0.0,0.0,0.0,2.5,9.6
2,2024-01-08 04:06:00,2024-01-08 04:30:00,4,0.66,1,40,67,1,6.28,0.0,0.0,6.55,2.5,15.33
2,2024-01-09 04:27:00,2024-01-09 04:48:00,3,10.18,1,165,7,2,32.5,1.0,8.73,6.55,0.0,48.78
2,2024-01-02 02:00:00,2024-01-02 02:03:00,2,1.13,1,31,233,1,8.49,0.0,10.41,0.0,2.5,21.4
1,2024-01-10 10:52:00,2024-01-10 11:01:00,1,3.03,1,17,256,1,12.47,0.0,0.97,6.55,0.0,19.990000000000002
2,2024-01-13 06:10:00,2024-01-13 06:16:00,1,2.65,1,137,67,2,9.64,0.5,1.3,0.0,0.0,11.440000000000001
1,2024-01-14 21:42:00,2024-01-14 21:45:00,1,0.55,3,165,250,2,2.55,0.0,0.0,6.55,2.5,11.6
1,2024-01-14 18:11:00,2024-01-14 18:28:00,4,0.63,2,223,77,2,4.14,0.5,2.06,0.0,0.0,6.699999999999999
2,2024-01-04 07:40:00,2024-01-04 08:22:00,2,0.76,2,122,87,2,5.91,0.5,0.53,0.0,0.0,6.94
2,2024-01-13 17:11:00,2024-01-13 17:25:00,3,1.22,3,78,252,2,5.63,0.0,2.57,0.0,0.0,8.2
1,2024-01-09 06:14:00,2024-01-09 06:38:00,4,0.61,1,88,222,1,5.49,0.0,0.51,0.0,2.5,8.5
2,2024-01-02 15:16:00,2024-01-02 15:40:00,1,0.05,3,113,72,1,4.24,0.5,0.91,6.55,2.5,14.7
1,2024-01-04 07:50:00,2024-01-04 08:42:00,1,4.87,1,100,202,2,18.72,1.0,0.57,0.0,2.5,22.79
2,2024-01-12 14:10:00,2024-01-12 14:59:00,1,7.75,1,239,59,1,27.91,0.5,0.62,6.55,0.0,35.58
2,2024-01-14 22:09:00,2024-01-14 22:28:00,3,0.96,1,111,221,1,5.88,1.0,0.0,6.55,0.0,13.43
1,2024-01-08 01:41:00,2024-01-08 02:12:00,1,0.95,1,90,157,2,2.66,1.0,4.68,6.55,2.5,17.39
1,2024-01-05 21:37:00,2024-01-05 22:25:00,1,0.02,2,139,181,2,2.5,0.0,0.77,0.0,0.0,3.27
1,2024-01-12 04:02:00,2024-01-12 04:18:00,1,2.62,2,135,213,1,10.45,0.0,0.2,0.0,2.5,13.149999999999999
2,2024-01-01 11:01:00,2024-01-01 11:53:00,1,4.01,1,12,129,1,11.23,0.0,0.2,0.0,2.5,13.93
2,2024-01-04 05:24:00,2024-01-04 05:46:00,1,0.36,1,244,243,2,7.48,0.0,1.79,6.55,2.5,18.32
2,2024-01-11 21:51:00,2024-01-11 22:43:00,3,0.4,1,182,172,2,4.48,0.5,0.0,0.0,0.0,4.98
1,2024-01-03 00:40:00,2024-01-03 01:30:00,1,3.59,1,195,163,1,14.01,1.0,0.0,0.0,0.0,15.01
1,2024-01-12 02:42:00,2024-01-12 03:17:00,1,2.2,1,122,24,1,12.57,0.5,0.23,0.0,2.5,15.8
2,2024-01-10 17:45:00,2024-01-10 18:30:00,2,0.11,1,53,193,2,2.5,1.0,1.27,0.0,2.5,7.27
1,2024-01-07 05:06:00,2024-01-07 05:23:00,2,2.24,2,173,129,1,10.71,0.5,0.0,0.0,2.5,13.71
2,2024-01-09 20:12:00,2024-01-09 20:26:00,4,0.85,1,179,41,2,5.11,1.0,0.77,0.0,0.0,6.880000000000001
1,2024-01-05 07:56:00,2024-01-05 08:38:00,1,1.06,1,59,31,2,5.51,0.0,0.79,0.0,2.5,8.8
2,2024-01-12 07:49:00,2024-01-12 08:11:00,1,3.38,1,54,36,2,10.53,1.0,1.22,6.55,2.5,21.8
2,2024-01-10 09:18:00,2024-01-10 09:50:00,3,3.83,1,257,253,2,17.89,0.0,0.83,0.0,0.0,18.72
2,2024-01-01 05:52:00,2024-01-01 06:32:00,1,1.18,1,245,215,1,5.37,1.0,0.0,0.0,0.0,6.37
1,2024-01-05 20:45:00,2024-01-05 20:50:00,1,6.76,3,149,256,2,23.68,0.5,0.09,0.0,0.0,24.27
1,2024-01-10 17:56:00,2024-01-10 18:26:00,2,1.2,1,16,186,1,3.36,1.0,0.59,6.55,2.5,14.0
2,2024-01-12 11:42:00,2024-01-12 12:10:00,1,3.4,1,176,61,1,15.47,0.5,0.0,0.0,0.0,15.97
2,2024-01-01 15:56:00,2024-01-01 16:28:00,2,1.52,1,28,111,2,9.89,0.5,3.95,0.0,2.5,16.84
2,2024-01-02 10:31:00,2024-01-02 10:46:00,1,5.24,1,129,141,1,17.92,0.0,0.0,0.0,2.5,20.42
2,2024-01-06 23:15:00,2024-01-06 23:30:00,1,5.48,3,223,233,1,17.78,1.0,8.01,6.55,2.5,35.839999999999996
2,2024-01-11 12:20:00,2024-01-11 12:24:00,4,0.21,1,244,23,2,4.59,0.5,2.6,0.0,0.0,7.6899999999999995
2,2024-01-09 21:23:00,2024-01-09 22:02:00,3,6.34,1,238,79,2,26.47,1.0,0.7,0.0,2.5,30.669999999999998
1,2024-01-03 09:33:00,2024-01-03 10:24:00,1,4.02,1,232,31,2,11.26,0.0,1.34,0.0,0.0,12.6
1,2024-01-05 15:15:00,2024-01-05 15:55:00,1,3.6,3,92,4,1,15.04,0.0,0.78,6.55,0.0,22.369999999999997
1,2024-01-01 15:55:00,2024-01-01 15:59:00,4,0.52,1,3,118,1,2.5,1.0,0.36,0.0,0.0,3.86
1,2024-01-05 08:55:00,2024-01-05 09:33:00,2,3.76,1,81,66,2,13.48,0.5,0.0,0.0,2.5,16.48
2,2024-01-12 01:21:00,2024-01-12 01:49:00,2,4.37,1,44,176,1,14.62,0.5,0.0,0.0,0.0,15.12
2,2024-01-13 13:36:00,2024-01-13 13:49:00,2,0.78,1,155,123,1,4.11,0.5,0.0,0.0,2.5,7.11
2,2024-01-11 14:42:00,2024-01-11 14:52:00,1,7.0,1,24,231,1,22.57,1.0,0.99,0.0,2.5,27.06
1,2024-01-04 06:23:00,2024-01-04 07:09:00,2,0.12,1,99,43,1,2.5,0.5,0.94,6.55,0.0,10.49
1,2024-01-05 13:23:00,2024-01-05 14:05:00,2,0.37,1,171,4,2,6.61,0.5,1.39,0.0,2.5,11.0
2,2024-01-09 08:03:00,2024-01-09 08:48:00,1,1.77,1,148,190,1,4.96,0.5,2.28,0.0,0.0,7.74
1,2024-01-08 12:17:00,2024-01-08 12:41:00,2,1.97,2,123,250,2,9.87,0.0,0.0,0.0,0.0,9.87
1,2024-01-08 18:11:00,2024-01-08 18:33:00,1,2.38,1,112,144,1,8.85,0.5,0.87,0.0,0.0,10.219999999999999
2,2024-01-09 17:42:00,2024-01-09 17:52:00,2,0.04,1,130,158,1,2.5,1.0,0.0,0.0,0.0,3.5
2,2024-01-09 11:21:00,2024-01-09 11:52:00,3,7.42,1,68,65,2,24.28,1.0,1.09,0.0,2.5,28.87
2,2024-01-13 08:18:00,2024-01-13 09:00:00,3,0.1,1,217,75,1,2.5,0.5,0.0,0.0,0.0,3.0
1,2024-01-09 15:53:00,2024-01-09 16:21:00,2,0.36,1,96,29,1,4.11,1.0,0.0,0.0,2.5,7.61
2,2024-01-07 13:41:00,2024-01-07 14:13:00,1,0.03,1,145,238,2,2.5,1.0,0.65,0.0,2.5,6.65
2,2024-01-14 22:58:00,2024-01-14 23:17:00,2,1.92,3,33,153,1,9.53,0.5,0.0,0.0,0.0,10.03
2,2024-01-11 19:56:00,2024-01-11 20:18:00,1,6.19,1,5,94,1,18.02,0.0,0.0,0.0,2.5,20.52
1,2024-01-01 08:49:00,2024-01-01 09:43:00,4,2.52,1,118,237,2,8.93,0.5,1.87,0.0,0.0,11.3
1,2024-01-14 10:22:00,2024-01-14 10:40:00,4,3.98,1,140,115,1,14.88,1.0,0.0,6.55,0.0,22.43
2,2024-01-14 20:55:00,2024-01-14 21:43:00,1,0.03,1,230,219,1,2.5,1.0,0.0,0.0,0.0,3.5
2,2024-01-09 20:45:00,2024-01-09 21:30:00,1,1.8,1,160,246,1,7.9,0.5,0.0,0.0,2.5,10.9
1,2024-01-10 15:50:00,2024-01-10 15:59:00,4,1.42,1,249,32,1,3.98,1.0,1.19,0.0,0.0,6.17
1,2024-01-09 00:41:00,2024-01-09 00:59:00,2,1.59,1,186,20,2,9.03,0.0,2.02,0.0,2.5,13.549999999999999
2,2024-01-07 08:11:00,2024-01-07 08:58:00,3,0.17,1,40,53,1,7.89,0.5,0.0,0.0,0.0,8.39
1,2024-01-01 08:45:00,2024-01-01 09:34:00,1,2.65,1,224,206,2,17.4,1.0,4.05,0.0,2.5,24.95
2,2024-01-12 09:05:00,2024-01-12 09:55:00,2,1.61,1,152,219,2,7.74,0.0,2.44,6.55,0.0,16.73
2,2024-01-01 06:14:00,2024-01-01 06:43:00,1,3.33,1,140,195,2,14.29,1.0,2.26,0.0,2.5,20.049999999999997
1,2024-01-09 11:17:00,2024-01-09 11:42:00,1,1.53,1,128,195,2,4.28,0.0,6.55,0.0,0.0,10.83
2,2024-01-04 05:28:00,2024-01-04 05:54:00,4,0.37,3,147,82,1,7.79,1.0,0.0,0.0,2.5,11.29
2,2024-01-02 15:25:00,2024-01-02 15:36:00,1,2.4,2,218,1,1,11.66,0.5,3.93,0.0,0.0,16.09
1,2024-01-13 10:29:00,2024-01-13 11:06:00,1,0.44,1,220,167,2,3.02,1.0,5.6,6.55,2.5,18.669999999999998
2,2024-01-02 03:26:00,2024-01-02 04:19:00,1,4.74,3,145,183,2,19.36,0.5,1.49,6.55,0.0,27.9
1,2024-01-01 00:13:00,2024-01-01 00:35:00,4,2.18,2,242,157,1,8.47,0.0,0.0,0.0,2.5,10.97
2,2024-01-04 04:39:00,2024-01-04 05:18:00,2,0.39,2,60,201,2,2.95,0.0,0.0,0.0,0.0,2.95
2,2024-01-02 13:58:00,2024-01-02 14:42:00,1,7.54,2,98,192,1,25.3,1.0,0.38,0.0,0.0,26.68
1,2024-01-10 22:16:00,2024-01-10 22:35:00,2,1.68,3,181,76,1,5.05,0.5,1.94,0.0,0.0,7.49
1,2024-01-03 04:35:00,2024-01-03 05:24:00,1,0.17,1,114,140,2,6.03,0.5,0.48,0.0,2.5,9.51
1,2024-01-06 18:41:00,2024-01-06 19:14:00,1,2.27,1,103,196,1,6.72,0.0,0.0,0.0,2.5,9.219999999999999
1,2024-01-03 15:34:00,2024-01-03 15:44:00,1,0.67,2,57,61,1,2.5,0.0,4.54,0.0,0.0,7.04
1,2024-01-10 02:45:00,2024-01-10 03:02:00,2,3.74,1,129,83,1,11.2,1.0,0.0,6.55,2.5,21.25
1,2024-01-03 05:36:00,2024-01-03 06:09:00,3,3.92,1,86,5,2,15.87,0.0,0.07,0.0,0.0,15.94
2,2024-01-02 11:13:00,2024-01-02 11:45:00,2,8.88,1,200,219,2,26.32,0.0,2.05,0.0,0.0,28.37
1,2024-01-08 02:38:00,2024-01-08 03:26:00,2,1.6,1,71,254,2,4.48,0.5,0.88,0.0,0.0,5.86
2,2024-01-10 13:20:00,2024-01-10 13:42:00,4,1.4,1,98,88,2,5.41,0.5,0.0,0.0,2.5,8.41
1,2024-01-09 17:48:00,2024-01-09 18:29:00,3,3.22,1,176,209,1,11.94,0.5,0.0,0.0,0.0,12.44
2,2024-01-03 08:14:00,2024-01-03 08:28:00,1,0.33,1,233,180,1,2.5,0.0,0.2,6.55,2.5,11.75
2,2024-01-05 11:10:00,2024-01-05 12:01:00,2,1.82,1,75,208,1,5.22,1.0,0.01,0.0,2.5,8.73
1,2024-01-14 18:50:00,2024-01-14 19:09:00,1,1.82,1,143,65,1,13.37,1.0,5.03,0.0,0.0,19.4
2,2024-01-14 12:25:00,2024-01-14 13:09:00,3,0.22,2,23,21,1,2.5,0.0,0.54,0.0,2.5,5.54
2,2024-01-09 07:30:00,2024-01-09 08:02:00,1,1.24,1,181,177,2,5.66,1.0,1.22,0.0,2.5,10.379999999999999
2,2024-01-01 10:29:00,2024-01-01 11:00:00,1,4.41,1,45,22,1,14.43,0.0,7.86,0.0,2.5,24.79
1,2024-01-12 13:33:00,2024-01-12 13:54:00,1,4.46,2,92,36,1,14.43,1.0,3.86,6.55,0.0,25.84
1,2024-01-08 12:31:00,2024-01-08 13:19:00,2,0.24,1,34,250,1,5.23,0.0,0.25,0.0,0.0,5.48
2,2024-01-04 23:24:00,2024-01-04 23:37:00,1,0.22,1,166,149,1,5.99,0.5,1.56,0.0,2.5,10.55
1,2024-01-08 16:43:00,2024-01-08 17:19:00,1,0.7,1,70,73,2,4.2,1.0,2.88,0.0,2.5,10.58
1,2024-01-10 03:09:00,2024-01-10 04:01:00,1,4.78,1,196,91,1,13.38,0.5,2.64,0.0,0.0,16.52
2,2024-01-14 18:16:00,2024-01-14 18:25:00,1,0.32,1,133,176,1,7.08,0.5,3.15,0.0,0.0,10.73
2,2024-01-07 13:52:00,2024-01-07 14:38:00,1,2.93,1,247,126,1,10.97,1.0,0.0,6.55,2.5,21.02
1,2024-01-05 08:36:00,2024-01-05 09:12:00,4,0.25,1,168,204,1,8.03,0.0,0.43,6.55,0.0,15.009999999999998
1,2024-01-11 20:35:00,2024-01-11 20:57:00,3,2.24,3,156,246,1,6.27,0.5,1.38,0.0,0.0,8.149999999999999
1,2024-01-05 02:15:00,2024-01-05 03:07:00,2,1.01,3,23,99,1,6.32,0.5,0.0,0.0,2.5,9.32
2,2024-01-10 17:14:00,2024-01-10 17:54:00,1,3.58,1,200,44,2,17.82,0.0,2.06,6.55,0.0,26.43
1,2024-01-08 07:52:00,2024-01-08 08:18:00,3,0.61,1,50,222,2,3.82,0.0,0.16,0.0,2.5,6.48
1,2024-01-12 18:39:00,2024-01-12 18:51:00,2,2.34,3,186,97,1,8.99,1.0,0.15,0.0,2.5,12.64
1,2024-01-05 05:39:00,2024-01-05 06:13:00,3,0.62,1,20,36,1,5.47,1.0,7.39,6.55,2.5,22.91
2,2024-01-07 14:19:00,2024-01-07 15:13:00,4,2.88,2,116,168,1,9.67,0.0,0.36,6.55,2.5,19.08
2,2024-01-14 14:16:00,2024-01-14 14:33:00,4,4.76,3,92,30,2,15.55,0.5,0.77,0.0,0.0,16.82
2,2024-01-03 04:58:00,2024-01-03 05:37:00,1,0.31,1,53,85,1,3.02,0.0,3.21,0.0,0.0,6.23
1,2024-01-14 06:38:00,2024-01-14 07:00:00,1,4.63,3,123,121,1,14.4,1.0,0.0,0.0,0.0,15.4
1,2024-01-05 05:56:00,2024-01-05 06:01:00,2,2.07,1,4,248,2,11.87,0.5,0.44,0.0,0.0,12.809999999999999
2,2024-01-11 19:23:00,2024-01-11 20:02:00,3,0.31,2,169,184,1,5.02,0.5,0.0,0.0,2.5,8.02
1,2024-01-03 11:28:00,2024-01-03 12:10:00,3,1.28,1,73,253,1,7.21,1.0,1.85,6.55,0.0,16.61
1,2024-01-07 20:07:00,2024-01-07 20:17:00,1,0.4,1,137,209,1,6.14,0.5,0.0,0.0,2.5,9.14
1,2024-01-10 19:35:00,2024-01-10 20:17:00,1,2.77,1,256,24,2,10.1,0.0,0.0,0.0,2.5,12.6
2,2024-01-13 21:47:00,2024-01-13 22:33:00,2,3.27,1,141,122,2,10.22,1.0,0.74,0.0,2.5,14.46
1,2024-01-13 08:14:00,2024-01-13 08:39:00,2,0.26,2,208,225,1,2.5,0.5,2.38,0.0,0.0,5.38
1,2024-01-02 05:02:00,2024-01-02 05:44:00,1,1.62,1,38,123,1,7.54,1.0,0.0,0.0,2.5,11.04
2,2024-01-13 17:09:00,2024-01-13 17:22:00,1,3.88,1,203,173,2,11.22,0.5,0.0,6.55,2.5,20.77
1,2024-01-01 10:19:00,2024-01-01 11:07:00,1,6.33,1,224,143,1,19.47,0.0,2.97,0.0,0.0,22.439999999999998
2,2024-01-13 06:18:00,2024-01-13 06:28:00,2,1.66,1,52,169,1,6.36,1.0,0.56,0.0,2.5,10.42
1,2024-01-13 01:00:00,2024-01-13 01:31:00,3,6.9,1,81,57,2,27.63,0.5,0.0,0.0,0.0,28.13
2,2024-01-02 08:19:00,2024-01-02 08:51:00,1,1.76,1,211,42,1,4.93,0.0,0.37,6.55,0.0,11.85
2,2024-01-12 02:41:00,2024-01-12 02:53:00,1,1.15,2,7,119,2,5.77,0.0,0.0,0.0,2.5,8.27
1,2024-01-01 16:08:00,2024-01-01 16:49:00,3,4.34,1,45,121,1,19.47,0.0,0.0,6.55,2.5,28.52
1,2024-01-11 07:26:00,2024-01-11 07:56:00,1,1.56,2,259,251,1,7.67,0.5,2.47,0.0,0.0,10.64
2,2024-01-01 04:41:00,2024-01-01 05:32:00,1,1.47,2,142,182,1,9.0,0.5,0.26,0.0,0.0,9.76
1,2024-01-11 16:00:00,2024-01-11 16:38:00,4,1.55,1,258,165,1,7.59,0.0,0.0,0.0,2.5,10.09
2,2024-01-05 08:22:00,2024-01-05 08:37:00,1,4.31,1,37,210,2,13.4,0.0,0.56,6.55,2.5,23.01
1,2024-01-01 17:38:00,2024-01-01 18:12:00,4,4.1,1,45,11,1,11.48,0.0,0.28,0.0,2.5,14.26
1,2024-01-08 10:44:00,2024-01-08 11:22:00,2,1.19,1,120,182,1,6.85,0.0,0.0,0.0,2.5,9.35
1,2024-01-04 14:18:00,2024-01-04 14:57:00,4,0.93,1,46,251,1,3.66,0.0,0.41,0.0,2.5,6.57
1,2024-01-05 20:20:00,2024-01-05 20:48:00,2,1.56,2,140,138,1,5.37,0.5,0.21,0.0,2.5,8.58
2,2024-01-07 09:20:00,2024-01-07 09:44:00,1,1.96,1,53,218,1,7.24,1.0,3.52,6.55,2.5,20.81
2,2024-01-01 20:29:00,2024-01-01 20:35:00,3,0.63,2,62,239,2,9.13,1.0,1.51,6.55,2.5,20.69
1,2024-01-06 21:07:00,2024-01-06 21:40:00,1,3.63,3,54,87,2,19.18,1.0,1.08,0.0,2.5,23.759999999999998
1,2024-01-14 06:44:00,2024-01-14 07:04:00,1,1.53,3,69,92,1,7.83,0.5,6.62,0.0,2.5,17.45
1,2024-01-02 14:09:00,2024-01-02 14:49:00,1,0.94,2,242,208,1,4.47,1.0,1.02,6.55,0.0,13.04
1,2024-01-01 20:39:00,2024-01-01 21:05:00,1,0.26,1,252,204,2,2.5,1.0,0.4,6.55,0.0,10.45
1,2024-01-04 17:30:00,2024-01-04 17:55:00,2,0.63,1,71,186,1,5.94,1.0,0.0,0.0,0.0,6.94
2,2024-01-12 05:30:00,2024-01-12 05:54:00,1,6.86,1,100,85,2,26.67,1.0,0.6,6.55,0.0,34.82
2,2024-01-01 02:05:00,2024-01-01 02:09:00,1,0.84,1,61,152,1,4.73,0.0,0.0,0.0,2.5,7.23
1,2024-01-09 16:24:00,2024-01-09 16:57:00,1,0.43,1,103,156,2,2.5,0.5,0.76,0.0,0.0,3.76
2,2024-01-11 16:38:00,2024-01-11 16:51:00,2,1.42,1,119,21,2,8.65,1.0,1.6,0.0,2.5,13.75
2,2024-01-05 14:38:00,2024-01-05 15:08:00,2,0.84,1,17,161,1,7.82,0.0,2.43,0.0,2.5,12.75
1,2024-01-05 13:30:00,2024-01-05 14:18:00,2,0.08,2,191,156,1,2.5,1.0,3.3,0.0,2.5,9.3
2,2024-01-03 06:09:00,2024-01-03 06:43:00,2,0.9,3,212,143,2,5.96,1.0,2.72,0.0,2.5,12.18
2,2024-01-07 07:50:00,2024-01-07 07:57:00,2,1.81,1,78,257,1,9.2,1.0,0.0,0.0,2.5,12.7
2,2024-01-06 06:35:00,2024-01-06 07:15:00,1,1.85,1,46,107,2,8.0,1.0,0.27,6.55,0.0,15.82
2,2024-01-10 10:45:00,2024-01-10 10:57:00,2,1.01,1,93,50,1,3.85,1.0,1.72,0.0,0.0,6.569999999999999
1,2024-01-09 09:55:00,2024-01-09 10:37:00,1,1.36,1,13,35,2,9.35,0.0,0.49,0.0,0.0,9.84
2,2024-01-05 08:54:00,2024-01-05 09:42:00,2,7.74,1,228,224,2,23.66,1.0,0.2,0.0,2.5,27.36
2,2024-01-04 23:57:00,2024-01-05 00:23:00,2,1.09,2,17,156,1,3.05,0.0,1.65,0.0,0.0,4.699999999999999
2,2024-01-09 17:55:00,2024-01-09 18:32:00,2,0.69,1,62,191,1,2.5,1.0,0.0,0.0,0.0,3.5
1,2024-01-02 08:49:00,2024-01-02 09:35:00,3,0.64,1,43,184,1,7.94,0.5,3.1,0.0,2.5,14.040000000000001
2,2024-01-08 15:05:00,2024-01-08 15:55:00,4,1.41,1,68,237,1,8.49,0.0,0.83,0.0,2.5,11.82
2,2024-01-12 23:55:00,2024-01-13 00:20:00,1,3.28,1,212,58,1,12.4,1.0,0.0,0.0,0.0,13.4
2,2024-01-04 02:30:00,2024-01-04 02:49:00,1,0.53,1,203,39,2,3.38,0.0,3.13,6.55,2.5,15.559999999999999
1,2024-01-08 02:25:00,2024-01-08 02:28:00,1,2.84,1,214,241,1,9.63,1.0,0.13,0.0,2.5,13.260000000000002
1,2024-01-07 15:16:00,2024-01-07 15:49:00,1,0.05,1,109,25,2,2.5,1.0,0.0,0.0,0.0,3.5
1,2024-01-07 09:26:00,2024-01-07 09:59:00,2,1.25,2,94,117,1,5.42,0.0,1.82,6.55,0.0,13.79
1,2024-01-07 22:31:00,2024-01-07 23:15:00,3,3.44,1,225,240,1,9.63,1.0,2.61,6.55,2.5,22.29
1,2024-01-06 05:19:00,2024-01-06 06:03:00,1,0.95,1,225,175,1,3.82,1.0,0.0,6.55,2.5,13.870000000000001
2,2024-01-10 11:49:00,2024-01-10 12:25:00,4,1.91,1,239,228,1,7.57,1.0,1.45,0.0,0.0,10.02
1,2024-01-04 04:52:00,2024-01-04 05:03:00,4,0.53,3,118,253,1,6.01,1.0,1.01,0.0,0.0,8.02
2,2024-01-09 14:13:00,2024-01-09 14:37:00,3,3.12,1,91,111,1,11.64,1.0,0.0,0.0,0.0,12.64
1,2024-01-13 05:02:00,2024-01-13 05:17:00,1,0.12,1,19,241,1,5.32,1.0,6.43,0.0,2.5,15.25
1,2024-01-11 19:12:00,2024-01-11 19:39:00,2,4.4,1,175,224,1,18.69,0.0,0.84,6.55,0.0,26.080000000000002
1,2024-01-11 04:06:00,2024-01-11 04:56:00,4,0.51,1,106,52,1,7.07,0.5,0.14,6.55,0.0,14.26
2,2024-01-04 15:18:00,2024-01-04 15:38:00,3,4.77,1,248,221,2,17.53,1.0,0.4,6.55,0.0,25.48
2,2024-01-11 19:37:00,2024-01-11 20:30:00,1,1.0,3,142,152,2,5.83,0.0,4.28,0.0,2.5,12.61
2,2024-01-11 18:24:00,2024-01-11 18:38:00,1,2.95,2,193,118,1,8.81,0.5,1.94,0.0,2.5,13.75
1,2024-01-03 13:59:00,2024-01-03 14:41:00,3,0.88,3,208,135,1,7.31,0.0,3.32,0.0,0.0,10.629999999999999
1,2024-01-01 05:02:00,2024-01-01 05:21:00,2,5.44,1,248,209,2,22.43,0.5,0.0,6.55,2.5,31.98
1,2024-01-09 10:24:00,2024-01-09 10:41:00,4,0.31,1,142,127,1,4.72,0.5,3.81,0.0,0.0,9.03
1,2024-01-13 01:30:00,2024-01-13 02:14:00,4,0.45,1,222,7,1,9.05,0.5,0.0,0.0,0.0,9.55
1,2024-01-07 23:35:00,2024-01-07 23:52:00,2,1.56,1,225,222,1,4.37,0.0,0.0,0.0,0.0,4.37
1,2024-01-04 02:00:00,2024-01-04 02:17:00,2,0.2,1,184,77,1,2.5,0.5,0.35,0.0,2.5,5.85
2,2024-01-03 03:12:00,2024-01-03 03:53:00,2,0.5,2,188,227,1,6.54,1.0,1.88,6.55,0.0,15.969999999999999
2,2024-01-10 10:38:00,2024-01-10 10:53:00,4,6.62,2,113,117,1,22.2,1.0,1.0,0.0,2.5,26.7
1,2024-01-10 22:07:00,2024-01-10 22:26:00,1,8.63,1,181,157,1,30.45,0.5,1.8,0.0,2.5,35.25
2,2024-01-10 16:45:00,2024-01-10 17:19:00,1,1.09,1,199,60,1,6.01,0.5,0.0,0.0,0.0,6.51
2,2024-01-14 13:08:00,2024-01-14 13:19:00,1,5.91,2,70,184,2,17.38,1.0,0.0,0.0,2.5,20.88
2,2024-01-07 14:39:00,2024-01-07 15:21:00,2,1.81,3,86,144,1,7.53,0.0,0.07,6.55,0.0,14.15
1,2024-01-10 07:00:00,2024-01-10 07:22:00,2,0.72,1,39,161,1,2.5,0.0,0.0,6.55,0.0,9.05
1,2024-01-09 05:45:00,2024-01-09 06:13:00,1,2.79,3,131,89,1,7.99,1.0,0.0,0.0,0.0,8.99
1,2024-01-06 15:25:00,2024-01-06 15:54:00,2,2.47,2,10,16,2,12.35,0.0,0.0,0.0,0.0,12.35
1,2024-01-03 06:51:00,2024-01-03 07:14:00,2,10.4,2,3,249,1,34.3,0.0,2.32,0.0,2.5,39.12
2,2024-01-03 19:13:00,2024-01-03 19:33:00,4,0.71,1,150,98,2,5.9,0.5,1.74,0.0,0.0,8.14
1,2024-01-04 13:05:00,2024-01-04 13:20:00,3,2.56,1,67,104,1,7.17,0.0,0.0,0.0,0.0,7.17
1,2024-01-12 20:47:00,2024-01-12 21:05:00,4,0.12,1,193,235,1,2.5,1.0,0.0,0.0,0.0,3.5
1,2024-01-06 15:33:00,2024-01-06 15:44:00,1,0.28,1,97,239,2,2.5,0.0,1.17,0.0,0.0,3.67
2,2024-01-12 18:38:00,2024-01-12 18:52:00,2,0.01,1,19,115,1,5.97,0.5,2.11,0.0,2.5,11.08
2,2024-01-04 23:04:00,2024-01-04 23:50:00,1,17.31,1,98,12,1,50.01,1.0,0.0,6.55,2.5,60.059999999999995
2,2024-01-06 10:48:00,2024-01-06 11:28:00,2,3.73,1,57,73,1,10.73,1.0,1.07,6.55,0.0,19.35
2,2024-01-10 00:15:00,2024-01-10 00:36:00,2,3.55,1,107,178,2,13.01,1.0,2.91,6.55,2.5,25.970000000000002
2,2024-01-05 19:24:00,2024-01-05 19:33:00,3,1.64,1,88,259,1,5.99,0.5,2.14,0.0,0.0,8.63
1,2024-01-14 14:54:00,2024-01-14 15:31:00,1,0.82,2,141,120,1,9.01,1.0,0.0,0.0,0.0,10.01
2,2024-01-01 08:08:00,2024-01-01 08:58:00,2,0.38,3,144,169,1,2.5,0.5,0.43,6.55,0.0,9.98
2,2024-01-05 22:34:00,2024-01-05 22:54:00,1,0.77,2,52,68,1,2.5,0.5,3.58,0.0,2.5,9.08
1,2024-01-11 22:20:00,2024-01-11 22:38:00,1,1.08,1,212,59,1,3.02,0.0,0.7,6.55,0.0,10.27
1,2024-01-03 04:53:00,2024-01-03 05:34:00,1,3.25,2,41,130,1,12.02,1.0,3.78,0.0,2.5,19.3
1,2024-01-02 03:47:00,2024-01-02 03:53:00,3,1.78,2,91,75,1,6.58,0.0,2.08,6.55,2.5,17.71
2,2024-01-03 20:34:00,2024-01-03 21:01:00,2,0.19,3,39,90,2,2.5,0.0,1.03,0.0,0.0,3.5300000000000002
1,2024-01-03 11:13:00,2024-01-03 11:47:00,2,0.04,3,13,154,1,6.09,0.5,0.09,0.0,2.5,9.18
2,2024-01-06 09:21:00,2024-01-06 10:03:00,1,0.25,2,96,218,2,5.37,0.0,0.58,0.0,0.0,5.95
1,2024-01-01 16:40:00,2024-01-01 16:55:00,1,1.22,3,109,28,1,6.35,0.0,4.84,0.0,2.5,13.69
2,2024-01-11 20:38:00,2024-01-11 21:25:00,2,6.22,2,104,130,1,23.83,0.0,3.75,6.55,2.5,36.629999999999995
2,2024-01-13 08:12:00,2024-01-13 08:31:00,1,2.33,1,231,66,2,11.18,1.0,1.88,0.0,2.5,16.56
2,2024-01-04 18:50:00,2024-01-04 19:41:00,2,3.72,2,43,144,1,11.36,0.0,0.0,0.0,2.5,13.86
2,2024-01-03 13:52:00,2024-01-03 14:31:00,2,1.44,1,209,103,1,4.43,0.5,2.29,0.0,0.0,7.22
1,2024-01-01 22:47:00,2024-01-01 22:55:00,2,1.03,3,88,37,1,7.93,1.0,1.38,0.0,0.0,10.309999999999999
1,2024-01-06 16:29:00,2024-01-06 16:50:00,2,0.26,3,93,249,2,4.72,0.5,2.27,0.0,0.0,7.49
2,2024-01-07 06:13:00,2024-01-07 06:28:00,1,4.8,1,174,156,1,16.86,1.0,0.81,6.55,0.0,25.22
1,2024-01-12 16:38:00,2024-01-12 17:06:00,4,3.52,1,126,132,2,10.74,1.0,4.01,6.55,0.0,22.3
2,2024-01-14 07:16:00,2024-01-14 07:32:00,1,0.42,1,109,47,1,5.7,1.0,2.66,0.0,0.0,9.36
1,2024-01-03 14:06:00,2024-01-03 14:39:00,4,1.65,3,47,195,1,5.73,0.5,0.88,0.0,0.0,7.11
1,2024-01-04 08:06:00,2024-01-04 08:12:00,1,1.54,3,214,103,1,7.06,0.0,3.91,0.0,2.5,13.469999999999999
2,2024-01-02 12:30:00,2024-01-02 13:11:00,4,2.26,1,92,171,1,12.95,1.0,1.47,0.0,2.5,17.92
2,2024-01-07 07:48:00,2024-01-07 07:58:00,1,6.72,1,181,89,1,20.16,0.5,0.42,6.55,0.0,27.630000000000003
1,2024-01-09 10:58:00,2024-01-09 11:25:00,3,1.99,2,41,246,2,5.57,1.0,0.0,0.0,0.0,6.57
2,2024-01-02 23:55:00,2024-01-03 00:10:00,2,1.79,3,259,58,1,5.38,0.0,0.0,0.0,2.5,7.88
1,2024-01-04 21:12:00,2024-01-04 21:46:00,2,0.12,3,121,105,1,5.82,1.0,4.41,6.55,2.5,20.28
1,2024-01-13 09:04:00,2024-01-13 09:44:00,3,0.15,2,77,180,1,4.06,0.5,3.62,0.0,0.0,8.18
1,2024-01-09 17:52:00,2024-01-09 18:32:00,1,0.48,3,95,69,1,4.02,1.0,2.35,6.55,0.0,13.919999999999998
2,2024-01-07 04:47:00,2024-01-07 05:17:00,1,0.08,1,18,153,1,2.5,0.5,0.0,0.0,2.5,5.5
2,2024-01-11 00:37:00,2024-01-11 01:09:00,1,3.13,1,171,25,1,12.98,0.0,0.22,0.0,2.5,15.700000000000001
1,2024-01-09 00:10:00,2024-01-09 00:15:00,1,2.96,1,162,35,1,9.17,0.0,0.93,6.55,2.5,19.15
2,2024-01-05 20:50:00,2024-01-05 21:20:00,2,0.34,1,52,15,1,4.72,1.0,4.25,0.0,2.5,12.469999999999999
2,2024-01-08 18:47:00,2024-01-08 18:52:00,1,4.16,1,36,106,2,12.82,0.0,7.18,0.0,2.5,22.5
1,2024-01-03 01:49:00,2024-01-03 02:36:00,1,0.39,1,187,218,2,2.5,0.5,0.61,0.0,0.0,3.61
2,2024-01-09 08:40:00,2024-01-09 09:16:00,4,0.82,1,248,74,2,3.7,1.0,3.16,6.55,2.5,16.91
2,2024-01-07 09:38:00,2024-01-07 09:56:00,1,0.66,2,52,38,2,3.91,0.5,1.88,0.0,0.0,6.29
1,2024-01-05 11:51:00,2024-01-05 12:15:00,2,1.07,1,19,197,1,5.87,1.0,0.07,6.55,2.5,15.99
2,2024-01-02 23:43:00,2024-01-03 00:17:00,2,0.68,3,92,174,1,5.49,0.5,1.72,6.55,0.0,14.26
1,2024-01-08 10:13:00,2024-01-08 10:53:00,2,1.54,1,139,44,2,4.31,1.0,3.61,0.0,0.0,8.92
2,2024-01-01 19:37:00,2024-01-01 19:47:00,3,1.2,1,220,154,1,4.34,0.5,0.0,0.0,0.0,4.84
2,2024-01-04 07:20:00,2024-01-04 07:30:00,4,9.91,1,99,153,2,29.77,0.5,5.01,0.0,0.0,35.28
1,2024-01-01 00:11:00,2024-01-01 00:19:00,4,0.13,1,236,142,1,7.13,1.0,0.0,0.0,0.0,8.129999999999999
1,2024-01-12 08:33:00,2024-01-12 08:49:00,1,0.35,2,207,256,1,2.5,0.5,0.0,0.0,2.5,5.5
2,2024-01-09 00:36:00,2024-01-09 01:10:00,1,0.12,1,144,134,2,3.74,0.0,0.38,0.0,0.0,4.12
1,2024-01-09 00:43:00,2024-01-09 01:20:00,3,2.26,1,199,32,1,13.07,0.5,0.0,0.0,2.5,16.07
1,2024-01-10 18:11:00,2024-01-10 18:23:00,1,0.13,1,217,26,2,2.5,1.0,1.19,0.0,0.0,4.6899999999999995
2,2024-01-08 15:42:00,2024-01-08 15:47:00,1,4.16,3,189,255,1,15.63,0.0,0.0,6.55,2.5,24.68
1,2024-01-06 17:14:00,2024-01-06 17:28:00,2,1.65,1,44,223,1,5.61,0.0,1.67,6.55,0.0,13.83
2,2024-01-12 05:33:00,2024-01-12 06:24:00,3,1.72,3,189,56,1,6.55,0.5,1.44,0.0,0.0,8.49
2,2024-01-10 03:38:00,2024-01-10 04:11:00,3,1.9,2,194,125,2,6.31,0.5,3.62,0.0,2.5,12.93
1,2024-01-05 13:30:00,2024-01-05 14:01:00,1,0.43,1,239,230,1,2.5,0.5,1.21,0.0,2.5,6.71
2,2024-01-01 06:46:00,2024-01-01 06:53:00,1,0.51,1,112,53,1,11.23,0.0,3.56,0.0,2.5,17.29
1,2024-01-07 09:26:00,2024-01-07 10:20:00,2,0.88,1,69,101,1,7.58,0.0,0.23,0.0,2.5,10.31
2,2024-01-04 01:51:00,2024-01-04 02:18:00,2,2.07,1,49,2,1,11.55,0.0,0.0,0.0,2.5,14.05
1,2024-01-05 13:02:00,2024-01-05 13:45:00,3,0.54,1,151,22,1,5.74,1.0,0.0,0.0,0.0,6.74
1,2024-01-07 04:26:00,2024-01-07 04:59:00,1,0.28,2,239,66,1,2.5,1.0,5.05,0.0,0.0,8.55
2,2024-01-03 21:06:00,2024-01-03 21:29:00,1,8.07,1,115,212,1,26.58,0.5,0.56,0.0,0.0,27.639999999999997
1,2024-01-09 08:46:00,2024-01-09 09:08:00,1,0.05,2,75,236,2,5.82,1.0,0.0,0.0,2.5,9.32
1,2024-01-09 18:11:00,2024-01-09 18:52:00,1,3.73,2,98,17,1,11.31,1.0,1.25,0.0,0.0,13.56
1,2024-01-10 01:56:00,2024-01-10 02:20:00,1,3.57,2,111,14,1,15.41,0.5,0.0,6.55,2.5,24.96
2,2024-01-12 11:24:00,2024-01-12 11:30:00,1,0.81,2,256,7,1,7.03,0.5,0.25,0.0,0.0,7.78
2,2024-01-04 09:22:00,2024-01-04 09:37:00,1,0.34,1,117,222,1,8.58,0.0,0.32,0.0,2.5,11.4
1,2024-01-10 19:13:00,2024-01-10 20:00:00,1,0.36,3,176,104,2,2.96,0.0,3.99,0.0,2.5,9.45
1,2024-01-10 11:25:00,2024-01-10 12:09:00,4,2.75,1,228,1,1,7.96,0.5,3.05,0.0,0.0,11.510000000000002
2,2024-01-05 04:12:00,2024-01-05 05:04:00,1,2.37,1,106,247,2,8.73,0.5,0.0,0.0,2.5,11.73
2,2024-01-13 01:07:00,2024-01-13 01:58:00,2,3.51,2,239,91,1,16.42,1.0,3.88,6.55,0.0,27.85
2,2024-01-05 23:11:00,2024-01-05 23:33:00,2,6.38,1,100,214,1,17.86,1.0,0.0,0.0,0.0,18.86
1,2024-01-03 12:10:00,2024-01-03 13:04:00,1,2.71,1,176,43,1,7.59,1.0,2.16,0.0,2.5,13.25
2,2024-01-07 20:44:00,2024-01-07 20:59:00,4,0.39,2,249,74,1,4.32,0.5,4.46,0.0,0.0,9.280000000000001
1,2024-01-05 18:54:00,2024-01-05 19:13:00,1,0.64,1,76,242,2,3.69,0.5,4.02,0.0,2.5,10.709999999999999
2,2024-01-10 08:27:00,2024-01-10 09:05:00,2,4.25,2,3,49,1,14.92,0.0,1.03,0.0,2.5,18.45
1,2024-01-12 10:49:00,2024-01-12 11:24:00,4,0.54,1,81,222,1,6.88,1.0,0.0,6.55,0.0,14.43
2,2024-01-07 20:33:00,2024-01-07 20:36:00,1,0.17,1,8,144,2,2.5,0.0,0.0,0.0,2.5,5.0
1,2024-01-09 12:49:00,2024-01-09 13:06:00,4,2.79,3,87,209,1,7.81,0.5,4.03,6.55,2.5,21.39
2,2024-01-09 11:28:00,2024-01-09 11:43:00,1,1.18,3,74,99,1,11.42,1.0,1.66,0.0,0.0,14.08
2,2024-01-08 12:28:00,2024-01-08 12:47:00,1,5.81,2,123,188,1,16.77,0.0,3.18,6.55,2.5,29.0
1,2024-01-02 11:37:00,2024-01-02 12:03:00,2,2.42,1,143,114,1,7.13,0.5,0.18,0.0,2.5,10.309999999999999
2,2024-01-14 19:54:00,2024-01-14 20:04:00,1,0.22,1,158,175,1,6.38,0.0,1.96,0.0,2.5,10.84
2,2024-01-01 21:26:00,2024-01-01 22:18:00,3,6.79,1,109,63,1,21.05,1.0,0.0,0.0,2.5,24.55
2,2024-01-11 21:50:00,2024-01-11 22:19:00,4,0.69,2,195,225,1,4.77,0.0,2.07,0.0,0.0,6.84
2,2024-01-08 21:31:00,2024-01-08 22:18:00,3,0.95,1,36,161,1,6.87,0.0,2.62,0.0,0.0,9.49
1,2024-01-12 01:45:00,2024-01-12 02:10:00,3,1.18,1,90,36,2,9.01,0.5,5.51,6.55,0.0,21.57
1,2024-01-05 21:32:00,2024-01-05 22:20:00,1,0.12,2,201,141,2,2.5,1.0,3.39,6.55,0.0,13.440000000000001
2,2024-01-03 12:54:00,2024-01-03 13:04:00,1,1.58,3,46,196,1,11.22,0.0,0.0,6.55,0.0,17.77
1,2024-01-14 00:23:00,2024-01-14 00:33:00,1,0.3,1,107,151,2,2.5,0.5,0.0,6.55,0.0,9.55
1,2024-01-11 20:00:00,2024-01-11 20:28:00,4,1.18,3,170,40,1,8.2,1.0,0.0,0.0,2.5,11.7
1,2024-01-06 23:56:00,2024-01-07 00:45:00,3,0.99,3,146,238,1,3.67,0.5,2.14,0.0,2.5,8.81
1,2024-01-05 11:21:00,2024-01-05 11:36:00,3,3.41,1,178,222,1,15.98,1.0,0.0,0.0,2.5,19.48
1,2024-01-07 17:07:00,2024-01-07 17:48:00,1,3.74,1,61,225,2,13.83,0.5,0.23,0.0,2.5,17.060000000000002
2,2024-01-09 10:29:00,2024-01-09 11:08:00,2,0.38,1,3,154,2,2.5,0.5,0.0,6.55,2.5,12.05
1,2024-01-02 05:58:00,2024-01-02 06:49:00,4,1.05,3,82,39,1,7.6,0.5,3.53,0.0,0.0,11.629999999999999
2,2024-01-07 16:00:00,2024-01-07 16:30:00,2,1.07,3,95,217,1,8.23,0.0,1.54,0.0,0.0,9.77
1,2024-01-04 19:35:00,2024-01-04 20:02:00,4,0.38,1,64,244,1,5.67,0.0,0.81,0.0,2.5,8.98
2,2024-01-07 21:00:00,2024-01-07 21:18:00,4,3.68,3,246,109,1,10.73,0.5,1.14,0.0,0.0,12.370000000000001
2,2024-01-10 11:53:00,2024-01-10 11:57:00,2,2.83,3,77,61,1,9.71,1.0,7.62,6.55,0.0,24.880000000000003
2,2024-01-08 17:30:00,2024-01-08 17:50:00,1,0.49,3,259,198,1,4.36,0.5,0.5,6.55,0.0,11.91
1,2024-01-11 13:42:00,2024-01-11 14:01:00,2,1.05,3,93,172,2,5.84,0.0,1.91,0.0,0.0,7.75
1,2024-01-01 21:40:00,2024-01-01 22:12:00,2,0.26,1,21,42,1,5.6,1.0,0.0,6.55,0.0,13.149999999999999
2,2024-01-07 13:15:00,2024-01-07 13:56:00,1,2.28,1,62,189,2,6.38,0.0,0.54,0.0,2.5,9.42
2,2024-01-14 12:41:00,2024-01-14 12:56:00,1,0.3,2,237,152,1,4.68,0.5,3.17,0.0,2.5,10.85
1,2024-01-04 04:56:00,2024-01-04 05:30:00,1,9.81,1,141,131,1,29.74,0.0,0.0,0.0,0.0,29.74
1,2024-01-12 09:13:00,2024-01-12 10:05:00,3,3.49,1,167,114,1,10.68,0.0,9.35,0.0,0.0,20.03
2,2024-01-08 08:57:00,2024-01-08 09:28:00,4,1.14,2,67,222,2,4.34,0.0,1.53,0.0,0.0,5.87
1,2024-01-04 23:52:00,2024-01-05 00:40:00,4,1.99,1,58,54,1,8.04,0.5,1.6,0.0,2.5,12.639999999999999
1,2024-01-07 20:12:00,2024-01-07 20:44:00,1,5.57,1,212,42,1,15.6,0.0,0.08,0.0,0.0,15.68
1,2024-01-05 08:55:00,2024-01-05 09:15:00,4,1.86,1,130,93,2,6.45,0.5,0.0,0.0,0.0,6.95
1,2024-01-13 02:56:00,2024-01-13 03:11:00,4,0.44,2,25,192,1,2.5,0.5,0.42,0.0,0.0,3.42
1,2024-01-03 05:45:00,2024-01-03 06:30:00,4,1.09,1,11,125,2,7.38,0.0,0.0,0.0,0.0,7.38
1,2024-01-01 21:56:00,2024-01-01 22:19:00,3,4.26,2,257,35,2,12.91,1.0,0.0,6.55,2.5,22.96
2,2024-01-09 13:37:00,2024-01-09 14:09:00,1,2.38,1,81,47,2,9.13,0.0,1.18,0.0,2.5,12.81
2,2024-01-05 17:27:00,2024-01-05 17:50:00,4,2.42,3,19,153,1,13.63,0.0,2.27,6.55,0.0,22.45
2,2024-01-03 13:23:00,2024-01-03 14:13:00,3,4.64,3,110,238,1,18.48,0.0,0.0,0.0,2.5,20.98
2,2024-01-06 00:27:00,2024-01-06 00:46:00,1,5.16,1,34,5,1,19.7,1.0,0.37,0.0,0.0,21.07
2,2024-01-03 06:33:00,2024-01-03 07:15:00,3,5.8,1,255,125,2,17.99,1.0,0.0,0.0,2.5,21.49
2,2024-01-01 02:25:00,2024-01-01 02:46:00,4,0.23,1,126,87,1,5.0,0.5,3.44,6.55,0.0,15.489999999999998
1,2024-01-04 11:30:00,2024-01-04 12:24:00,2,1.81,2,209,3,1,7.48,1.0,0.0,0.0,2.5,10.98
1,2024-01-12 03:15:00,2024-01-12 03:32:00,3,3.1,1,134,165,2,11.19,1.0,0.4,0.0,0.0,12.59
2,2024-01-03 02:40:00,2024-01-03 02:51:00,2,3.25,1,86,223,2,13.12,0.0,0.0,0.0,0.0,13.12
2,2024-01-07 16:54:00,2024-01-07 17:48:00,1,2.15,2,75,25,2,7.53,0.5,0.53,6.55,0.0,15.11
2,2024-01-12 17:06:00,2024-01-12 17:18:00,1,0.42,2,135,39,1,7.91,0.5,0.0,0.0,0.0,8.41
1,2024-01-14 14:03:00,2024-01-14 14:49:00,1,3.67,3,173,105,1,12.88,1.0,1.04,0.0,2.5,17.42
1,2024-01-13 05:53:00,2024-01-13 06:26:00,3,2.93,2,213,5,1,12.75,1.0,0.0,0.0,2.5,16.25
1,2024-01-12 19:34:00,2024-01-12 19:59:00,1,0.21,2,19,136,2,7.23,0.0,0.17,0.0,2.5,9.9
1,2024-01-11 09:56:00,2024-01-11 10:50:00,1,1.43,1,119,4,1,9.58,1.0,2.04,6.55,2.5,21.67
2,2024-01-12 08:16:00,2024-01-12 08:48:00,2,0.44,2,227,169,2,2.5,1.0,10.92,6.55,0.0,20.97
2,2024-01-07 03:33:00,2024-01-07 04:08:00,1,0.95,1,212,78,1,6.77,0.5,0.0,6.55,2.5,16.32
2,2024-01-09 02:55:00,2024-01-09 03:49:00,1,0.04,3,189,19,1,5.24,1.0,3.89,6.55,2.5,19.18
2,2024-01-02 23:32:00,2024-01-02 23:43:00,1,1.18,3,151,205,1,8.53,0.0,0.0,6.55,2.5,17.58
1,2024-01-12 02:54:00,2024-01-12 03:43:00,1,1.84,2,223,33,1,5.37,0.5,0.0,0.0,2.5,8.370000000000001
1,2024-01-01 16:27:00,2024-01-01 16:30:00,1,2.22,1,128,150,1,7.57,0.5,0.0,0.0,0.0,8.07
2,2024-01-06 07:02:00,2024-01-06 07:48:00,2,2.5,3,248,193,1,12.49,1.0,0.0,0.0,0.0,13.49
1,2024-01-07 08:40:00,2024-01-07 09:17:00,2,4.16,3,51,139,2,12.74,0.0,0.51,6.55,2.5,22.3
1,2024-01-13 03:24:00,2024-01-13 03:37:00,3,0.56,1,191,196,2,3.82,0.5,1.73,6.55,2.5,15.100000000000001
1,2024-01-05 14:52:00,2024-01-05 15:28:00,2,0.3,2,237,127,2,7.78,0.0,0.0,6.55,0.0,14.33
1,2024-01-06 03:41:00,2024-01-06 03:59:00,2,4.39,3,22,231,1,15.17,0.0,3.95,0.0,0.0,19.12
2,2024-01-01 12:49:00,2024-01-01 13:00:00,2,0.39,3,110,44,2,2.5,1.0,3.3,6.55,2.5,15.85
1,2024-01-13 07:27:00,2024-01-13 08:01:00,3,8.46,3,33,230,1,24.49,0.0,3.1,6.55,2.5,36.64
2,2024-01-10 19:14:00,2024-01-10 19:31:00,4,4.25,3,127,216,1,15.73,0.5,3.73,0.0,2.5,22.46
1,2024-01-04 00:38:00,2024-01-04 00:52:00,2,1.6,1,44,244,1,4.48,1.0,0.55,0.0,2.5,8.530000000000001
1,2024-01-09 00:23:00,2024-01-09 00:58:00,3,9.17,1,7,9,1,28.06,0.5,0.0,0.0,0.0,28.56
2,2024-01-14 00:13:00,2024-01-14 01:00:00,3,0.24,1,128,250,1,4.51,0.0,0.97,0.0,0.0,5.4799999999999995
2,2024-01-04 22:59:00,2024-01-04 23:15:00,3,0.83,1,91,200,1,8.57,0.0,0.0,6.55,0.0,15.120000000000001
1,2024-01-13 05:45:00,2024-01-13 05:55:00,3,2.34,1,130,79,1,11.22,1.0,0.29,0.0,0.0,12.51
1,2024-01-01 18:45:00,2024-01-01 18:55:00,1,0.99,3,17,245,2,3.99,1.0,2.69,6.55,0.0,14.23
2,2024-01-08 11:53:00,2024-01-08 12:22:00,1,6.06,1,186,190,2,22.91,0.5,7.87,0.0,0.0,31.28
1,2024-01-05 16:44:00,2024-01-05 16:58:00,2,0.16,2,110,86,2,2.7,0.5,0.0,0.0,2.5,5.7
1,2024-01-09 13:23:00,2024-01-09 13:26:00,3,1.83,2,163,1,1,5.12,0.0,0.0,0.0,0.0,5.12
2,2024-01-10 01:11:00,2024-01-10 01:56:00,1,2.06,1,75,20,1,8.34,1.0,0.0,0.0,2.5,11.84
1,2024-01-10 18:12:00,2024-01-10 18:54:00,3,2.43,1,199,130,1,13.4,0.0,1.24,0.0,0.0,14.64
1,2024-01-09 18:40:00,2024-01-09 19:24:00,1,0.68,1,182,258,1,5.32,0.0,0.0,0.0,2.5,7.82
1,2024-01-06 10:43:00,2024-01-06 11:36:00,1,1.04,1,97,131,1,5.94,0.5,3.62,0.0,0.0,10.06
1,2024-01-10 20:50:00,2024-01-10 21:03:00,3,4.27,1,51,7,1,19.05,0.5,0.0,0.0,0.0,19.55
1,2024-01-12 10:16:00,2024-01-12 10:57:00,1,0.5,3,34,241,2,2.5,0.5,1.46,0.0,2.5,6.96
2,2024-01-08 00:26:00,2024-01-08 01:11:00,2,4.03,1,21,192,1,11.28,1.0,2.78,0.0,2.5,17.56
1,2024-01-04 14:29:00,2024-01-04 15:02:00,3,1.9,1,184,115,2,5.32,0.5,0.0,6.55,2.5,14.870000000000001
2,2024-01-02 17:12:00,2024-01-02 17:31:00,2,3.3,1,64,102,1,13.17,1.0,0.96,0.0,2.5,17.63
2,2024-01-12 20:51:00,2024-01-12 21:26:00,1,2.88,3,124,1,1,11.48,0.0,0.0,0.0,0.0,11.48
1,2024-01-13 15:08:00,2024-01-13 15:42:00,4,0.53,2,101,25,2,8.34,1.0,3.33,0.0,0.0,12.67
2,2024-01-05 15:44:00,2024-01-05 16:15:00,4,1.93,1,119,209,1,9.01,0.5,0.03,0.0,0.0,9.54
1,2024-01-03 13:53:00,2024-01-03 14:16:00,3,4.65,1,78,143,2,15.01,1.0,0.34,0.0,0.0,16.349999999999998
2,2024-01-04 12:11:00,2024-01-04 12:34:00,1,1.3,1,181,197,1,6.64,1.0,0.53,0.0,0.0,8.17
2,2024-01-08 11:16:00,2024-01-08 11:58:00,1,7.82,1,199,145,1,25.19,0.5,0.95,0.0,2.5,29.14
2,2024-01-02 17:15:00,2024-01-02 17:40:00,1,1.38,2,190,149,2,3.86,0.5,0.76,6.55,0.0,11.669999999999998
1,2024-01-03 12:10:00,2024-01-03 12:18:00,4,0.35,1,103,181,2,10.76,0.0,2.43,0.0,0.0,13.19
2,2024-01-03 22:55:00,2024-01-03 23:19:00,2,1.13,3,130,55,1,7.46,1.0,3.87,6.55,2.5,21.380000000000003
2,2024-01-11 01:24:00,2024-01-11 02:16:00,4,6.97,3,241,138,1,23.04,0.0,0.0,0.0,0.0,23.04
2,2024-01-02 04:55:00,2024-01-02 05:35:00,2,0.89,1,134,209,1,7.03,0.0,1.82,0.0,2.5,11.35
1,2024-01-06 17:38:00,2024-01-06 18:17:00,2,4.66,1,157,185,1,17.82,1.0,1.01,0.0,0.0,19.830000000000002
1,2024-01-06 12:59:00,2024-01-06 13:46:00,1,4.9,1,158,65,2,16.37,0.0,0.0,6.55,0.0,22.92
2,2024-01-02 16:28:00,2024-01-02 17:21:00,4,0.99,1,190,37,1,4.19,1.0,2.13,6.55,0.0,13.870000000000001
2,2024-01-09 13:45:00,2024-01-09 13:55:00,4,0.2,2,100,112,2,5.06,0.0,4.93,6.55,2.5,19.04
2,2024-01-06 03:46:00,2024-01-06 04:29:00,1,2.97,3,52,76,1,12.28,0.0,0.0,0.0,2.5,14.78
2,2024-01-06 22:13:00,2024-01-06 23:04:00,3,0.86,3,49,178,1,3.38,1.0,0.2,0.0,2.5,7.08
1,2024-01-04 15:29:00,2024-01-04 16:06:00,2,3.51,3,100,254,1,16.38,0.5,2.17,0.0,0.0,19.049999999999997
1,2024-01-14 08:01:00,2024-01-14 08:54:00,2,1.34,2,251,1,2,7.49,1.0,0.0,0.0,2.5,10.99
1,2024-01-07 17:26:00,2024-01-07 17:39:00,2,1.53,3,54,148,1,9.11,0.5,0.39,6.55,0.0,16.55
2,2024-01-10 19:09:00,2024-01-10 19:35:00,2,3.46,1,137,159,2,16.17,1.0,0.27,0.0,0.0,17.44
1,2024-01-01 11:01:00,2024-01-01 11:52:00,1,1.11,1,162,150,2,6.16,1.0,0.0,6.55,2.5,16.21
2,2024-01-09 09:15:00,2024-01-09 09:38:00,1,1.35,2,81,129,1,7.57,0.5,0.79,6.55,2.5,17.91
2,2024-01-11 06:28:00,2024-01-11 07:21:00,1,1.09,1,220,126,1,8.08,0.5,13.12,0.0,2.5,24.2
2,2024-01-07 23:40:00,2024-01-07 23:44:00,1,1.05,1,85,1,1,4.13,1.0,1.15,0.0,0.0,6.279999999999999
1,2024-01-11 23:56:00,2024-01-12 00:38:00,1,1.72,1,83,117,1,7.95,1.0,0.0,6.55,2.5,18.0
2,2024-01-08 07:26:00,2024-01-08 07:47:00,3,3.81,1,67,149,2,13.98,1.0,0.0,0.0,0.0,14.98
1,2024-01-03 08:14:00,2024-01-03 08:55:00,1,1.03,1,234,189,1,3.49,0.5,0.62,0.0,0.0,4.61
2,2024-01-01 03:27:00,2024-01-01 03:57:00,1,1.71,2,198,141,1,13.58,1.0,1.5,6.55,2.5,25.13
1,2024-01-02 20:25:00,2024-01-02 20:44:00,1,2.55,1,259,105,2,7.14,0.5,1.45,0.0,0.0,9.09
2,2024-01-14 02:37:00,2024-01-14 02:45:00,1,0.72,2,177,252,1,2.5,0.0,1.33,0.0,2.5,6.33
1,2024-01-01 10:32:00,2024-01-01 10:53:00,4,0.75,2,129,101,1,8.39,0.5,3.5,0.0,0.0,12.39
2,2024-01-03 03:23:00,2024-01-03 04:03:00,1,6.23,1,180,163,2,22.23,0.0,0.54,0.0,0.0,22.77
1,2024-01-10 12:31:00,2024-01-10 13:01:00,3,2.96,1,207,203,1,8.72,1.0,0.0,6.55,0.0,16.27
2,2024-01-08 00:43:00,2024-01-08 00:47:00,2,1.98,3,175,100,1,10.06,1.0,3.45,0.0,2.5,17.01
2,2024-01-14 23:03:00,2024-01-14 23:43:00,1,2.4,1,29,257,2,13.39,0.5,0.89,6.55,0.0,21.330000000000002
2,2024-01-05 22:43:00,2024-01-05 23:22:00,1,0.07,1,179,94,1,3.12,0.0,0.0,0.0,0.0,3.12
1,2024-01-08 11:14:00,2024-01-08 12:07:00,1,2.21,1,41,227,1,15.69,1.0,0.72,6.55,0.0,23.959999999999997
2,2024-01-02 03:59:00,2024-01-02 04:53:00,4,1.64,3,192,150,2,4.59,1.0,0.0,0.0,2.5,8.09
2,2024-01-12 01:01:00,2024-01-12 01:07:00,4,1.81,3,237,62,1,9.8,0.0,1.79,0.0,0.0,11.59
2,2024-01-01 03:56:00,2024-01-01 04:20:00,2,1.02,2,225,129,2,8.77,1.0,0.1,0.0,0.0,9.87
1,2024-01-06 04:06:00,2024-01-06 04:34:00,1,0.2,3,114,187,1,5.79,1.0,5.41,0.0,2.5,14.7
2,2024-01-04 02:03:00,2024-01-04 02:54:00,4,0.49,2,17,68,2,3.86,0.5,0.0,0.0,0.0,4.359999999999999
2,2024-01-11 17:43:00,2024-01-11 18:28:00,2,6.92,1,86,30,1,21.65,1.0,0.72,0.0,2.5,25.869999999999997
1,2024-01-06 22:35:00,2024-01-06 23:13:00,1,1.21,2,181,127,1,7.5,0.0,0.0,0.0,2.5,10.0
2,2024-01-14 00:32:00,2024-01-14 00:47:00,1,1.45,1,145,213,2,9.1,1.0,0.65,0.0,2.5,13.25
1,2024-01-12 13:49:00,2024-01-12 14:43:00,1,0.12,1,225,134,1,4.84,0.5,4.0,0.0,0.0,9.34
2,2024-01-01 02:28:00,2024-01-01 03:02:00,1,0.09,1,54,219,1,5.85,1.0,0.0,0.0,0.0,6.85
1,2024-01-10 07:15:00,2024-01-10 07:34:00,1,2.9,1,68,157,1,8.57,0.0,0.0,0.0,0.0,8.57
1,2024-01-04 09:35:00,2024-01-04 10:18:00,3,1.78,2,107,188,1,7.41,1.0,4.52,6.55,0.0,19.48
1,2024-01-13 01:56:00,2024-01-13 02:34:00,4,1.63,1,77,162,2,5.21,0.0,3.55,6.55,0.0,15.309999999999999
2,2024-01-08 15:43:00,2024-01-08 16:31:00,2,0.64,3,27,129,1,3.83,0.5,3.08,0.0,0.0,7.41
2,2024-01-08 10:19:00,2024-01-08 10:40:00,3,3.14,2,155,89,1,14.33,1.0,0.0,0.0,2.5,17.83
1,2024-01-07 17:55:00,2024-01-07 18:32:00,2,0.42,1,72,162,1,4.45,1.0,2.13,0.0,2.5,10.08
2,2024-01-14 07:29:00,2024-01-14 08:17:00,2,0.48,3,180,36,2,10.86,0.5,0.0,0.0,2.5,13.86
2,2024-01-14 23:09:00,2024-01-14 23:51:00,4,1.42,3,47,227,1,7.46,0.0,1.03,6.55,0.0,15.04
1,2024-01-12 05:23:00,2024-01-12 05:53:00,2,0.78,2,242,151,2,5.33,0.0,0.56,0.0,2.5,8.39
1,2024-01-05 00:22:00,2024-01-05 00:25:00,2,0.65,1,105,81,2,5.09,1.0,1.79,0.0,2.5,10.379999999999999
1,2024-01-14 01:12:00,2024-01-14 01:56:00,1,2.38,1,95,47,1,8.07,0.0,0.0,0.0,0.0,8.07
1,2024-01-12 14:44:00,2024-01-12 15:04:00,2,2.42,3,219,204,2,9.63,0.0,1.98,0.0,0.0,11.610000000000001
2,2024-01-02 22:57:00,2024-01-02 23:47:00,1,4.0,1,170,148,1,17.02,1.0,0.0,0.0,2.5,20.52
2,2024-01-11 11:36:00,2024-01-11 12:18:00,1,1.24,3,128,231,1,6.76,0.0,0.97,0.0,2.5,10.23
2,2024-01-14 02:40:00,2024-01-14 03:15:00,1,0.17,1,200,27,1,2.5,0.0,2.61,0.0,0.0,5.109999999999999
2,2024-01-04 16:19:00,2024-01-04 16:33:00,2,0.74,3,35,189,2,2.76,1.0,0.0,0.0,2.5,6.26
2,2024-01-07 21:17:00,2024-01-07 21:27:00,1,9.0,3,144,165,1,27.07,1.0,0.0,6.55,2.5,37.12
2,2024-01-13 13:13:00,2024-01-13 13:39:00,1,2.09,3,66,212,1,9.04,0.0,0.0,6.55,0.0,15.59
1,2024-01-03 06:27:00,2024-01-03 06:45:00,1,2.85,3,219,75,1,13.96,1.0,0.55,6.55,2.5,24.560000000000002
2,2024-01-04 01:26:00,2024-01-04 02:18:00,1,0.02,1,56,92,1,2.5,0.0,0.34,0.0,0.0,2.84
2,2024-01-13 09:06:00,2024-01-13 09:12:00,2,1.68,1,145,62,1,6.9,0.0,8.46,0.0,0.0,15.360000000000001
2,2024-01-08 05:02:00,2024-01-08 05:42:00,1,0.09,3,213,66,1,3.61,0.0,0.0,0.0,2.5,6.109999999999999
1,2024-01-04 01:57:00,2024-01-04 02:43:00,2,1.94,1,94,80,2,5.43,0.0,1.39,0.0,2.5,9.32
1,2024-01-04 18:35:00,2024-01-04 19:04:00,1,5.83,2,106,140,2,17.24,1.0,1.22,0.0,0.0,19.459999999999997
2,2024-01-03 20:27:00,2024-01-03 20:38:00,1,7.95,1,84,130,2,23.56,1.0,0.98,0.0,0.0,25.54
1,2024-01-01 09:20:00,2024-01-01 10:09:00,1,1.79,1,136,254,2,6.02,0.5,3.35,0.0,2.5,12.37
1,2024-01-09 13:29:00,2024-01-09 13:47:00,1,1.41,1,146,29,2,7.43,1.0,3.01,6.55,0.0,17.99
2,2024-01-02 06:26:00,2024-01-02 06:40:00,1,6.67,1,249,202,2,21.27,0.5,5.18,0.0,2.5,29.45
2,2024-01-08 22:21:00,2024-01-08 22:54:00,3,2.58,1,18,237,2,8.84,0.0,1.11,0.0,2.5,12.45
2,2024-01-09 12:25:00,2024-01-09 12:51:00,1,0.15,1,125,87,1,4.49,1.0,1.83,0.0,0.0,7.32
1,2024-01-06 07:09:00,2024-01-06 07:25:00,3,1.44,3,2,96,2,11.34,0.0,4.9,0.0,2.5,18.740000000000002
1,2024-01-06 18:45:00,2024-01-06 19:32:00,1,0.63,1,200,252,1,8.86,0.5,11.2,0.0,2.5,23.06
2,2024-01-14 13:22:00,2024-01-14 13:49:00,1,1.46,2,138,180,1,4.09,1.0,7.66,0.0,0.0,12.75
1,2024-01-06 08:13:00,2024-01-06 08:49:00,3,1.4,1,203,100,2,8.36,1.0,0.0,0.0,2.5,11.86
1,2024-01-06 17:44:00,2024-01-06 17:49:00,4,2.01,1,30,73,1,8.18,1.0,0.34,0.0,0.0,9.52
1,2024-01-09 19:26:00,2024-01-09 19:52:00,1,1.01,2,56,131,1,6.22,1.0,0.0,0.0,0.0,7.22
2,2024-01-10 12:36:00,2024-01-10 13:20:00,1,0.41,1,119,182,1,3.15,0.0,0.0,0.0,2.5,5.65
2,2024-01-05 16:01:00,2024-01-05 16:12:00,4,1.61,3,132,194,1,7.8,1.0,4.04,0.0,0.0,12.84
2,2024-01-14 10:42:00,2024-01-14 11:10:00,1,4.08,3,231,18,1,14.8,0.5,0.0,6.55,0.0,21.85
2,2024-01-06 02:53:00,2024-01-06 03:15:00,2,2.51,1,152,126,1,8.58,1.0,0.72,6.55,2.5,19.35
2,2024-01-05 02:27:00,2024-01-05 03:09:00,1,0.95,1,21,211,2,3.42,0.5,2.25,0.0,2.5,8.67
1,2024-01-12 04:47:00,2024-01-12 04:59:00,1,6.31,1,68,7,1,19.55,0.5,0.84,6.55,2.5,29.94
1,2024-01-04 22:16:00,2024-01-04 22:37:00,2,5.6,2,126,114,2,19.27,0.0,0.0,0.0,2.5,21.77
1,2024-01-07 05:44:00,2024-01-07 05:49:00,1,0.54,1,43,84,2,6.01,1.0,1.06,0.0,0.0,8.07
1,2024-01-06 18:06:00,2024-01-06 18:32:00,1,0.09,1,182,102,2,5.39,0.5,5.39,0.0,0.0,11.28
1,2024-01-05 02:21:00,2024-01-05 02:28:00,1,3.11,1,100,93,1,10.47,1.0,0.59,6.55,0.0,18.61
1,2024-01-04 09:57:00,2024-01-04 10:02:00,4,4.04,1,240,102,1,15.02,0.0,1.9,6.55,2.5,25.97
2,2024-01-06 20:29:00,2024-01-06 20:58:00,2,7.91,3,200,251,1,27.55,0.0,0.99,6.55,0.0,35.089999999999996
2,2024-01-11 05:16:00,2024-01-11 05:34:00,1,5.07,1,116,24,1,20.11,1.0,2.39,6.55,2.5,32.55
1,2024-01-11 23:15:00,2024-01-12 00:06:00,2,2.11,1,115,167,2,8.76,0.5,1.83,0.0,2.5,13.59
2,2024-01-08 17:38:00,2024-01-08 17:55:00,1,1.74,3,142,140,1,7.32,0.0,5.67,0.0,2.5,15.49
1,2024-01-02 18:10:00,2024-01-02 18:47:00,1,0.06,1,119,94,1,3.65,0.5,0.24,0.0,0.0,4.390000000000001
1,2024-01-13 17:44:00,2024-01-13 17:58:00,4,0.65,1,93,181,2,2.5,0.5,0.55,6.55,0.0,10.1
2,2024-01-13 02:32:00,2024-01-13 03:15:00,4,1.42,3,9,64,1,6.49,1.0,0.0,0.0,2.5,9.99
2,2024-01-05 00:12:00,2024-01-05 00:58:00,2,2.28,3,73,4,2,11.25,0.0,0.0,0.0,2.5,13.75
1,2024-01-11 17:56:00,2024-01-11 18:24:00,2,1.87,1,26,94,1,9.84,1.0,0.4,0.0,2.5,13.74
2,2024-01-14 03:13:00,2024-01-14 04:02:00,1,3.12,1,239,132,1,11.06,1.0,1.54,0.0,2.5,16.1
1,2024-01-11 22:31:00,2024-01-11 23:07:00,2,0.75,1,145,72,1,5.64,1.0,2.32,0.0,0.0,8.959999999999999
1,2024-01-03 01:24:00,2024-01-03 01:49:00,2,1.91,1,68,81,1,6.29,0.5,0.1,0.0,0.0,6.89
1,2024-01-05 22:57:00,2024-01-05 23:30:00,3,0.21,1,188,174,1,5.35,1.0,0.76,6.55,2.5,16.16
1,2024-01-13 01:07:00,2024-01-13 01:59:00,3,1.23,1,131,52,1,6.25,0.0,3.65,0.0,0.0,9.9
1,2024-01-12 18:00:00,2024-01-12 18:22:00,1,3.19,1,221,237,2,11.24,0.5,1.62,0.0,2.5,15.86
2,2024-01-10 15:31:00,2024-01-10 15:45:00,1,2.72,1,140,44,2,9.71,1.0,0.08,0.0,2.5,13.290000000000001
1,2024-01-06 02:20:00,2024-01-06 02:45:00,1,10.74,3,54,254,1,32.91,0.0,0.73,0.0,2.5,36.13999999999999
2,2024-01-06 12:47:00,2024-01-06 12:53:00,1,0.75,1,1,134,1,3.98,1.0,2.24,6.55,2.5,16.27
1,2024-01-09 14:55:00,2024-01-09 15:20:00,2,1.59,2,128,56,1,9.1,1.0,0.49,0.0,0.0,10.59
2,2024-01-09 05:51:00,2024-01-09 06:41:00,1,0.92,2,1,14,1,4.59,1.0,0.0,0.0,2.5,8.09
1,2024-01-09 06:36:00,2024-01-09 07:26:00,3,1.34,1,173,178,1,10.73,0.5,2.48,0.0,0.0,13.71
2,2024-01-07 01:34:00,2024-01-07 01:37:00,4,4.47,1,256,101,2,19.18,1.0,0.0,0.0,2.5,22.68
1,2024-01-01 14:05:00,2024-01-01 14:32:00,4,2.65,2,174,180,1,8.19,0.0,0.0,0.0,2.5,10.69
1,2024-01-14 11:40:00,2024-01-14 11:44:00,2,4.92,1,45,257,1,16.95,1.0,1.09,0.0,0.0,19.04
2,2024-01-02 17:34:00,2024-01-02 18:06:00,3,0.52,1,141,37,1,2.83,1.0,0.0,6.55,0.0,10.379999999999999
2,2024-01-09 19:17:00,2024-01-09 19:22:00,1,4.75,2,27,204,1,15.48,0.5,2.38,0.0,0.0,18.36
2,2024-01-14 06:23:00,2024-01-14 06:46:00,1,0.14,1,233,259,1,8.4,1.0,1.87,0.0,2.5,13.77
2,2024-01-13 16:28:00,2024-01-13 16:55:00,4,5.05,1,209,155,1,16.37,0.0,0.9,0.0,2.5,19.77
2,2024-01-09 13:30:00,2024-01-09 13:52:00,3,0.92,1,50,238,1,6.48,0.0,0.0,0.0,0.0,6.48
2,2024-01-04 14:19:00,2024-01-04 15:10:00,2,0.87,3,61,100,1,6.79,1.0,1.12,6.55,0.0,15.46
1,2024-01-05 14:10:00,2024-01-05 15:04:00,2,1.65,2,243,113,1,5.12,0.0,0.76,0.0,2.5,8.379999999999999
1,2024-01-05 11:10:00,2024-01-05 11:34:00,1,6.5,3,140,110,2,19.06,0.0,0.0,0.0,2.5,21.56
1,2024-01-05 23:14:00,2024-01-05 23:37:00,3,0.11,1,157,143,1,2.5,1.0,2.32,0.0,0.0,5.82
2,2024-01-10 14:28:00,2024-01-10 15:03:00,1,1.0,1,85,167,2,3.59,0.0,1.28,0.0,0.0,4.87
2,2024-01-08 01:05:00,2024-01-08 01:59:00,2,4.47,1,84,145,1,12.52,0.0,0.0,6.55,2.5,21.57
2,2024-01-05 12:08:00,2024-01-05 12:48:00,1,1.16,1,31,230,1,7.61,1.0,1.0,0.0,2.5,12.11
1,2024-01-03 16:10:00,2024-01-03 16:27:00,1,0.51,1,8,32,2,9.56,0.5,0.73,0.0,2.5,13.290000000000001
2,2024-01-12 20:33:00,2024-01-12 21:21:00,1,1.27,2,203,219,1,6.93,0.5,0.0,0.0,2.5,9.93
1,2024-01-10 10:04:00,2024-01-10 10:58:00,3,1.12,2,33,177,2,3.14,1.0,0.69,0.0,2.5,7.33
2,2024-01-04 12:38:00,2024-01-04 12:55:00,1,5.68,1,143,104,1,17.3,0.5,0.85,0.0,0.0,18.650000000000002
2,2024-01-09 10:48:00,2024-01-09 11:36:00,4,3.3,1,37,236,1,11.09,0.5,0.0,0.0,2.5,14.09
2,2024-01-04 18:48:00,2024-01-04 19:15:00,3,1.62,1,147,93,1,4.99,0.5,3.27,0.0,0.0,8.76
1,2024-01-13 04:43:00,2024-01-13 05:06:00,1,10.24,1,228,201,1,33.82,0.5,1.11,0.0,2.5,37.93
2,2024-01-07 07:14:00,2024-01-07 07:40:00,2,1.44,1,34,231,1,9.06,1.0,6.37,0.0,2.5,18.93
1,2024-01-05 10:46:00,2024-01-05 10:53:00,2,0.14,1,237,255,1,2.5,0.5,0.0,0.0,2.5,5.5
2,2024-01-07 02:40:00,2024-01-07 02:48:00,1,0.7,1,212,85,1,6.77,0.5,9.21,0.0,2.5,18.98
2,2024-01-10 18:43:00,2024-01-10 19:34:00,1,1.32,1,140,35,2,10.51,1.0,4.6,0.0,0.0,16.11
2,2024-01-02 03:18:00,2024-01-02 04:03:00,2,0.39,3,190,117,2,8.85,1.0,2.11,0.0,2.5,14.459999999999999
2,2024-01-08 04:20:00,2024-01-08 05:10:00,1,6.78,3,96,176,2,29.15,0.5,2.01,0.0,2.5,34.16
1,2024-01-01 23:02:00,2024-01-01 23:48:00,4,3.35,2,194,85,2,10.13,0.0,0.31,0.0,2.5,12.940000000000001
2,2024-01-01 23:23:00,2024-01-02 00:12:00,3,0.72,1,152,117,1,12.08,1.0,0.0,0.0,0.0,13.08
1,2024-01-07 06:11:00,2024-01-07 06:36:00,2,2.06,1,223,204,2,7.88,1.0,2.02,0.0,2.5,13.399999999999999
2,2024-01-03 06:52:00,2024-01-03 06:58:00,1,2.94,1,196,146,2,9.75,0.5,1.56,0.0,2.5,14.31
2,2024-01-07 06:11:00,2024-01-07 06:40:00,2,6.52,1,88,215,2,22.07,0.0,0.0,0.0,0.0,22.07
2,2024-01-01 06:59:00,2024-01-01 07:19:00,2,4.91,2,17,105,1,15.29,1.0,1.29,6.55,2.5,26.63
1,2024-01-09 14:51:00,2024-01-09 15:14:00,2,1.67,2,211,69,2,8.67,1.0,0.0,0.0,0.0,9.67
2,2024-01-04 03:17:00,2024-01-04 03:47:00,2,3.43,1,232,255,1,9.6,1.0,0.0,0.0,0.0,10.6
1,2024-01-14 16:06:00,2024-01-14 16:43:00,4,1.9,1,183,231,2,7.72,0.0,2.78,0.0,2.5,13.0
1,2024-01-11 17:02:00,2024-01-11 17:26:00,1,1.85,1,162,203,2,11.39,1.0,0.0,0.0,2.5,14.89
2,2024-01-07 17:40:00,2024-01-07 18:22:00,2,0.28,1,70,248,1,3.64,1.0,4.04,0.0,0.0,8.68
1,2024-01-04 22:53:00,2024-01-04 23:18:00,1,0.31,1,60,249,2,4.22,0.0,3.39,0.0,2.5,10.11
2,2024-01-01 12:47:00,2024-01-01 12:52:00,3,1.73,1,179,144,1,9.03,1.0,0.03,0.0,2.5,12.559999999999999
1,2024-01-13 19:08:00,2024-01-13 19:50:00,1,0.72,3,77,241,2,7.94,0.0,0.0,0.0,0.0,7.94
1,2024-01-11 06:58:00,2024-01-11 07:50:00,3,0.05,1,35,229,2,2.5,0.0,0.71,0.0,0.0,3.21
1,2024-01-02 01:49:00,2024-01-02 02:01:00,2,2.95,1,16,31,1,12.72,0.0,4.82,0.0,2.5,20.04
1,2024-01-07 21:56:00,2024-01-07 22:23:00,4,0.08,1,171,109,1,2.55,0.5,0.48,0.0,2.5,6.029999999999999
2,2024-01-05 06:20:00,2024-01-05 07:14:00,2,2.08,1,32,27,1,9.24,1.0,0.0,0.0,2.5,12.74
1,2024-01-08 12:37:00,2024-01-08 13:28:00,3,1.78,1,215,160,1,10.63,1.0,3.04,0.0,2.5,17.17
2,2024-01-03 13:56:00,2024-01-03 14:06:00,4,7.98,2,46,17,1,22.36,1.0,2.25,0.0,0.0,25.61
1,2024-01-04 02:41:00,2024-01-04 02:54:00,1,1.52,1,189,129,1,4.72,0.0,1.18,0.0,2.5,8.399999999999999
2,2024-01-05 13:08:00,2024-01-05 13:15:00,4,0.15,2,71,220,2,2.5,0.5,2.5,6.55,2.5,14.55
2,2024-01-13 23:17:00,2024-01-14 00:04:00,2,1.85,1,88,82,1,6.81,0.0,1.75,0.0,2.5,11.059999999999999
1,2024-01-04 08:37:00,2024-01-04 09:16:00,1,4.23,2,182,49,2,18.17,1.0,0.71,0.0,0.0,19.880000000000003
1,2024-01-06 09:18:00,2024-01-06 10:05:00,1,13.25,1,22,41,1,39.8,0.0,0.0,0.0,0.0,39.8
2,2024-01-08 13:40:00,2024-01-08 14:20:00,3,1.29,1,74,20,1,3.61,0.5,0.0,0.0,2.5,6.609999999999999
1,2024-01-06 13:13:00,2024-01-06 13:44:00,1,0.89,1,90,37,2,4.28,1.0,2.61,6.55,0.0,14.440000000000001
1,2024-01-04 20:22:00,2024-01-04 20:29:00,1,5.45,2,166,39,1,15.26,0.0,0.01,6.55,0.0,21.82
1,2024-01-11 07:08:00,2024-01-11 07:19:00,1,0.49,3,234,109,1,2.5,0.5,0.0,0.0,2.5,5.5
1,2024-01-12 03:32:00,2024-01-12 04:22:00,4,2.2,1,129,64,2,10.13,0.0,1.13,0.0,0.0,11.260000000000002
1,2024-01-02 15:45:00,2024-01-02 15:49:00,1,1.2,1,95,175,1,3.43,0.0,0.79,0.0,0.0,4.220000000000001
1,2024-01-10 22:28:00,2024-01-10 22:31:00,1,0.1,1,28,32,1,6.06,1.0,1.6,0.0,2.5,11.16
1,2024-01-01 11:11:00,2024-01-01 11:53:00,1,0.98,1,35,209,2,5.57,0.5,0.0,0.0,0.0,6.07
1,2024-01-01 02:43:00,2024-01-01 03:36:00,1,0.71,3,231,19,2,5.2,0.0,7.4,0.0,0.0,12.600000000000001
1,2024-01-07 00:16:00,2024-01-07 00:48:00,1,2.66,1,125,106,1,9.75,0.5,3.94,0.0,2.5,16.689999999999998
2,2024-01-08 19:14:00,2024-01-08 19:27:00,2,6.84,2,79,206,2,24.08,1.0,2.78,0.0,2.5,30.36
1,2024-01-04 07:55:00,2024-01-04 08:25:00,2,0.72,1,61,247,2,6.97,1.0,0.0,0.0,0.0,7.97
1,2024-01-08 09:14:00,2024-01-08 10:00:00,1,3.84,2,217,167,1,14.59,1.0,1.1,0.0,2.5,19.19
1,2024-01-04 07:58:00,2024-01-04 08:12:00,4,0.13,1,163,89,2,4.78,0.5,0.07,0.0,2.5,7.8500000000000005
1,2024-01-14 00:19:00,2024-01-14 01:00:00,1,1.78,1,57,11,1,7.45,0.5,0.98,0.0,0.0,8.93
1,2024-01-08 11:09:00,2024-01-08 11:37:00,1,0.17,3,191,49,1,4.83,0.0,0.0,0.0,0.0,4.83
2,2024-01-05 01:07:00,2024-01-05 01:22:00,4,6.25,1,132,61,2,19.66,0.5,1.07,0.0,2.5,23.73
2,2024-01-04 06:39:00,2024-01-04 06:49:00,1,3.34,3,42,171,2,12.36,1.0,0.0,0.0,2.5,15.86
1,2024-01-01 09:53:00,2024-01-01 10:23:00,4,2.47,3,173,143,2,9.23,0.0,0.0,6.55,2.5,18.28
2,2024-01-06 03:14:00,2024-01-06 03:46:00,2,3.99,3,167,207,2,13.03,0.5,0.7,6.55,0.0,20.779999999999998
1,2024-01-10 18:16:00,2024-01-10 18:27:00,1,2.4,3,250,201,1,8.0,1.0,0.0,0.0,0.0,9.0
1,2024-01-14 19:17:00,2024-01-14 19:58:00,2,7.99,1,193,5,1,26.54,1.0,2.09,6.55,0.0,36.18
2,2024-01-08 09:16:00,2024-01-08 09:49:00,1,2.88,3,238,211,1,14.34,0.0,0.0,0.0,2.5,16.84
2,2024-01-14 05:36:00,2024-01-14 05:59:00,1,5.95,3,230,29,1,22.59,1.0,2.05,0.0,0.0,25.64
2,2024-01-01 00:16:00,2024-01-01 01:05:00,4,1.67,1,165,190,1,4.68,0.5,0.0,0.0,0.0,5.18
2,2024-01-03 05:11:00,2024-01-03 05:47:00,4,0.29,2,243,188,1,7.04,1.0,3.53,0.0,2.5,14.069999999999999
2,2024-01-01 06:32:00,2024-01-01 07:05:00,2,1.73,1,90,255,2,7.05,0.0,0.0,6.55,0.0,13.6
1,2024-01-05 08:32:00,2024-01-05 09:26:00,4,0.31,1,179,150,2,5.37,1.0,3.25,0.0,2.5,12.120000000000001
1,2024-01-12 18:35:00,2024-01-12 19:02:00,1,2.06,1,58,13,2,6.5,1.0,1.52,0.0,2.5,11.52
1,2024-01-03 12:31:00,2024-01-03 12:45:00,1,1.52,2,136,157,2,7.61,0.5,0.96,0.0,2.5,11.57
2,2024-01-05 06:52:00,2024-01-05 06:55:00,1,2.24,1,238,80,1,10.06,0.5,5.96,0.0,2.5,19.02
1,2024-01-07 11:12:00,2024-01-07 11:36:00,2,0.02,1,243,148,2,2.5,0.5,0.0,0.0,2.5,5.5
2,2024-01-13 23:03:00,2024-01-13 23:45:00,4,0.5,1,151,206,1,5.92,0.5,0.0,0.0,0.0,6.42
1,2024-01-07 04:26:00,2024-01-07 05:05:00,1,1.55,3,247,114,1,10.7,1.0,1.2,6.55,2.5,21.95
2,2024-01-12 21:59:00,2024-01-12 22:48:00,1,6.91,1,219,6,1,21.91,0.5,0.0,0.0,2.5,24.91
2,2024-01-13 22:31:00,2024-01-13 22:34:00,1,1.11,1,9,232,1,9.51,1.0,0.02,0.0,2.5,13.03
1,2024-01-12 10:22:00,2024-01-12 10:25:00,2,1.27,2,13,137,1,6.08,0.5,2.8,0.0,2.5,11.879999999999999
1,2024-01-06 14:40:00,2024-01-06 15:24:00,1,2.88,1,225,160,1,13.19,0.5,1.8,0.0,0.0,15.49
1,2024-01-05 22:19:00,2024-01-05 23:03:00,1,2.13,2,231,205,2,5.96,0.5,1.46,6.55,0.0,14.469999999999999
1,2024-01-11 08:36:00,2024-01-11 08:59:00,1,0.82,3,178,158,1,11.34,1.0,1.21,6.55,0.0,20.1
2,2024-01-05 22:03:00,2024-01-05 22:20:00,3,1.22,1,247,106,2,10.15,0.5,1.61,0.0,0.0,12.26
1,2024-01-07 09:43:00,2024-01-07 10:02:00,2,0.56,1,67,82,2,3.86,1.0,0.39,0.0,2.5,7.749999999999999
2,2024-01-04 10:20:00,2024-01-04 10:44:00,1,7.78,3,157,49,2,21.78,0.5,0.25,6.55,2.5,31.580000000000002
1,2024-01-14 15:35:00,2024-01-14 16:15:00,1,0.32,3,165,206,2,4.62,0.5,0.75,0.0,2.5,8.370000000000001
1,2024-01-03 09:36:00,2024-01-03 10:13:00,1,1.07,1,184,218,1,3.0,0.0,0.0,6.55,0.0,9.55
1,2024-01-06 09:48:00,2024-01-06 10:35:00,2,0.06,1,208,164,1,4.28,0.5,1.95,0.0,2.5,9.23
1,2024-01-02 21:11:00,2024-01-02 21:29:00,4,0.58,1,16,231,1,5.65,1.0,0.0,0.0,0.0,6.65
1,2024-01-08 20:00:00,2024-01-08 20:10:00,2,3.49,1,241,199,1,10.42,0.0,0.0,0.0,2.5,12.92
2,2024-01-13 12:52:00,2024-01-13 13:41:00,1,0.52,2,230,214,1,7.26,1.0,1.8,0.0,2.5,12.56
1,2024-01-12 11:31:00,2024-01-12 11:50:00,1,0.19,1,18,185,2,5.55,1.0,0.81,0.0,0.0,7.359999999999999
2,2024-01-09 09:29:00,2024-01-09 09:48:00,4,1.48,1,147,210,1,9.58,0.0,0.23,0.0,2.5,12.31
1,2024-01-08 01:02:00,2024-01-08 01:30:00,2,0.02,2,244,121,2,3.08,0.5,5.0,0.0,2.5,11.08
2,2024-01-12 15:09:00,2024-01-12 15:24:00,2,0.2,2,51,216,1,2.5,0.0,2.02,0.0,2.5,7.02
1,2024-01-11 19:47:00,2024-01-11 20:06:00,2,3.79,1,259,97,1,16.06,1.0,0.0,6.55,2.5,26.11
1,2024-01-07 20:26:00,2024-01-07 21:06:00,1,3.4,2,238,119,2,11.84,0.5,1.37,6.55,2.5,22.76
1,2024-01-04 03:31:00,2024-01-04 03:50:00,1,5.67,3,246,106,1,15.88,0.0,3.11,0.0,0.0,18.990000000000002
2,2024-01-09 19:26:00,2024-01-09 20:16:00,1,4.43,2,49,142,1,18.78,1.0,1.93,0.0,2.5,24.21
2,2024-01-04 16:50:00,2024-01-04 17:06:00,2,2.64,3,38,167,2,15.64,0.5,0.12,0.0,2.5,18.76
1,2024-01-04 19:50:00,2024-01-04 20:37:00,1,0.12,3,32,160,1,3.23,1.0,4.86,0.0,0.0,9.09
1,2024-01-07 05:24:00,2024-01-07 05:32:00,2,3.51,1,243,231,1,18.23,0.5,0.8,0.0,2.5,22.03
1,2024-01-05 12:13:00,2024-01-05 12:50:00,3,4.3,1,41,14,1,15.27,0.5,0.33,0.0,2.5,18.599999999999998
2,2024-01-08 11:19:00,2024-01-08 12:07:00,4,3.69,2,103,193,1,12.38,0.0,0.0,0.0,2.5,14.88
1,2024-01-04 18:39:00,2024-01-04 18:55:00,2,1.63,1,107,155,1,5.99,0.5,2.8,6.55,2.5,18.34
2,2024-01-11 01:13:00,2024-01-11 02:02:00,1,0.61,1,246,101,2,8.8,1.0,2.68,0.0,2.5,14.98
1,2024-01-07 18:45:00,2024-01-07 18:55:00,3,4.29,1,87,60,2,13.06,0.5,2.65,6.55,2.5,25.26
2,2024-01-10 05:19:00,2024-01-10 05:36:00,3,2.99,2,66,43,2,13.21,1.0,5.44,6.55,0.0,26.200000000000003
2,2024-01-05 12:31:00,2024-01-05 13:00:00,4,9.09,2,138,193,1,27.05,0.5,0.94,6.55,0.0,35.04
2,2024-01-08 23:23:00,2024-01-08 23:38:00,1,0.39,2,200,109,1,2.94,0.5,1.81,0.0,2.5,7.75
1,2024-01-13 05:50:00,2024-01-13 06:41:00,2,0.59,1,93,93,2,7.23,0.0,2.13,0.0,2.5,11.86
2,2024-01-02 15:36:00,2024-01-02 16:09:00,2,0.55,1,20,216,1,3.59,0.5,8.55,0.0,2.5,15.14
1,2024-01-14 11:13:00,2024-01-14 11:50:00,2,3.62,3,90,163,1,12.12,0.5,0.82,0.0,2.5,15.94
2,2024-01-09 05:04:00,2024-01-09 05:12:00,1,0.48,1,50,234,2,7.18,1.0,6.89,6.55,2.5,24.12
1,2024-01-13 15:31:00,2024-01-13 15:38:00,1,0.16,1,10,167,2,7.44,1.0,0.35,0.0,0.0,8.790000000000001
2,2024-01-05 20:19:00,2024-01-05 20:43:00,1,15.05,1,79,148,2,46.75,1.0,0.0,6.55,2.5,56.8
2,2024-01-07 19:52:00,2024-01-07 20:43:00,1,0.06,1,37,28,1,2.5,0.5,0.0,6.55,0.0,9.55
1,2024-01-09 16:24:00,2024-01-09 16:49:00,3,4.15,1,59,259,1,13.34,1.0,3.73,0.0,2.5,20.57
1,2024-01-05 19:10:00,2024-01-05 19:37:00,1,1.05,3,88,86,1,6.14,1.0,0.06,0.0,0.0,7.199999999999999
2,2024-01-10 18:49:00,2024-01-10 19:25:00,2,4.24,3,104,108,1,15.67,0.5,0.0,0.0,0.0,16.17
2,2024-01-02 12:36:00,2024-01-02 13:04:00,1,1.86,1,104,117,1,5.74,1.0,0.16,0.0,0.0,6.9
1,2024-01-14 23:31:00,2024-01-15 00:20:00,2,5.33,1,254,15,2,19.73,0.0,0.0,6.55,0.0,26.28
2,2024-01-05 03:38:00,2024-01-05 03:45:00,3,5.99,1,230,211,2,19.99,0.0,2.03,6.55,2.5,31.07
2,2024-01-12 21:53:00,2024-01-12 22:21:00,2,0.02,1,37,31,1,2.5,1.0,5.2,0.0,2.5,11.2
1,2024-01-01 13:00:00,2024-01-01 13:22:00,4,0.18,1,142,185,1,2.5,1.0,1.39,0.0,2.5,7.39
1,2024-01-07 21:08:00,2024-01-07 21:16:00,4,0.66,1,43,66,1,3.59,1.0,0.16,6.55,2.5,13.8
1,2024-01-05 09:03:00,2024-01-05 09:11:00,2,2.55,1,116,63,2,9.96,0.5,0.52,0.0,2.5,13.48
2,2024-01-11 04:46:00,2024-01-11 05:38:00,1,5.04,3,84,228,1,21.84,0.0,0.02,6.55,0.0,28.41
2,2024-01-03 18:23:00,2024-01-03 18:43:00,3,1.42,1,259,101,1,7.57,0.0,3.3,6.55,2.5,19.92
2,2024-01-07 14:23:00,2024-01-07 14:29:00,2,2.15,1,87,139,1,6.92,1.0,3.72,0.0,0.0,11.64
1,2024-01-12 17:45:00,2024-01-12 18:04:00,1,0.48,3,96,119,2,4.9,1.0,13.61,0.0,2.5,22.009999999999998
2,2024-01-10 01:50:00,2024-01-10 02:06:00,3,3.76,1,255,57,2,12.65,0.5,1.17,6.55,0.0,20.87
1,2024-01-09 11:52:00,2024-01-09 12:08:00,1,7.87,1,136,131,1,25.85,0.5,0.04,6.55,2.5,35.44
1,2024-01-04 04:23:00,2024-01-04 04:38:00,1,0.72,1,248,37,1,6.47,0.0,0.59,6.55,0.0,13.61
2,2024-01-05 03:06:00,2024-01-05 03:15:00,2,1.57,1,92,111,2,10.42,0.5,1.95,0.0,0.0,12.87
1,2024-01-12 08:57:00,2024-01-12 09:43:00,3,0.21,1,247,153,2,3.53,0.0,7.19,6.55,2.5,19.77
2,2024-01-05 22:48:00,2024-01-05 23:05:00,3,1.88,1,258,250,2,12.36,1.0,0.24,0.0,0.0,13.6
1,2024-01-09 06:09:00,2024-01-09 06:30:00,1,1.61,1,187,242,1,9.78,1.0,0.29,0.0,0.0,11.069999999999999
1,2024-01-09 12:35:00,2024-01-09 13:20:00,2,0.36,1,124,208,2,2.5,0.0,2.66,0.0,2.5,7.66
1,2024-01-02 17:01:00,2024-01-02 17:50:00,1,1.34,1,169,170,1,12.28,1.0,2.42,0.0,0.0,15.7
2,2024-01-10 22:11:00,2024-01-10 22:57:00,3,0.94,1,111,257,1,6.45,0.5,0.63,6.55,0.0,14.129999999999999
1,2024-01-10 17:56:00,2024-01-10 18:33:00,1,1.7,1,87,113,1,5.67,1.0,3.69,6.55,2.5,19.41
2,2024-01-08 22:35:00,2024-01-08 22:54:00,1,2.03,3,13,175,1,12.82,1.0,0.0,0.0,0.0,13.82
1,2024-01-01 11:25:00,2024-01-01 12:02:00,2,0.02,1,23,89,1,8.25,0.0,0.0,0.0,0.0,8.25
1,2024-01-13 21:04:00,2024-01-13 21:25:00,1,3.29,2,200,135,2,12.13,0.5,0.0,0.0,0.0,12.63
1,2024-01-09 12:18:00,2024-01-09 12:40:00,1,2.87,2,242,206,1,9.78,0.5,0.0,0.0,0.0,10.28
2,2024-01-12 02:30:00,2024-01-12 03:08:00,1,1.05,1,239,73,2,5.51,1.0,0.0,0.0,2.5,9.01
2,2024-01-12 09:42:00,2024-01-12 10:19:00,4,0.13,1,165,259,1,5.15,1.0,0.46,0.0,2.5,9.11
2,2024-01-08 10:56:00,2024-01-08 11:30:00,1,3.23,1,226,148,2,15.24,0.5,1.65,0.0,2.5,19.89
2,2024-01-04 09:15:00,2024-01-04 10:05:00,1,7.14,3,176,225,1,24.42,0.5,2.55,6.55,2.5,36.52
2,2024-01-13 06:00:00,2024-01-13 06:46:00,1,0.63,3,29,105,1,5.02,0.0,1.49,0.0,2.5,9.01
1,2024-01-08 18:22:00,2024-01-08 19:04:00,4,0.9,1,165,44,1,9.27,1.0,2.38,0.0,2.5,15.149999999999999
1,2024-01-02 12:36:00,2024-01-02 13:02:00,1,0.47,1,23,26,2,3.53,1.0,1.0,0.0,0.0,5.529999999999999
2,2024-01-05 23:25:00,2024-01-05 23:44:00,2,1.98,2,44,59,1,11.12,0.5,0.06,0.0,0.0,11.68
2,2024-01-12 02:37:00,2024-01-12 02:46:00,2,0.39,2,180,61,1,3.37,0.0,0.0,0.0,0.0,3.37
2,2024-01-10 20:55:00,2024-01-10 21:40:00,1,1.01,2,139,70,1,6.91,0.5,0.0,0.0,2.5,9.91
2,2024-01-01 05:01:00,2024-01-01 05:53:00,1,2.75,1,248,257,2,10.42,1.0,0.0,0.0,2.5,13.92
1,2024-01-12 19:50:00,2024-01-12 19:53:00,2,1.89,1,241,125,1,8.15,1.0,1.31,0.0,0.0,10.46
2,2024-01-11 02:51:00,2024-01-11 03:28:00,2,1.12,1,106,19,2,5.19,1.0,2.22,0.0,0.0,8.41
2,2024-01-07 21:51:00,2024-01-07 22:25:00,2,1.25,1,173,119,2,9.86,1.0,0.47,6.55,2.5,20.38
2,2024-01-08 11:33:00,2024-01-08 12:11:00,2,1.9,1,49,66,1,6.49,0.0,1.9,0.0,0.0,8.39
2,2024-01-12 05:00:00,2024-01-12 05:15:00,1,0.01,1,123,245,2,2.5,1.0,1.68,6.55,2.5,14.23
1,2024-01-14 20:01:00,2024-01-14 20:09:00,1,0.19,3,35,57,2,8.83,0.5,0.51,0.0,0.0,9.84
1,2024-01-10 01:37:00,2024-01-10 01:53:00,1,4.9,1,106,44,1,19.16,0.0,0.0,0.0,2.5,21.66
2,2024-01-09 16:20:00,2024-01-09 16:59:00,1,0.19,1,196,12,1,2.5,0.0,0.0,6.55,0.0,9.05
1,2024-01-12 01:21:00,2024-01-12 02:11:00,1,2.82,1,109,236,2,9.48,1.0,0.86,6.55,2.5,20.39
1,2024-01-09 05:50:00,2024-01-09 06:07:00,1,5.81,3,125,24,1,16.27,0.0,0.0,0.0,0.0,16.27
2,2024-01-03 20:02:00,2024-01-03 20:51:00,1,0.73,3,37,257,1,2.67,1.0,2.95,6.55,2.5,15.67
2,2024-01-10 12:38:00,2024-01-10 12:44:00,1,1.06,3,188,251,1,2.97,0.0,0.0,0.0,0.0,2.97
1,2024-01-08 07:17:00,2024-01-08 07:59:00,3,1.94,1,23,94,2,8.09,0.0,0.71,0.0,0.0,8.8
1,2024-01-03 14:34:00,2024-01-03 14:52:00,1,4.91,1,194,22,1,13.89,0.5,0.0,0.0,0.0,14.39
1,2024-01-02 04:44:00,2024-01-02 05:14:00,3,6.55,3,152,157,1,21.49,0.5,0.0,0.0,2.5,24.49
1,2024-01-01 22:56:00,2024-01-01 23:14:00,2,3.09,1,18,89,1,8.65,0.5,0.93,0.0,0.0,10.08
1,2024-01-07 01:06:00,2024-01-07 01:12:00,4,0.21,2,27,202,1,3.8,0.0,1.23,0.0,0.0,5.029999999999999
2,2024-01-07 04:14:00,2024-01-07 05:01:00,2,2.54,2,24,197,2,9.07,0.5,2.85,0.0,2.5,14.92
1,2024-01-13 12:37:00,2024-01-13 13:05:00,1,1.21,2,29,45,1,10.14,0.5,0.52,6.55,0.0,17.71
1,2024-01-13 19:30:00,2024-01-13 20:00:00,1,1.46,1,139,79,1,10.62,0.5,1.39,0.0,0.0,12.51
1,2024-01-12 09:26:00,2024-01-12 10:00:00,1,0.12,1,146,39,2,5.3,0.0,2.33,0.0,0.0,7.63
1,2024-01-14 02:04:00,2024-01-14 02:51:00,2,0.49,1,123,155,1,3.56,1.0,1.71,0.0,0.0,6.2700000000000005
1,2024-01-05 02:46:00,2024-01-05 02:50:00,3,3.6,2,128,149,1,18.04,0.5,0.0,0.0,0.0,18.54
1,2024-01-05 08:11:00,2024-01-05 08:44:00,2,1.39,1,117,52,1,3.89,0.0,0.0,0.0,0.0,3.89
1,2024-01-07 14:16:00,2024-01-07 14:21:00,1,0.83,2,132,251,2,2.5,0.0,0.49,6.55,0.0,9.54
1,2024-01-03 07:00:00,2024-01-03 07:10:00,3,1.11,1,206,147,1,5.9,1.0,1.16,0.0,2.5,10.56
2,2024-01-06 22:33:00,2024-01-06 22:59:00,2,4.43,2,236,258,1,21.04,0.5,0.0,0.0,0.0,21.54
2,2024-01-03 14:07:00,2024-01-03 14:24:00,2,3.18,2,42,125,1,11.4,0.0,0.0,6.55,2.5,20.45
1,2024-01-12 17:38:00,2024-01-12 18:23:00,2,0.73,1,160,204,1,4.59,0.0,2.33,6.55,0.0,13.469999999999999
2,2024-01-12 16:32:00,2024-01-12 17:05:00,4,0.29,2,252,256,1,2.5,0.0,1.22,0.0,2.5,6.22
2,2024-01-05 04:19:00,2024-01-05 04:30:00,3,0.67,3,179,131,2,7.24,1.0,8.06,0.0,2.5,18.8
2,2024-01-11 17:43:00,2024-01-11 18:24:00,1,5.83,3,125,21,2,21.71,0.5,0.25,6.55,0.0,29.01
2,2024-01-07 23:27:00,2024-01-08 00:14:00,1,2.0,1,213,78,1,10.57,0.0,0.51,0.0,2.5,13.58
2,2024-01-09 03:54:00,2024-01-09 03:58:00,1,1.75,1,190,51,1,6.33,0.0,0.92,6.55,0.0,13.8
2,2024-01-02 18:00:00,2024-01-02 18:10:00,4,2.09,1,58,116,2,7.09,0.0,0.57,0.0,2.5,10.16
1,2024-01-03 03:21:00,2024-01-03 03:30:00,1,1.05,1,203,55,1,2.94,0.0,2.16,6.55,2.5,14.149999999999999
1,2024-01-01 23:48:00,2024-01-02 00:34:00,2,3.78,1,80,51,2,13.79,0.5,0.09,0.0,2.5,16.88
2,2024-01-03 18:07:00,2024-01-03 19:00:00,1,1.7,1,228,254,1,5.06,0.5,0.43,0.0,2.5,8.489999999999998
1,2024-01-05 11:25:00,2024-01-05 12:06:00,3,0.29,3,95,61,1,2.5,0.0,0.76,0.0,0.0,3.26
2,2024-01-11 02:46:00,2024-01-11 03:30:00,2,0.32,1,4,225,1,2.84,0.0,2.53,6.55,0.0,11.919999999999998
1,2024-01-10 18:02:00,2024-01-10 18:20:00,4,1.77,3,165,103,1,6.73,0.0,0.0,0.0,2.5,9.23
1,2024-01-08 20:49:00,2024-01-08 21:26:00,2,6.34,1,42,48,1,19.41,1.0,3.52,0.0,2.5,26.43
1,2024-01-02 11:59:00,2024-01-02 12:31:00,2,0.85,1,229,225,2,6.55,1.0,0.0,0.0,0.0,7.55
2,2024-01-04 13:32:00,2024-01-04 13:44:00,2,4.68,2,243,233,1,16.3,1.0,0.0,0.0,2.5,19.8
1,2024-01-14 03:31:00,2024-01-14 04:11:00,4,3.32,1,212,70,1,11.58,0.0,0.07,0.0,2.5,14.15
1,2024-01-14 10:43:00,2024-01-14 11:03:00,3,0.65,1,55,47,1,5.28,1.0,0.82,0.0,0.0,7.1000000000000005
2,2024-01-11 08:53:00,2024-01-11 09:45:00,3,0.09,1,173,228,1,2.5,0.5,0.0,0.0,2.5,5.5
2,2024-01-08 06:33:00,2024-01-08 06:40:00,1,0.25,3,229,10,1,3.96,1.0,0.0,0.0,2.5,7.46
1,2024-01-14 05:13:00,2024-01-14 05:44:00,4,3.0,1,30,185,1,11.78,0.0,0.36,0.0,2.5,14.639999999999999
2,2024-01-08 12:05:00,2024-01-08 12:46:00,1,0.51,2,23,80,1,2.5,0.5,1.27,0.0,0.0,4.27
1,2024-01-03 03:23:00,2024-01-03 03:59:00,4,1.07,1,5,13,1,8.49,0.0,0.0,0.0,2.5,10.99
1,2024-01-13 02:21:00,2024-01-13 03:06:00,1,1.6,1,63,84,2,5.28,0.5,0.0,0.0,2.5,8.280000000000001
2,2024-01-10 16:24:00,2024-01-10 17:11:00,3,2.97,1,221,86,2,11.54,1.0,1.47,0.0,0.0,14.01
2,2024-01-14 19:13:00,2024-01-14 19:38:00,1,0.28,1,82,157,1,6.7,1.0,0.95,0.0,0.0,8.65
1,2024-01-06 06:44:00,2024-01-06 06:51:00,4,1.2,3,242,144,1,8.67,0.5,0.0,6.55,0.0,15.719999999999999
2,2024-01-11 16:19:00,2024-01-11 16:51:00,1,1.53,1,253,63,1,7.37,0.5,1.82,0.0,0.0,9.69
1,2024-01-14 04:58:00,2024-01-14 05:06:00,1,1.79,2,52,43,1,7.11,0.0,4.07,0.0,0.0,11.18
2,2024-01-03 18:23:00,2024-01-03 19:11:00,1,3.92,1,39,158,1,16.34,0.5,0.0,0.0,2.5,19.34
2,2024-01-02 05:38:00,2024-01-02 06:24:00,1,0.43,1,259,185,2,5.89,0.0,0.0,0.0,2.5,8.39
2,2024-01-04 13:10:00,2024-01-04 13:16:00,2,3.79,3,72,24,1,12.07,0.5,1.51,0.0,2.5,16.58
2,2024-01-09 09:27:00,2024-01-09 09:58:00,1,2.72,1,70,205,2,8.63,0.5,0.0,0.0,2.5,11.63
2,2024-01-13 03:48:00,2024-01-13 04:13:00,1,1.87,1,220,224,1,5.24,1.0,0.0,6.55,2.5,15.29
1,2024-01-12 20:41:00,2024-01-12 20:49:00,2,2.77,1,4,101,1,11.14,1.0,0.97,6.55,0.0,19.66
1,2024-01-02 12:19:00,2024-01-02 12:53:00,1,1.22,2,231,204,1,6.21,0.0,0.28,0.0,0.0,6.49
1,2024-01-07 15:56:00,2024-01-07 16:40:00,2,0.34,1,80,8,1,6.79,0.0,1.29,0.0,0.0,8.08
2,2024-01-04 15:31:00,2024-01-04 15:51:00,1,2.52,1,66,172,1,10.95,0.0,0.0,0.0,0.0,10.95
1,2024-01-07 09:55:00,2024-01-07 10:12:00,1,1.71,3,136,208,1,11.12,0.5,7.18,0.0,2.5,21.299999999999997
1,2024-01-13 17:13:00,2024-01-13 17:55:00,1,2.35,2,191,96,1,7.84,0.5,1.03,0.0,0.0,9.37
2,2024-01-11 07:51:00,2024-01-11 08:25:00,1,0.95,1,59,162,2,8.51,0.0,1.72,0.0,2.5,12.73
2,2024-01-01 16:53:00,2024-01-01 17:04:00,2,5.46,1,7,96,1,16.97,0.5,4.19,0.0,2.5,24.16
2,2024-01-12 12:50:00,2024-01-12 13:29:00,3,2.04,2,202,145,1,10.66,1.0,0.89,0.0,0.0,12.55
1,2024-01-02 06:28:00,2024-01-02 06:40:00,2,0.21,1,237,258,1,2.5,0.5,0.34,0.0,2.5,5.84
1,2024-01-06 11:49:00,2024-01-06 12:11:00,1,1.37,2,79,102,1,7.42,1.0,0.73,0.0,0.0,9.15
2,2024-01-04 21:08:00,2024-01-04 21:16:00,3,3.25,2,46,177,2,9.1,0.0,5.05,0.0,0.0,14.149999999999999
1,2024-01-10 02:29:00,2024-01-10 03:19:00,2,3.64,1,243,110,1,12.52,0.5,0.38,0.0,0.0,13.4
1,2024-01-02 09:43:00,2024-01-02 09:48:00,4,1.57,3,160,198,1,8.5,0.0,0.88,0.0,0.0,9.38
2,2024-01-11 02:17:00,2024-01-11 03:01:00,1,5.18,3,115,129,2,16.2,1.0,1.37,0.0,0.0,18.57
1,2024-01-05 02:11:00,2024-01-05 02:24:00,4,0.72,1,114,137,1,2.5,0.0,4.13,0.0,2.5,9.129999999999999
2,2024-01-01 18:00:00,2024-01-01 18:45:00,2,1.22,1,126,27,1,8.53,1.0,6.11,0.0,2.5,18.14
1,2024-01-04 11:56:00,2024-01-04 12:15:00,1,5.26,1,90,137,1,17.47,1.0,1.22,0.0,2.5,22.189999999999998
2,2024-01-11 16:19:00,2024-01-11 16:53:00,1,5.21,3,61,164,1,16.36,0.0,5.91,0.0,0.0,22.27
1,2024-01-08 12:22:00,2024-01-08 12:28:00,4,2.66,1,102,131,1,10.55,1.0,0.39,0.0,2.5,14.440000000000001
1,2024-01-02 18:43:00,2024-01-02 18:49:00,1,4.51,1,114,151,1,22.22,0.0,0.38,0.0,2.5,25.099999999999998
2,2024-01-03 06:52:00,2024-01-03 07:11:00,1,0.21,1,174,246,2,6.47,0.0,0.0,0.0,2.5,8.969999999999999
2,2024-01-03 11:46:00,2024-01-03 12:29:00,2,4.61,1,92,110,2,18.81,0.0,0.0,0.0,0.0,18.81
2,2024-01-12 04:07:00,2024-01-12 04:28:00,1,0.89,1,183,73,1,6.58,1.0,0.45,6.55,0.0,14.579999999999998
2,2024-01-12 04:20:00,2024-01-12 04:27:00,2,0.45,2,205,67,1,4.68,1.0,0.0,0.0,2.5,8.18
1,2024-01-05 14:43:00,2024-01-05 15:17:00,4,0.63,1,195,50,1,2.5,0.5,3.36,0.0,2.5,8.86
2,2024-01-03 17:59:00,2024-01-03 18:23:00,2,1.24,1,25,3,1,4.77,0.0,3.86,0.0,2.5,11.129999999999999
2,2024-01-08 15:25:00,2024-01-08 15:33:00,1,0.67,2,234,226,1,3.67,0.0,4.39,0.0,2.5,10.559999999999999
2,2024-01-08 11:35:00,2024-01-08 12:12:00,3,0.89,1,16,66,1,2.5,0.0,0.0,0.0,0.0,2.5
2,2024-01-01 02:41:00,2024-01-01 03:05:00,1,0.33,2,141,155,2,2.5,0.0,0.0,6.55,2.5,11.55
2,2024-01-12 03:09:00,2024-01-12 03:12:00,1,0.81,1,108,111,1,2.5,0.0,0.0,6.55,2.5,11.55
1,2024-01-12 18:57:00,2024-01-12 19:19:00,2,1.95,2,80,256,1,8.36,0.0,0.0,0.0,2.5,10.86
2,2024-01-10 21:06:00,2024-01-10 21:30:00,1,1.34,1,76,155,1,8.8,0.0,3.13,0.0,0.0,11.93
2,2024-01-08 17:54:00,2024-01-08 18:44:00,2,0.98,2,112,139,1,8.51,0.5,1.22,0.0,0.0,10.23
2,2024-01-09 09:20:00,2024-01-09 09:33:00,1,3.16,2,75,167,1,12.88,0.5,0.0,0.0,2.5,15.88
1,2024-01-03 08:30:00,2024-01-03 08:45:00,1,5.15,1,214,19,1,15.01,0.0,0.0,0.0,0.0,15.01
1,2024-01-05 03:57:00,2024-01-05 04:41:00,4,3.25,2,34,223,1,9.1,0.0,2.15,0.0,0.0,11.25
1,2024-01-09 19:33:00,2024-01-09 19:38:00,1,0.93,1,141,57,2,2.6,0.5,0.47,0.0,0.0,3.5700000000000003
2,2024-01-12 20:07:00,2024-01-12 20:18:00,1,3.14,2,166,133,2,8.79,0.5,0.0,0.0,2.5,11.79
2,2024-01-07 11:24:00,2024-01-07 11:38:00,2,0.38,3,231,205,1,2.5,0.0,0.76,0.0,0.0,3.26
1,2024-01-01 09:01:00,2024-01-01 09:26:00,1,0.32,1,28,119,2,3.5,0.0,0.07,0.0,2.5,6.07
1,2024-01-04 12:53:00,2024-01-04 13:09:00,1,0.98,1,91,253,1,3.21,0.5,0.0,0.0,0.0,3.71
2,2024-01-10 07:48:00,2024-01-10 08:23:00,2,3.79,1,115,85,1,14.46,0.5,0.66,0.0,0.0,15.620000000000001
2,2024-01-08 18:06:00,2024-01-08 18:26:00,2,0.65,1,159,185,1,4.24,0.0,0.29,0.0,2.5,7.03
2,2024-01-12 23:31:00,2024-01-13 00:22:00,1,0.15,3,258,225,2,3.45,0.5,2.64,0.0,2.5,9.09
1,2024-01-12 03:43:00,2024-01-12 04:26:00,1,0.32,1,90,148,1,6.75,0.0,4.07,0.0,0.0,10.82
2,2024-01-08 02:58:00,2024-01-08 03:09:00,2,4.5,3,245,227,2,12.65,1.0,0.0,0.0,0.0,13.65
2,2024-01-12 03:24:00,2024-01-12 03:49:00,4,2.31,3,31,181,2,10.51,0.0,0.59,6.55,2.5,20.15
1,2024-01-04 19:09:00,2024-01-04 19:21:00,1,0.67,2,228,109,1,4.84,0.0,6.39,0.0,0.0,11.23
1,2024-01-05 08:16:00,2024-01-05 08:37:00,3,1.86,1,128,135,2,7.37,0.0,1.07,6.55,2.5,17.49
1,2024-01-08 10:40:00,2024-01-08 11:29:00,1,1.72,1,209,103,2,10.03,0.5,6.14,0.0,2.5,19.169999999999998
2,2024-01-01 19:29:00,2024-01-01 19:36:00,2,2.45,3,178,201,1,12.06,0.0,0.0,0.0,2.5,14.56
1,2024-01-01 13:50:00,2024-01-01 14:39:00,2,0.61,3,191,117,1,2.5,0.0,0.0,0.0,0.0,2.5
1,2024-01-02 03:31:00,2024-01-02 04:25:00,1,4.6,1,68,29,1,15.42,0.5,0.53,0.0,0.0,16.45
2,2024-01-13 04:00:00,2024-01-13 04:25:00,2,0.85,2,128,27,2,6.08,1.0,0.0,0.0,2.5,9.58
2,2024-01-14 07:54:00,2024-01-14 08:26:00,1,2.72,1,221,13,1,9.93,1.0,0.0,0.0,0.0,10.93
1,2024-01-07 14:38:00,2024-01-07 15:05:00,1,0.04,3,242,42,1,4.57,0.5,8.59,6.55,2.5,22.71
2,2024-01-10 04:58:00,2024-01-10 05:28:00,3,1.07,1,244,224,1,6.7,0.0,0.0,6.55,0.0,13.25
1,2024-01-12 05:44:00,2024-01-12 06:20:00,1,1.0,1,19,21,1,10.38,1.0,4.2,0.0,0.0,15.580000000000002
2,2024-01-01 16:59:00,2024-01-01 17:46:00,4,1.8,3,155,136,1,5.04,1.0,0.0,0.0,0.0,6.04
2,2024-01-07 23:08:00,2024-01-07 23:58:00,2,0.17,1,229,221,2,3.17,0.5,0.0,0.0,0.0,3.67
1,2024-01-09 15:28:00,2024-01-09 16:17:00,1,3.59,1,58,145,2,10.78,1.0,3.85,0.0,2.5,18.13
1,2024-01-09 16:05:00,2024-01-09 16:32:00,1,0.56,2,45,10,1,6.08,1.0,0.0,6.55,0.0,13.629999999999999
1,2024-01-01 21:23:00,2024-01-01 21:35:00,1,2.6,1,102,225,2,7.28,0.5,1.08,0.0,2.5,11.36
2,2024-01-12 20:03:00,2024-01-12 20:19:00,1,3.74,3,48,141,1,14.34,1.0,2.25,0.0,0.0,17.59
1,2024-01-13 18:34:00,2024-01-13 19:18:00,1,1.9,1,50,106,1,6.74,0.0,4.57,0.0,2.5,13.81
2,2024-01-02 04:53:00,2024-01-02 05:41:00,3,3.11,1,81,194,2,9.87,0.5,2.38,6.55,0.0,19.3
2,2024-01-13 20:29:00,2024-01-13 21:01:00,4,2.49,1,59,128,1,6.97,0.0,0.0,0.0,2.5,9.469999999999999
1,2024-01-13 21:15:00,2024-01-13 21:58:00,1,1.01,1,161,213,1,4.67,0.0,1.41,0.0,0.0,6.08
2,2024-01-12 06:30:00,2024-01-12 06:57:00,2,3.81,1,103,151,1,16.38,0.5,2.78,6.55,2.5,28.71
2,2024-01-11 01:12:00,2024-01-11 01:28:00,1,0.8,2,183,180,2,5.18,1.0,0.0,0.0,0.0,6.18
1,2024-01-09 22:49:00,2024-01-09 23:26:00,3,1.95,1,116,26,1,10.03,0.5,0.37,0.0,0.0,10.899999999999999
2,2024-01-03 09:51:00,2024-01-03 10:45:00,4,3.15,1,164,15,1,15.98,1.0,0.0,6.55,0.0,23.53
2,2024-01-07 06:28:00,2024-01-07 07:18:00,4,1.1,1,143,22,2,6.74,0.0,0.0,0.0,2.5,9.24
1,2024-01-06 18:49:00,2024-01-06 19:25:00,1,0.83,3,94,65,1,3.93,1.0,2.27,0.0,2.5,9.7
1,2024-01-02 10:57:00,2024-01-02 11:09:00,1,1.41,1,250,251,2,8.12,0.0,0.0,0.0,0.0,8.12
2,2024-01-10 18:42:00,2024-01-10 19:19:00,2,3.92,3,240,21,1,12.62,0.0,1.16,0.0,2.5,16.28
2,2024-01-10 16:10:00,2024-01-10 16:23:00,4,6.11,1,59,233,1,18.85,0.0,1.19,0.0,0.0,20.040000000000003
2,2024-01-07 23:57:00,2024-01-08 00:10:00,1,1.81,1,15,16,1,5.07,0.5,1.65,6.55,0.0,13.77
2,2024-01-05 10:37:00,2024-01-05 11:00:00,4,2.49,1,203,205,1,12.29,1.0,0.04,0.0,0.0,13.329999999999998
1,2024-01-02 21:57:00,2024-01-02 22:20:00,1,5.37,1,237,160,1,17.07,1.0,1.51,6.55,2.5,28.630000000000003
2,2024-01-13 16:44:00,2024-01-13 17:08:00,4,0.24,1,73,41,1,4.13,1.0,0.76,6.55,2.5,14.94
2,2024-01-14 04:34:00,2024-01-14 05:21:00,1,0.61,3,214,108,1,2.5,0.0,0.0,0.0,0.0,2.5
2,2024-01-13 09:13:00,2024-01-13 09:22:00,4,2.84,1,11,125,1,12.04,0.5,0.2,0.0,2.5,15.239999999999998
2,2024-01-04 11:37:00,2024-01-04 11:56:00,4,3.99,1,225,152,1,12.27,1.0,1.35,6.55,2.5,23.669999999999998
1,2024-01-12 08:50:00,2024-01-12 08:54:00,3,4.47,3,203,13,1,15.16,1.0,6.48,0.0,0.0,22.64
2,2024-01-06 13:19:00,2024-01-06 13:33:00,1,1.23,1,231,203,1,8.64,0.5,5.09,0.0,0.0,14.23
1,2024-01-08 01:55:00,2024-01-08 02:39:00,2,0.22,1,51,79,1,5.59,1.0,2.66,0.0,2.5,11.75
1,2024-01-02 10:56:00,2024-01-02 11:16:00,2,1.32,3,57,42,2,6.64,0.5,1.96,0.0,0.0,9.1
1,2024-01-11 17:13:00,2024-01-11 17:26:00,1,0.6,2,132,169,2,2.5,0.5,0.72,0.0,0.0,3.7199999999999998
1,2024-01-08 08:35:00,2024-01-08 08:53:00,2,0.79,1,225,249,1,12.69,1.0,1.01,0.0,2.5,17.2
1,2024-01-12 01:41:00,2024-01-12 02:32:00,2,3.4,3,174,121,1,16.88,0.5,0.0,6.55,2.5,26.43
2,2024-01-14 16:35:00,2024-01-14 17:28:00,3,0.18,3,247,209,1,5.31,0.5,3.39,0.0,2.5,11.7
1,2024-01-11 11:18:00,2024-01-11 11:38:00,1,4.04,1,78,158,1,12.43,1.0,0.86,6.55,0.0,20.84
1,2024-01-04 13:05:00,2024-01-04 13:42:00,4,1.28,3,135,121,2,6.3,0.0,2.42,0.0,0.0,8.719999999999999
1,2024-01-14 10:42:00,2024-01-14 11:10:00,2,2.08,1,140,227,2,7.47,1.0,0.0,0.0,2.5,10.969999999999999
2,2024-01-02 23:19:00,2024-01-02 23:37:00,2,0.22,1,253,24,1,6.78,1.0,1.37,6.55,2.5,18.2
1,2024-01-03 08:24:00,2024-01-03 08:32:00,4,0.95,1,176,230,2,6.32,0.0,0.0,0.0,0.0,6.32
2,2024-01-08 12:51:00,2024-01-08 13:37:00,1,0.22,1,60,26,1,2.5,0.5,0.0,0.0,2.5,5.5
1,2024-01-07 23:33:00,2024-01-08 00:18:00,2,7.49,2,254,58,1,22.8,1.0,0.52,0.0,2.5,26.82
1,2024-01-10 08:53:00,2024-01-10 09:42:00,2,3.79,1,8,126,2,16.41,0.0,1.12,0.0,0.0,17.53
2,2024-01-12 20:29:00,2024-01-12 21:18:00,1,1.42,1,107,28,1,10.98,0.0,0.31,0.0,0.0,11.290000000000001
2,2024-01-10 19:39:00,2024-01-10 20:29:00,1,0.58,1,171,128,1,8.44,1.0,0.17,0.0,2.5,12.11
2,2024-01-06 05:31:00,2024-01-06 06:15:00,1,6.23,1,58,94,2,22.34,1.0,0.0,6.55,2.5,32.39
1,2024-01-03 23:23:00,2024-01-03 23:37:00,1,0.97,3,84,191,1,5.08,0.0,0.46,6.55,0.0,12.09
2,2024-01-06 08:56:00,2024-01-06 09:11:00,2,0.4,2,117,5,2,2.5,1.0,0.14,0.0,0.0,3.64
2,2024-01-06 08:30:00,2024-01-06 08:36:00,3,1.9,2,200,157,1,9.06,0.0,5.0,0.0,0.0,14.06
2,2024-01-02 02:59:00,2024-01-02 03:40:00,1,6.62,3,22,52,1,21.53,1.0,1.68,0.0,0.0,24.21
2,2024-01-10 16:55:00,2024-01-10 16:59:00,1,0.01,1,219,243,1,3.38,0.0,0.0,0.0,2.5,5.88
2,2024-01-09 21:55:00,2024-01-09 22:23:00,1,0.63,2,226,151,1,4.9,1.0,0.12,6.55,0.0,12.57
1,2024-01-11 14:21:00,2024-01-11 14:50:00,1,6.41,1,102,80,2,17.95,1.0,0.28,0.0,0.0,19.23
2,2024-01-01 23:51:00,2024-01-02 00:20:00,1,0.43,1,145,183,1,5.6,1.0,1.4,6.55,2.5,17.05
1,2024-01-07 07:07:00,2024-01-07 07:24:00,4,0.28,1,147,107,1,5.36,0.5,2.43,0.0,2.5,10.790000000000001
2,2024-01-04 06:33:00,2024-01-04 06:43:00,1,1.94,1,14,154,1,10.14,1.0,2.26,0.0,2.5,15.9
2,2024-01-07 15:17:00,2024-01-07 15:26:00,1,4.55,1,141,205,2,18.11,0.0,0.34,0.0,0.0,18.45
1,2024-01-07 13:15:00,2024-01-07 14:04:00,3,1.49,1,31,116,1,8.68,0.0,2.21,0.0,2.5,13.39
1,2024-01-04 11:18:00,2024-01-04 12:06:00,4,11.99,1,171,17,1,35.55,0.5,0.0,0.0,0.0,36.05
1,2024-01-01 02:42:00,2024-01-01 03:24:00,3,2.61,1,205,156,1,10.13,0.5,1.38,6.55,0.0,18.560000000000002
1,2024-01-02 08:54:00,2024-01-02 09:08:00,4,0.18,3,111,25,2,3.73,0.5,3.56,0.0,2.5,10.290000000000001
2,2024-01-14 15:55:00,2024-01-14 16:10:00,4,11.36,2,68,126,2,35.08,1.0,0.89,0.0,0.0,36.97
1,2024-01-06 21:01:00,2024-01-06 21:46:00,2,1.21,1,183,178,1,8.88,1.0,0.35,6.55,2.5,19.28
2,2024-01-12 19:35:00,2024-01-12 19:54:00,1,0.78,2,196,47,1,6.79,0.0,4.55,6.55,2.5,20.39
2,2024-01-13 00:09:00,2024-01-13 00:28:00,2,1.88,3,126,200,1,13.46,0.0,0.0,6.55,0.0,20.01
2,2024-01-02 09:34:00,2024-01-02 10:12:00,1,0.83,1,175,51,1,10.84,1.0,0.0,6.55,0.0,18.39
1,2024-01-07 19:53:00,2024-01-07 20:16:00,1,0.21,1,155,197,2,3.79,0.0,2.7,0.0,0.0,6.49
1,2024-01-06 11:36:00,2024-01-06 11:46:00,2,0.0,1,69,21,2,2.5,1.0,2.53,0.0,2.5,8.53
1,2024-01-01 03:24:00,2024-01-01 03:31:00,2,1.37,3,108,143,2,9.93,0.5,3.55,6.55,2.5,23.03
2,2024-01-12 18:45:00,2024-01-12 19:13:00,4,4.17,1,35,248,1,13.33,1.0,0.45,0.0,2.5,17.28
1,2024-01-07 06:32:00,2024-01-07 06:50:00,1,1.95,2,44,1,2,6.46,1.0,0.0,0.0,0.0,7.46
1,2024-01-04 17:07:00,2024-01-04 17:45:00,1,16.42,1,143,241,2,47.98,1.0,0.0,0.0,2.5,51.48
2,2024-01-02 20:03:00,2024-01-02 20:33:00,2,0.78,1,211,58,2,4.07,0.0,1.71,0.0,2.5,8.280000000000001
1,2024-01-06 13:37:00,2024-01-06 14:08:00,3,0.76,3,6,126,2,6.66,1.0,0.76,0.0,2.5,10.92
2,2024-01-13 23:21:00,2024-01-14 00:10:00,1,0.4,3,218,52,1,2.5,1.0,0.0,6.55,0.0,10.05
1,2024-01-12 23:38:00,2024-01-12 23:52:00,1,0.41,1,27,223,1,2.5,1.0,0.0,6.55,0.0,10.05
1,2024-01-04 20:40:00,2024-01-04 21:19:00,4,0.77,1,227,96,2,6.01,0.5,0.0,0.0,0.0,6.51
1,2024-01-12 00:52:00,2024-01-12 01:24:00,1,3.62,1,56,61,2,14.69,1.0,0.0,0.0,2.5,18.189999999999998
1,2024-01-11 02:11:00,2024-01-11 02:36:00,4,5.43,1,105,181,2,19.81,1.0,6.98,6.55,2.5,36.839999999999996
1,2024-01-12 20:33:00,2024-01-12 20:51:00,3,8.49,1,18,133,2,24.8,1.0,4.87,6.55,0.0,37.22
2,2024-01-03 18:40:00,2024-01-03 18:56:00,1,0.61,2,205,89,2,2.5,0.0,11.26,6.55,0.0,20.31
1,2024-01-10 22:09:00,2024-01-10 22:21:00,4,4.9,2,43,173,1,15.45,0.5,1.19,0.0,2.5,19.64
1,2024-01-12 20:15:00,2024-01-12 20:24:00,4,0.92,1,89,5,1,6.18,0.5,0.1,6.55,2.5,15.829999999999998
1,2024-01-06 12:07:00,2024-01-06 12:54:00,1,0.28,1,74,204,1,7.5,1.0,0.0,0.0,2.5,11.0
1,2024-01-11 19:22:00,2024-01-11 20:16:00,3,4.69,1,157,162,1,13.13,1.0,2.48,0.0,0.0,16.61
1,2024-01-01 19:31:00,2024-01-01 20:10:00,1,2.33,2,134,61,2,8.97,0.0,0.32,0.0,0.0,9.290000000000001
1,2024-01-09 06:38:00,2024-01-09 07:09:00,3,0.41,2,89,190,2,2.5,1.0,0.0,0.0,0.0,3.5
1,2024-01-07 08:15:00,2024-01-07 08:20:00,3,1.29,1,236,63,1,3.61,0.0,0.13,0.0,0.0,3.7399999999999998
2,2024-01-05 09:42:00,2024-01-05 09:59:00,2,0.78,1,132,44,1,7.6,1.0,1.42,0.0,2.5,12.52
2,2024-01-13 09:13:00,2024-01-13 09:51:00,2,3.07,3,229,239,2,12.96,0.0,0.0,0.0,2.5,15.46
1,2024-01-09 06:49:00,2024-01-09 07:38:00,2,1.39,1,34,28,2,8.02,0.5,0.0,6.55,2.5,17.57
2,2024-01-02 18:19:00,2024-01-02 19:07:00,1,10.43,2,83,198,2,34.51,1.0,1.17,6.55,0.0,43.23
1,2024-01-03 17:59:00,2024-01-03 18:53:00,1,0.13,3,132,171,1,2.5,0.0,0.95,0.0,0.0,3.45
2,2024-01-10 03:43:00,2024-01-10 04:04:00,3,1.01,1,204,30,1,4.75,0.0,1.7,0.0,2.5,8.95
1,2024-01-04 18:32:00,2024-01-04 18:47:00,2,1.51,1,258,154,1,12.69,1.0,0.0,0.0,0.0,13.69
1,2024-01-14 00:25:00,2024-01-14 01:09:00,1,1.61,1,125,209,2,6.89,0.0,0.26,0.0,0.0,7.1499999999999995
2,2024-01-14 22:14:00,2024-01-14 22:37:00,2,0.87,1,151,63,2,7.27,1.0,0.0,6.55,2.5,17.32
1,2024-01-02 05:13:00,2024-01-02 05:52:00,1,3.01,1,247,57,2,11.44,1.0,0.06,0.0,0.0,12.5
2,2024-01-13 17:22:00,2024-01-13 17:51:00,4,4.78,1,175,208,2,13.38,0.0,1.29,6.55,0.0,21.220000000000002
1,2024-01-08 00:43:00,2024-01-08 01:37:00,3,6.42,2,80,63,2,17.98,0.0,1.95,6.55,2.5,28.98
1,2024-01-12 08:56:00,2024-01-12 09:27:00,1,3.76,2,107,248,1,12.08,0.0,0.0,0.0,2.5,14.58
1,2024-01-05 13:48:00,2024-01-05 14:10:00,3,4.37,3,58,141,1,17.88,0.5,0.0,0.0,2.5,20.88
1,2024-01-05 09:04:00,2024-01-05 09:31:00,1,1.84,1,91,93,1,10.12,1.0,0.0,0.0,0.0,11.12
2,2024-01-06 02:25:00,2024-01-06 02:33:00,2,4.02,2,135,107,1,16.54,1.0,0.0,6.55,2.5,26.59
1,2024-01-11 15:52:00,2024-01-11 16:30:00,1,0.83,1,169,88,2,2.86,0.5,0.0,6.55,2.5,12.41
2,2024-01-01 09:57:00,2024-01-01 10:01:00,1,1.17,3,122,108,1,10.32,0.5,1.44,0.0,0.0,12.26
2,2024-01-14 12:06:00,2024-01-14 12:30:00,1,0.88,1,236,46,1,3.05,0.0,0.48,6.55,0.0,10.08
1,2024-01-02 14:56:00,2024-01-02 15:30:00,2,1.45,1,76,77,2,7.59,1.0,1.53,6.55,2.5,19.169999999999998
1,2024-01-07 20:39:00,2024-01-07 20:57:00,1,0.77,2,23,217,1,5.13,0.5,0.36,0.0,2.5,8.49
2,2024-01-01 09:32:00,2024-01-01 09:52:00,1,7.5,1,73,169,1,23.57,0.5,0.0,0.0,0.0,24.07
2,2024-01-06 05:21:00,2024-01-06 05:28:00,1,0.86,1,88,129,2,8.75,1.0,1.98,0.0,0.0,11.73
1,2024-01-05 06:51:00,2024-01-05 07:29:00,3,0.24,1,103,201,1,2.5,1.0,0.0,0.0,0.0,3.5
2,2024-01-13 19:54:00,2024-01-13 20:26:00,1,1.72,3,94,196,1,4.82,1.0,4.85,6.55,2.5,19.72
2,2024-01-10 17:12:00,2024-01-10 17:59:00,1,0.14,2,253,88,2,3.44,0.0,2.11,0.0,0.0,5.55
2,2024-01-09 05:41:00,2024-01-09 06:02:00,1,0.27,2,58,253,1,2.76,0.5,0.84,0.0,2.5,6.6
1,2024-01-09 15:44:00,2024-01-09 16:09:00,3,0.57,3,9,238,2,13.04,0.0,0.0,0.0,2.5,15.54
2,2024-01-02 03:13:00,2024-01-02 03:49:00,1,1.44,1,13,73,2,8.72,1.0,2.2,6.55,2.5,20.970000000000002
2,2024-01-13 10:21:00,2024-01-13 10:36:00,2,1.31,1,131,161,1,5.64,1.0,0.0,0.0,0.0,6.64
2,2024-01-09 16:05:00,2024-01-09 16:50:00,2,3.7,1,222,58,1,10.72,0.5,5.24,0.0,0.0,16.46
2,2024-01-08 12:49:00,2024-01-08 13:20:00,1,3.09,1,153,66,2,8.65,0.0,0.08,0.0,2.5,11.23
1,2024-01-03 12:48:00,2024-01-03 13:26:00,3,1.28,3,71,26,1,4.02,0.0,0.09,0.0,2.5,6.609999999999999
1,2024-01-11 12:57:00,2024-01-11 13:21:00,1,0.93,1,20,77,1,5.89,0.0,0.0,6.55,0.0,12.44
2,2024-01-10 03:00:00,2024-01-10 03:54:00,1,0.88,1,81,36,2,9.03,1.0,7.37,6.55,2.5,26.45
2,2024-01-13 10:41:00,2024-01-13 11:35:00,2,3.42,2,228,19,2,15.38,0.5,0.06,0.0,0.0,15.940000000000001
2,2024-01-10 23:17:00,2024-01-11 00:06:00,1,0.12,2,19,19,1,3.91,0.0,0.0,0.0,2.5,6.41
1,2024-01-10 06:48:00,2024-01-10 07:26:00,1,0.03,2,165,140,1,2.5,1.0,0.55,0.0,0.0,4.05
1,2024-01-03 04:17:00,2024-01-03 04:28:00,1,3.65,1,107,67,1,13.89,1.0,2.66,0.0,2.5,20.05
2,2024-01-01 01:37:00,2024-01-01 02:18:00,2,1.49,1,214,18,2,5.88,0.0,4.47,0.0,2.5,12.85
2,2024-01-08 22:07:00,2024-01-08 23:00:00,1,0.32,1,239,112,1,8.19,0.5,0.0,6.55,2.5,17.74
1,2024-01-09 20:02:00,2024-01-09 20:23:00,1,0.62,2,147,115,1,4.26,0.5,0.0,0.0,0.0,4.76
2,2024-01-09 23:24:00,2024-01-10 00:04:00,3,6.2,1,181,166,2,20.14,0.0,0.05,6.55,0.0,26.740000000000002
2,2024-01-03 14:30:00,2024-01-03 14:38:00,1,4.51,2,198,67,1,12.63,1.0,0.0,6.55,0.0,20.18
1,2024-01-06 22:15:00,2024-01-06 23:09:00,1,2.85,1,53,255,1,10.49,1.0,0.0,0.0,2.5,13.99
1,2024-01-04 05:46:00,2024-01-04 06:35:00,3,1.51,1,240,70,1,9.32,0.0,3.55,0.0,2.5,15.370000000000001
1,2024-01-12 02:49:00,2024-01-12 03:06:00,1,1.69,1,188,203,1,5.06,1.0,0.78,0.0,0.0,6.84
1,2024-01-12 19:14:00,2024-01-12 19:36:00,4,8.51,1,6,127,1,24.95,1.0,1.5,6.55,0.0,34.0
1,2024-01-02 04:47:00,2024-01-02 04:58:00,2,7.76,3,49,80,1,26.71,0.0,3.41,0.0,0.0,30.12
2,2024-01-02 06:54:00,2024-01-02 07:28:00,2,0.56,1,200,176,1,2.5,1.0,1.5,6.55,2.5,14.05
1,2024-01-08 12:00:00,2024-01-08 12:06:00,3,3.83,1,60,113,1,16.37,0.0,1.23,0.0,0.0,17.6
1,2024-01-04 12:15:00,2024-01-04 13:07:00,2,0.51,1,33,111,1,3.1,0.0,0.03,0.0,0.0,3.13
1,2024-01-08 03:11:00,2024-01-08 03:31:00,1,0.55,1,244,137,1,3.57,0.0,0.0,6.55,2.5,12.62
1,2024-01-13 23:48:00,2024-01-13 23:55:00,4,2.59,2,172,133,1,7.44,1.0,0.0,0.0,0.0,8.440000000000001
1,2024-01-09 21:39:00,2024-01-09 22:01:00,2,1.19,1,207,189,1,7.28,0.0,0.0,6.55,0.0,13.83
1,2024-01-07 12:09:00,2024-01-07 12:34:00,3,6.17,3,22,225,1,26.43,1.0,0.66,6.55,0.0,34.64
2,2024-01-07 10:43:00,2024-01-07 10:56:00,4,0.21,2,47,103,2,5.54,0.0,2.47,0.0,0.0,8.01
1,2024-01-10 03:31:00,2024-01-10 04:10:00,1,1.65,1,158,107,1,5.46,0.5,0.0,0.0,0.0,5.96
2,2024-01-05 00:14:00,2024-01-05 00:38:00,2,5.77,1,258,63,1,22.0,1.0,2.11,0.0,2.5,27.61
2,2024-01-05 12:39:00,2024-01-05 12:45:00,2,5.39,1,143,245,1,17.3,1.0,0.0,0.0,0.0,18.3
1,2024-01-08 15:03:00,2024-01-08 15:34:00,1,0.39,3,47,173,1,7.53,1.0,0.68,0.0,0.0,9.21
1,2024-01-13 14:13:00,2024-01-13 14:59:00,1,1.05,1,27,210,2,7.96,0.5,4.37,6.55,0.0,19.380000000000003
2,2024-01-11 08:59:00,2024-01-11 09:35:00,4,2.22,3,27,191,1,6.22,0.0,0.03,6.55,0.0,12.8
2,2024-01-01 13:01:00,2024-01-01 13:16:00,4,0.4,1,145,158,1,2.5,0.5,0.0,0.0,2.5,5.5
2,2024-01-12 07:22:00,2024-01-12 08:06:00,3,7.92,1,75,225,1,27.54,0.0,0.0,0.0,0.0,27.54
1,2024-01-05 17:43:00,2024-01-05 17:54:00,2,5.66,3,187,172,2,19.23,0.0,0.0,0.0,2.5,21.73
2,2024-01-13 20:09:00,2024-01-13 20:53:00,3,0.42,1,10,36,2,2.5,0.0,0.98,0.0,0.0,3.48
1,2024-01-05 23:53:00,2024-01-06 00:26:00,4,0.3,3,121,134,1,2.5,0.0,2.33,0.0,0.0,4.83
1,2024-01-02 11:13:00,2024-01-02 11:22:00,2,0.21,1,165,37,1,2.5,0.0,1.79,0.0,0.0,4.29
2,2024-01-12 07:20:00,2024-01-12 07:26:00,3,5.52,3,161,93,1,18.24,0.5,0.15,0.0,2.5,21.389999999999997
1,2024-01-10 10:05:00,2024-01-10 10:26:00,1,0.49,1,118,75,1,9.9,1.0,2.14,0.0,0.0,13.040000000000001
1,2024-01-08 01:43:00,2024-01-08 02:27:00,1,1.24,1,84,244,1,8.48,0.5,3.7,0.0,0.0,12.68
2,2024-01-13 11:21:00,2024-01-13 11:53:00,1,1.37,1,146,183,2,12.31,1.0,10.75,0.0,0.0,24.060000000000002
2,2024-01-07 09:23:00,2024-01-07 09:56:00,4,2.1,2,171,205,2,11.09,1.0,0.0,0.0,0.0,12.09
1,2024-01-13 22:58:00,2024-01-13 23:35:00,3,0.17,3,14,187,1,6.04,1.0,2.37,0.0,0.0,9.41
2,2024-01-11 23:15:00,2024-01-11 23:38:00,1,0.59,1,149,166,1,9.59,0.5,1.18,0.0,2.5,13.77
1,2024-01-14 01:30:00,2024-01-14 02:03:00,1,6.17,1,251,115,1,21.22,0.0,0.02,0.0,0.0,21.24
2,2024-01-10 08:49:00,2024-01-10 09:10:00,2,5.5,2,57,207,1,17.93,0.0,0.0,0.0,2.5,20.43
2,2024-01-04 20:26:00,2024-01-04 20:59:00,2,3.5,1,133,245,2,15.38,1.0,0.0,0.0,2.5,18.880000000000003
2,2024-01-05 18:12:00,2024-01-05 18:46:00,1,0.05,2,170,161,1,6.77,0.0,0.0,0.0,2.5,9.27
2,2024-01-02 18:31:00,2024-01-02 18:35:00,2,0.91,2,102,13,1,4.35,0.0,0.0,0.0,0.0,4.35
1,2024-01-05 10:51:00,2024-01-05 11:45:00,4,2.27,1,106,236,1,7.55,0.5,0.99,0.0,2.5,11.540000000000001
2,2024-01-12 09:11:00,2024-01-12 09:23:00,2,0.74,2,171,114,2,5.42,0.0,1.49,0.0,0.0,6.91
1,2024-01-14 03:39:00,2024-01-14 03:43:00,1,5.53,1,128,152,1,20.56,0.0,0.98,0.0,2.5,24.04
1,2024-01-01 07:55:00,2024-01-01 07:59:00,1,2.31,1,250,26,1,11.46,0.5,1.77,6.55,0.0,20.28
2,2024-01-08 05:23:00,2024-01-08 05:49:00,1,0.17,1,32,168,1,2.5,0.0,0.6,0.0,0.0,3.1
2,2024-01-06 00:39:00,2024-01-06 00:58:00,1,5.51,1,216,32,1,23.21,1.0,2.22,6.55,0.0,32.98
2,2024-01-05 15:50:00,2024-01-05 16:24:00,4,7.28,1,244,221,1,21.78,0.5,4.23,0.0,0.0,26.51
2,2024-01-06 14:38:00,2024-01-06 14:56:00,1,0.19,3,85,206,1,2.87,0.0,0.56,0.0,0.0,3.43
2,2024-01-02 14:05:00,2024-01-02 14:23:00,3,1.75,1,45,98,2,5.64,0.0,1.56,6.55,2.5,16.25
1,2024-01-04 15:03:00,2024-01-04 15:51:00,2,0.83,3,200,91,1,12.07,0.5,2.3,0.0,0.0,14.870000000000001
2,2024-01-10 09:21:00,2024-01-10 10:02:00,2,1.15,3,201,214,2,6.83,1.0,1.83,6.55,2.5,18.71
1,2024-01-11 08:09:00,2024-01-11 08:42:00,4,0.46,2,168,188,1,2.5,0.5,1.0,0.0,0.0,4.0
1,2024-01-05 20:11:00,2024-01-05 20:56:00,1,1.98,2,240,57,1,10.7,1.0,0.0,0.0,0.0,11.7
1,2024-01-14 19:49:00,2024-01-14 20:15:00,4,7.29,3,190,107,1,25.33,0.5,0.0,0.0,0.0,25.83
1,2024-01-09 00:11:00,2024-01-09 00:14:00,2,1.61,2,71,195,1,7.04,0.0,0.0,0.0,0.0,7.04
2,2024-01-11 05:21:00,2024-01-11 05:34:00,1,0.2,1,145,22,1,5.66,0.5,1.67,0.0,0.0,7.83
2,2024-01-14 08:06:00,2024-01-14 08:29:00,1,2.23,2,209,186,1,7.18,0.5,0.05,0.0,0.0,7.7299999999999995
1,2024-01-04 10:23:00,2024-01-04 10:29:00,4,0.96,3,208,85,1,4.46,1.0,0.0,0.0,0.0,5.46
1,2024-01-05 12:50:00,2024-01-05 12:59:00,2,4.46,2,222,80,2,12.49,0.5,2.34,0.0,0.0,15.33
2,2024-01-08 17:16:00,2024-01-08 17:44:00,2,1.31,2,163,77,1,3.67,1.0,0.0,0.0,0.0,4.67
1,2024-01-01 04:18:00,2024-01-01 05:07:00,1,0.49,1,72,177,1,8.89,0.5,0.26,0.0,2.5,12.15
2,2024-01-01 04:42:00,2024-01-01 05:34:00,1,0.49,1,240,174,2,8.48,0.0,0.0,6.55,2.5,17.53
1,2024-01-10 16:17:00,2024-01-10 16:31:00,2,3.37,3,127,82,1,12.6,0.5,2.05,6.55,2.5,24.2
2,2024-01-02 07:38:00,2024-01-02 08:11:00,1,0.71,1,85,21,1,9.15,0.0,0.99,0.0,0.0,10.14
1,2024-01-03 20:55:00,2024-01-03 21:14:00,1,3.35,1,15,179,2,11.98,1.0,0.63,0.0,2.5,16.11
1,2024-01-05 14:29:00,2024-01-05 15:04:00,2,0.53,1,248,225,2,3.88,1.0,0.0,0.0,0.0,4.88
1,2024-01-08 18:08:00,2024-01-08 18:21:00,3,0.89,3,2,251,2,5.63,1.0,4.7,6.55,0.0,17.88
2,2024-01-14 14:24:00,2024-01-14 14:54:00,1,1.44,1,74,223,1,6.72,1.0,1.62,0.0,0.0,9.34
2,2024-01-01 10:12:00,2024-01-01 10:46:00,4,6.6,1,64,75,1,20.94,0.5,2.38,0.0,2.5,26.32
2,2024-01-10 20:43:00,2024-01-10 20:46:00,1,6.17,1,239,151,1,23.13,0.5,0.97,0.0,2.5,27.099999999999998
1,2024-01-12 20:31:00,2024-01-12 21:20:00,3,0.53,1,201,105,2,4.86,0.5,1.08,0.0,0.0,6.44
1,2024-01-14 22:34:00,2024-01-14 23:04:00,1,1.02,3,221,42,1,7.64,0.0,0.74,0.0,0.0,8.379999999999999
1,2024-01-02 14:27:00,2024-01-02 15:11:00,1,0.37,1,162,176,2,6.61,0.5,2.69,0.0,2.5,12.3
1,2024-01-05 22:53:00,2024-01-05 23:02:00,2,1.64,1,183,245,1,8.56,0.0,0.98,6.55,2.5,18.59
1,2024-01-08 18:45:00,2024-01-08 18:49:00,2,1.42,3,132,253,1,4.55,0.0,0.47,0.0,2.5,7.52
1,2024-01-05 02:26:00,2024-01-05 03:10:00,3,5.31,1,120,92,1,14.87,0.5,1.01,6.55,2.5,25.43
2,2024-01-02 19:11:00,2024-01-02 19:37:00,2,6.12,1,219,11,1,20.51,0.0,4.23,0.0,2.5,27.240000000000002
2,2024-01-11 12:29:00,2024-01-11 12:35:00,2,1.11,2,160,152,1,5.68,1.0,0.0,6.55,2.5,15.73
2,2024-01-09 10:30:00,2024-01-09 11:16:00,2,1.56,1,109,189,1,7.59,0.5,0.9,0.0,2.5,11.49
1,2024-01-05 23:43:00,2024-01-06 00:04:00,2,5.21,1,238,164,2,17.55,0.5,5.22,0.0,2.5,25.77
2,2024-01-08 00:22:00,2024-01-08 00:50:00,1,3.78,1,67,126,1,20.04,0.0,0.0,0.0,2.5,22.54
1,2024-01-14 21:08:00,2024-01-14 21:21:00,3,0.01,2,187,211,1,2.5,0.5,0.11,0.0,0.0,3.11
1,2024-01-12 20:13:00,2024-01-12 20:55:00,1,0.89,1,36,97,1,2.5,0.5,0.3,0.0,0.0,3.3
2,2024-01-01 21:23:00,2024-01-01 22:15:00,2,1.26,2,49,47,1,7.36,0.0,0.27,0.0,0.0,7.630000000000001
1,2024-01-01 15:23:00,2024-01-01 16:08:00,2,0.6,1,256,224,1,3.74,0.5,0.0,0.0,0.0,4.24
1,2024-01-01 18:45:00,2024-01-01 18:58:00,1,0.51,1,107,57,1,5.22,0.5,0.0,0.0,2.5,8.219999999999999
1,2024-01-02 01:29:00,2024-01-02 02:16:00,1,0.09,1,8,75,1,4.71,0.5,2.02,0.0,0.0,7.23
1,2024-01-06 20:38:00,2024-01-06 20:43:00,4,2.37,1,236,254,2,12.85,0.0,2.29,0.0,0.0,15.14
1,2024-01-14 22:55:00,2024-01-14 23:09:00,2,0.7,3,178,151,1,2.5,0.5,2.57,0.0,0.0,5.57
2,2024-01-12 05:14:00,2024-01-12 05:19:00,3,0.12,1,242,59,2,2.5,0.5,3.11,0.0,2.5,8.61
2,2024-01-06 13:24:00,2024-01-06 14:08:00,1,0.6,1,41,86,1,5.75,0.5,0.51,0.0,2.5,9.26
1,2024-01-07 18:32:00,2024-01-07 19:01:00,1,3.72,2,245,170,1,15.34,1.0,0.0,6.55,2.5,25.39
1,2024-01-08 08:32:00,2024-01-08 09:23:00,2,4.39,1,113,146,2,20.78,0.5,0.0,0.0,0.0,21.28
2,2024-01-03 16:24:00,2024-01-03 16:28:00,2,1.52,1,256,33,1,9.65,0.0,6.33,6.55,0.0,22.53
2,2024-01-01 03:46:00,2024-01-01 04:37:00,1,1.24,3,166,3,1,6.33,1.0,0.58,0.0,0.0,7.91
2,2024-01-11 10:36:00,2024-01-11 10:54:00,1,8.76,1,78,257,2,25.3,0.0,0.0,0.0,0.0,25.3
1,2024-01-09 03:39:00,2024-01-09 03:43:00,2,0.51,1,207,126,2,3.02,0.5,2.33,6.55,2.5,14.899999999999999
2,2024-01-12 13:28:00,2024-01-12 14:00:00,1,0.56,3,196,113,2,3.09,0.5,2.97,0.0,2.5,9.06
2,2024-01-07 15:47:00,2024-01-07 16:09:00,3,0.79,2,64,48,1,6.85,0.5,0.73,0.0,0.0,8.08
1,2024-01-09 03:49:00,2024-01-09 04:29:00,2,0.44,3,140,195,2,4.87,1.0,1.86,6.55,0.0,14.280000000000001
1,2024-01-01 10:45:00,2024-01-01 11:15:00,1,1.1,3,42,225,1,3.08,0.5,0.0,6.55,2.5,12.629999999999999
2,2024-01-12 07:39:00,2024-01-12 08:06:00,2,5.56,1,209,213,1,17.48,0.0,0.0,0.0,0.0,17.48
1,2024-01-14 10:54:00,2024-01-14 11:28:00,2,2.2,1,73,138,1,11.35,1.0,0.0,6.55,2.5,21.4
2,2024-01-10 11:55:00,2024-01-10 12:07:00,1,1.22,1,153,70,1,7.3,0.0,0.0,0.0,2.5,9.8
2,2024-01-14 02:48:00,2024-01-14 03:32:00,1,6.27,2,135,70,2,21.98,0.0,0.1,0.0,2.5,24.580000000000002
1,2024-01-08 14:44:00,2024-01-08 15:26:00,2,0.11,3,216,208,2,4.27,0.0,1.23,6.55,0.0,12.05
1,2024-01-12 04:07:00,2024-01-12 04:42:00,3,0.54,2,209,200,1,8.58,0.0,0.0,6.55,2.5,17.63
2,2024-01-10 09:37:00,2024-01-10 09:52:00,4,1.92,2,204,59,1,8.97,0.0,3.0,0.0,0.0,11.97
1,2024-01-10 05:09:00,2024-01-10 05:52:00,2,2.2,1,110,259,1,8.19,0.5,5.04,0.0,0.0,13.73
1,2024-01-07 11:46:00,2024-01-07 12:30:00,1,0.09,1,31,165,1,2.5,0.0,0.66,0.0,2.5,5.66
1,2024-01-01 09:47:00,2024-01-01 10:36:00,1,1.19,1,12,245,2,6.96,0.0,2.18,6.55,0.0,15.690000000000001
1,2024-01-09 20:43:00,2024-01-09 21:22:00,1,2.41,1,127,84,1,6.75,0.5,0.1,0.0,0.0,7.35
1,2024-01-07 08:57:00,2024-01-07 09:15:00,1,2.75,3,194,114,2,10.24,1.0,1.08,0.0,2.5,14.82
1,2024-01-03 19:59:00,2024-01-03 20:46:00,1,2.34,2,140,234,1,9.04,0.5,0.0,0.0,0.0,9.54
1,2024-01-03 07:48:00,2024-01-03 08:12:00,3,0.89,3,27,172,2,2.5,1.0,0.0,6.55,0.0,10.05
2,2024-01-13 13:39:00,2024-01-13 14:01:00,2,0.23,2,46,18,2,2.5,0.0,2.28,0.0,0.0,4.779999999999999
1,2024-01-08 11:45:00,2024-01-08 12:37:00,2,1.28,2,135,235,2,8.61,0.5,0.31,0.0,0.0,9.42
2,2024-01-09 13:28:00,2024-01-09 14:13:00,1,0.32,2,58,157,1,4.47,1.0,0.0,0.0,0.0,5.47
1,2024-01-05 11:30:00,2024-01-05 11:59:00,2,6.78,2,13,211,1,22.24,1.0,2.4,0.0,0.0,25.639999999999997
2,2024-01-10 04:30:00,2024-01-10 05:13:00,2,1.48,1,100,196,1,7.91,0.5,0.0,0.0,0.0,8.41
1,2024-01-04 18:33:00,2024-01-04 18:51:00,2,0.88,1,49,115,1,5.7,0.5,6.03,0.0,0.0,12.23
2,2024-01-01 18:18:00,2024-01-01 18:54:00,3,3.34,1,94,160,1,15.46,0.5,6.28,0.0,0.0,22.240000000000002
1,2024-01-05 22:16:00,2024-01-05 22:50:00,3,1.58,1,95,155,2,7.73,0.5,1.76,6.55,0.0,16.54
2,2024-01-13 23:50:00,2024-01-14 00:18:00,1,0.85,2,145,51,1,2.5,0.5,1.5,0.0,2.5,7.0
1,2024-01-08 22:39:00,2024-01-08 23:06:00,3,3.84,3,72,73,1,17.83,0.0,0.9,6.55,0.0,25.279999999999998
1,2024-01-07 07:27:00,2024-01-07 07:31:00,1,4.64,1,10,110,1,16.92,0.0,2.77,0.0,2.5,22.19
2,2024-01-12 03:01:00,2024-01-12 03:15:00,2,2.57,1,162,221,1,8.72,0.5,1.7,0.0,0.0,10.92
2,2024-01-05 10:56:00,2024-01-05 11:38:00,3,0.11,1,214,9,2,2.5,0.5,0.0,0.0,0.0,3.0
1,2024-01-05 20:20:00,2024-01-05 20:31:00,1,1.92,1,4,82,1,9.37,0.0,0.6,6.55,0.0,16.52
2,2024-01-13 12:58:00,2024-01-13 13:12:00,2,3.31,2,224,22,1,11.98,1.0,0.82,0.0,2.5,16.3
2,2024-01-08 17:01:00,2024-01-08 17:29:00,1,0.34,1,29,99,1,7.89,0.0,0.84,0.0,0.0,8.73
1,2024-01-06 12:30:00,2024-01-06 12:41:00,2,0.6,2,203,170,2,3.82,0.5,3.61,0.0,0.0,7.93
2,2024-01-07 08:02:00,2024-01-07 08:14:00,3,4.92,1,77,190,2,14.68,1.0,0.23,6.55,0.0,22.46
1,2024-01-09 17:36:00,2024-01-09 18:10:00,1,0.05,1,59,106,2,5.38,0.5,0.0,0.0,0.0,5.88
2,2024-01-01 18:09:00,2024-01-01 18:45:00,1,3.21,2,196,168,1,14.3,1.0,1.23,0.0,2.5,19.03
1,2024-01-04 04:18:00,2024-01-04 05:08:00,1,1.48,3,107,113,1,7.57,0.5,0.0,6.55,0.0,14.620000000000001
2,2024-01-07 08:07:00,2024-01-07 08:29:00,4,1.36,1,9,148,1,8.5,0.0,0.0,6.55,2.5,17.55
1,2024-01-08 06:47:00,2024-01-08 07:28:00,1,0.02,3,20,220,1,2.96,0.5,0.0,0.0,0.0,3.46
1,2024-01-01 02:35:00,2024-01-01 02:39:00,2,3.94,2,149,33,1,14.62,0.0,0.15,0.0,0.0,14.77
2,2024-01-02 08:38:00,2024-01-02 08:41:00,4,1.03,2,17,220,2,8.8,1.0,1.57,0.0,2.5,13.870000000000001
2,2024-01-08 10:13:00,2024-01-08 11:06:00,4,1.79,1,12,185,2,9.58,0.0,0.0,0.0,2.5,12.08
1,2024-01-05 09:44:00,2024-01-05 10:22:00,2,2.6,3,82,193,2,9.86,1.0,0.0,6.55,0.0,17.41
1,2024-01-05 00:19:00,2024-01-05 00:45:00,4,2.79,2,67,180,1,14.19,0.5,1.67,0.0,2.5,18.86
2,2024-01-03 15:50:00,2024-01-03 16:19:00,2,7.18,1,133,6,2,20.1,0.0,1.59,0.0,0.0,21.69
2,2024-01-07 06:46:00,2024-01-07 06:50:00,4,1.74,2,53,9,1,13.0,1.0,0.74,0.0,0.0,14.74
2,2024-01-07 19:14:00,2024-01-07 19:47:00,1,1.17,1,206,61,2,3.28,1.0,12.87,0.0,0.0,17.15
2,2024-01-01 07:21:00,2024-01-01 07:37:00,1,7.07,1,233,163,1,21.23,1.0,0.71,6.55,2.5,31.990000000000002
2,2024-01-11 01:18:00,2024-01-11 01:22:00,1,2.36,1,54,99,1,9.51,1.0,1.33,0.0,2.5,14.34
2,2024-01-04 05:08:00,2024-01-04 05:39:00,4,0.81,2,68,148,1,4.9,0.5,0.01,6.55,0.0,11.96
1,2024-01-05 10:10:00,2024-01-05 10:27:00,2,0.31,1,169,58,1,6.38,0.5,0.95,0.0,0.0,7.83
2,2024-01-07 14:48:00,2024-01-07 15:02:00,2,4.25,1,161,215,1,12.26,0.5,0.16,0.0,0.0,12.92
2,2024-01-13 00:52:00,2024-01-13 01:31:00,2,1.03,1,15,182,1,6.54,1.0,3.0,0.0,2.5,13.04
2,2024-01-09 00:45:00,2024-01-09 01:15:00,3,2.48,1,191,35,2,8.5,0.5,1.81,0.0,2.5,13.31
2,2024-01-06 16:19:00,2024-01-06 16:41:00,1,1.46,1,15,46,1,7.83,1.0,0.0,0.0,0.0,8.83
1,2024-01-12 02:53:00,2024-01-12 03:34:00,3,0.51,1,10,87,1,4.27,1.0,0.74,0.0,0.0,6.01
1,2024-01-12 16:43:00,2024-01-12 17:09:00,1,2.12,2,57,4,1,9.17,1.0,3.71,6.55,2.5,22.93
1,2024-01-01 06:32:00,2024-01-01 06:55:00,3,0.14,1,199,107,2,2.5,0.0,0.01,0.0,2.5,5.01
1,2024-01-09 10:10:00,2024-01-09 10:22:00,3,1.23,1,161,75,2,5.17,0.5,0.89,0.0,2.5,9.059999999999999
2,2024-01-13 14:51:00,2024-01-13 15:39:00,1,1.82,2,253,40,2,8.81,0.5,2.37,0.0,2.5,14.18
1,2024-01-08 06:09:00,2024-01-08 06:25:00,1,1.32,3,119,127,1,9.06,0.0,0.0,0.0,0.0,9.06
2,2024-01-13 04:02:00,2024-01-13 04:41:00,1,3.18,2,80,183,1,10.41,0.0,0.59,0.0,2.5,13.5
2,2024-01-06 03:38:00,2024-01-06 03:58:00,2,4.05,1,124,119,2,12.17,0.0,1.71,6.55,2.5,22.93
1,2024-01-02 16:54:00,2024-01-02 17:20:00,3,3.39,1,72,73,1,14.03,0.0,1.7,6.55,0.0,22.279999999999998
1,2024-01-14 22:18:00,2024-01-14 22:34:00,3,0.09,1,168,40,2,3.17,1.0,4.56,0.0,2.5,11.23
2,2024-01-13 08:01:00,2024-01-13 08:37:00,3,0.5,1,36,204,2,6.48,0.5,0.11,0.0,2.5,9.59
1,2024-01-11 13:43:00,2024-01-11 13:57:00,3,1.77,2,175,96,2,5.69,0.5,1.22,0.0,0.0,7.41
1,2024-01-05 15:41:00,2024-01-05 16:05:00,3,6.28,1,199,143,2,17.58,0.5,0.44,0.0,0.0,18.52
2,2024-01-02 19:17:00,2024-01-02 19:25:00,2,4.14,2,116,115,1,13.26,1.0,0.0,0.0,0.0,14.26
2,2024-01-01 02:21:00,2024-01-01 02:59:00,1,4.25,2,220,133,1,12.98,0.5,0.35,0.0,0.0,13.83
2,2024-01-02 20:19:00,2024-01-02 21:06:00,3,0.83,1,66,168,1,5.13,0.0,8.25,0.0,2.5,15.879999999999999
2,2024-01-07 06:31:00,2024-01-07 07:09:00,2,1.29,3,134,245,1,5.02,0.5,0.53,0.0,0.0,6.05
2,2024-01-11 10:37:00,2024-01-11 11:01:00,1,1.46,1,119,259,2,8.94,0.5,0.0,0.0,0.0,9.44
1,2024-01-10 16:50:00,2024-01-10 17:06:00,3,0.39,1,122,46,1,3.37,1.0,0.0,0.0,2.5,6.87
2,2024-01-04 22:21:00,2024-01-04 22:39:00,1,0.07,1,87,237,1,3.57,0.0,0.0,0.0,0.0,3.57
2,2024-01-05 06:22:00,2024-01-05 07:00:00,2,6.75,1,137,53,1,22.29,0.0,2.34,6.55,0.0,31.18
2,2024-01-09 09:49:00,2024-01-09 10:16:00,1,0.63,1,53,148,2,5.25,0.0,0.26,0.0,0.0,5.51
1,2024-01-07 02:27:00,2024-01-07 03:01:00,1,0.63,3,205,187,2,4.7,0.5,1.92,0.0,2.5,9.620000000000001
2,2024-01-08 00:16:00,2024-01-08 00:51:00,1,0.2,2,51,21,1,4.84,0.0,0.0,6.55,2.5,13.89
2,2024-01-06 21:12:00,2024-01-06 21:59:00,3,6.07,1,40,90,1,18.01,0.0,1.06,6.55,2.5,28.12
1,2024-01-12 16:07:00,2024-01-12 16:45:00,3,1.99,3,250,233,2,12.07,0.5,0.0,0.0,2.5,15.07
2,2024-01-03 22:49:00,2024-01-03 23:11:00,1,2.53,1,218,215,2,9.49,1.0,1.21,0.0,0.0,11.7
2,2024-01-11 09:09:00,2024-01-11 09:29:00,1,5.58,1,179,51,1,15.62,0.5,2.4,0.0,2.5,21.019999999999996
2,2024-01-02 05:10:00,2024-01-02 05:50:00,2,0.98,1,39,153,1,6.21,1.0,3.22,0.0,2.5,12.93
1,2024-01-13 17:51:00,2024-01-13 17:56:00,4,2.23,1,183,116,1,7.12,1.0,0.0,0.0,0.0,8.120000000000001
1,2024-01-03 20:08:00,2024-01-03 20:33:00,1,0.09,2,224,214,2,4.92,0.0,0.0,0.0,2.5,7.42
2,2024-01-11 14:42:00,2024-01-11 15:16:00,1,0.48,3,164,137,1,9.87,0.0,0.0,0.0,2.5,12.37
2,2024-01-14 10:10:00,2024-01-14 10:57:00,4,4.09,3,234,71,1,12.49,0.5,0.09,0.0,2.5,15.58
2,2024-01-07 16:41:00,2024-01-07 16:59:00,1,3.35,3,193,245,1,13.21,1.0,0.03,6.55,2.5,23.29
1,2024-01-04 12:35:00,2024-01-04 12:42:00,1,0.99,2,85,38,2,2.77,0.5,1.22,0.0,2.5,6.99
1,2024-01-08 05:32:00,2024-01-08 05:38:00,1,1.09,2,243,216,2,7.19,0.0,1.96,0.0,0.0,9.15
1,2024-01-11 21:26:00,2024-01-11 21:49:00,1,1.75,2,173,127,1,5.69,1.0,0.72,0.0,0.0,7.41
1,2024-01-06 00:30:00,2024-01-06 01:12:00,1,0.0,1,37,72,2,2.5,0.0,0.0,0.0,0.0,2.5
1,2024-01-11 17:12:00,2024-01-11 18:05:00,4,0.63,1,87,226,1,2.5,0.0,0.0,6.55,2.5,11.55
1,2024-01-08 15:22:00,2024-01-08 15:38:00,2,0.54,1,129,246,1,6.34,0.0,0.0,0.0,0.0,6.34
2,2024-01-10 16:27:00,2024-01-10 17:08:00,1,0.66,2,194,71,1,7.37,1.0,0.4,6.55,0.0,15.32
1,2024-01-10 12:06:00,2024-01-10 12:39:00,4,3.77,1,43,195,2,13.61,1.0,4.75,0.0,2.5,21.86
2,2024-01-13 10:35:00,2024-01-13 10:51:00,1,0.75,2,159,38,1,2.94,0.0,2.51,0.0,0.0,5.449999999999999
1,2024-01-10 01:54:00,2024-01-10 02:02:00,1,0.49,1,105,117,1,8.35,1.0,0.0,0.0,0.0,9.35
2,2024-01-14 10:54:00,2024-01-14 11:08:00,4,1.61,2,229,238,1,5.63,0.0,2.53,6.55,2.5,17.21
1,2024-01-04 02:53:00,2024-01-04 03:11:00,1,4.62,1,217,204,1,12.94,0.0,0.0,6.55,0.0,19.49
2,2024-01-13 00:37:00,2024-01-13 00:56:00,1,0.64,1,49,5,1,5.94,0.0,0.0,6.55,0.0,12.49
2,2024-01-02 00:20:00,2024-01-02 01:07:00,1,0.19,1,123,157,1,2.5,1.0,0.41,0.0,2.5,6.41
2,2024-01-10 19:40:00,2024-01-10 20:05:00,4,1.01,1,25,107,1,8.3,0.5,0.09,0.0,2.5,11.39
1,2024-01-14 06:27:00,2024-01-14 06:43:00,1,3.17,3,131,228,1,10.92,0.5,0.91,0.0,2.5,14.83
1,2024-01-08 10:24:00,2024-01-08 10:33:00,1,1.84,3,224,142,2,9.66,1.0,0.36,0.0,2.5,13.52
1,2024-01-12 13:49:00,2024-01-12 14:37:00,4,3.9,3,99,172,1,17.42,1.0,0.0,0.0,2.5,20.92
2,2024-01-12 13:28:00,2024-01-12 14:02:00,2,7.38,1,197,146,2,20.66,0.0,0.0,6.55,2.5,29.71
2,2024-01-05 17:36:00,2024-01-05 17:53:00,2,3.62,2,109,7,2,11.72,0.0,0.0,0.0,2.5,14.22
2,2024-01-09 01:59:00,2024-01-09 02:45:00,1,2.13,2,220,16,1,8.77,0.5,0.0,0.0,0.0,9.27
1,2024-01-11 00:24:00,2024-01-11 00:43:00,1,1.56,2,208,37,1,11.21,0.0,0.0,0.0,2.5,13.71
1,2024-01-10 16:45:00,2024-01-10 17:28:00,1,0.09,1,82,153,2,2.5,0.5,0.0,0.0,2.5,5.5
2,2024-01-13 14:26:00,2024-01-13 15:15:00,1,9.56,3,25,183,2,28.28,0.5,0.0,0.0,0.0,28.78
1,2024-01-08 19:20:00,2024-01-08 20:06:00,1,1.11,2,186,156,1,7.3,1.0,1.5,0.0,2.5,12.3
1,2024-01-01 00:40:00,2024-01-01 01:16:00,1,0.38,1,8,137,1,2.62,1.0,3.76,0.0,2.5,9.879999999999999
1,2024-01-05 01:07:00,2024-01-05 01:14:00,1,2.53,1,124,90,1,10.47,1.0,4.01,6.55,2.5,24.53
1,2024-01-06 17:39:00,2024-01-06 18:26:00,1,0.77,1,149,218,1,2.5,0.5,2.84,6.55,0.0,12.39
2,2024-01-13 01:31:00,2024-01-13 02:00:00,1,2.03,2,98,186,2,14.22,1.0,0.62,0.0,0.0,15.84
1,2024-01-11 07:29:00,2024-01-11 08:23:00,1,2.03,3,216,209,1,5.68,0.5,2.8,6.55,0.0,15.530000000000001
1,2024-01-12 06:32:00,2024-01-12 06:57:00,1,1.36,1,101,51,1,6.0,1.0,0.0,6.55,0.0,13.55
2,2024-01-06 10:04:00,2024-01-06 10:46:00,2,4.16,1,218,88,2,14.57,0.5,0.53,0.0,2.5,18.1
2,2024-01-14 14:22:00,2024-01-14 14:38:00,2,0.71,1,259,136,2,9.77,0.0,0.0,0.0,0.0,9.77
1,2024-01-04 17:34:00,2024-01-04 17:51:00,4,1.37,1,11,158,2,3.84,0.0,2.5,0.0,0.0,6.34
1,2024-01-02 18:04:00,2024-01-02 18:49:00,2,1.77,1,59,155,2,12.92,0.5,0.0,0.0,0.0,13.42
1,2024-01-07 10:37:00,2024-01-07 11:12:00,2,2.51,1,250,220,1,11.92,0.5,0.14,0.0,2.5,15.06
1,2024-01-14 02:23:00,2024-01-14 02:56:00,4,3.52,2,140,167,2,13.9,0.0,3.37,0.0,0.0,17.27
2,2024-01-07 20:45:00,2024-01-07 21:22:00,4,1.16,1,38,179,1,3.79,0.5,4.32,6.55,2.5,17.66
2,2024-01-01 12:58:00,2024-01-01 13:17:00,3,2.39,1,122,50,2,11.12,0.5,0.0,0.0,2.5,14.12
2,2024-01-02 00:52:00,2024-01-02 01:22:00,1,0.38,2,65,87,2,2.5,0.0,0.0,0.0,2.5,5.0
1,2024-01-12 20:04:00,2024-01-12 20:25:00,1,6.2,3,146,33,1,23.53,0.5,4.11,0.0,0.0,28.14
1,2024-01-13 07:32:00,2024-01-13 08:20:00,2,1.11,1,125,141,1,3.68,1.0,2.87,0.0,2.5,10.05
2,2024-01-10 10:55:00,2024-01-10 11:20:00,1,3.01,1,191,206,2,11.15,0.0,1.91,0.0,2.5,15.56
1,2024-01-09 10:12:00,2024-01-09 10:46:00,4,0.05,2,182,224,1,2.5,1.0,0.85,0.0,0.0,4.35
2,2024-01-08 01:38:00,2024-01-08 02:20:00,2,0.53,2,159,113,1,2.5,0.5,0.0,0.0,0.0,3.0
2,2024-01-06 10:51:00,2024-01-06 11:06:00,1,1.54,3,162,5,1,9.17,0.5,1.19,0.0,2.5,13.36
2,2024-01-12 07:28:00,2024-01-12 07:50:00,3,4.84,1,217,212,1,17.89,1.0,0.0,6.55,2.5,27.94
2,2024-01-05 23:16:00,2024-01-05 23:53:00,2,1.72,1,181,256,2,10.84,0.5,0.0,6.55,2.5,20.39
2,2024-01-02 10:04:00,2024-01-02 10:11:00,4,6.11,3,91,30,1,17.11,0.5,1.59,0.0,2.5,21.7
2,2024-01-06 02:48:00,2024-01-06 02:59:00,1,1.52,1,17,82,1,9.92,1.0,0.41,0.0,2.5,13.83
2,2024-01-14 19:40:00,2024-01-14 20:11:00,4,1.55,1,125,236,1,13.6,0.5,0.0,0.0,0.0,14.1
1,2024-01-10 11:15:00,2024-01-10 11:23:00,2,0.29,1,214,253,2,2.68,0.0,0.0,0.0,2.5,5.18
2,2024-01-07 08:48:00,2024-01-07 09:15:00,2,3.73,1,239,118,1,18.18,1.0,1.44,0.0,2.5,23.12
2,2024-01-12 21:11:00,2024-01-12 21:44:00,1,0.65,1,180,30,1,4.16,1.0,0.0,0.0,0.0,5.16
1,2024-01-08 20:48:00,2024-01-08 21:12:00,3,5.29,1,172,111,1,14.81,1.0,1.46,0.0,2.5,19.77
2,2024-01-10 05:59:00,2024-01-10 06:03:00,1,5.56,3,143,254,2,17.8,1.0,0.99,0.0,2.5,22.29
1,2024-01-01 05:42:00,2024-01-01 06:29:00,3,6.6,3,244,199,1,24.1,0.0,0.0,0.0,2.5,26.6
2,2024-01-02 00:07:00,2024-01-02 00:14:00,1,1.69,1,232,244,1,5.64,1.0,4.15,0.0,0.0,10.79
1,2024-01-05 13:41:00,2024-01-05 14:10:00,3,2.6,1,172,221,2,8.78,1.0,10.23,0.0,2.5,22.509999999999998
1,2024-01-09 05:31:00,2024-01-09 05:58:00,4,3.47,1,77,156,1,14.2,0.5,2.19,0.0,0.0,16.89
1,2024-01-05 09:17:00,2024-01-05 09:27:00,4,0.32,1,49,236,1,3.9,1.0,3.47,0.0,0.0,8.370000000000001
2,2024-01-12 17:50:00,2024-01-12 17:53:00,2,2.11,2,248,19,1,10.37,0.5,0.0,0.0,0.0,10.87
1,2024-01-08 00:08:00,2024-01-08 00:30:00,1,0.08,1,32,215,1,3.82,1.0,4.67,0.0,2.5,11.99
2,2024-01-09 23:46:00,2024-01-10 00:32:00,4,1.58,1,158,114,2,8.62,1.0,6.78,0.0,0.0,16.4
2,2024-01-12 15:49:00,2024-01-12 16:14:00,2,0.39,3,18,200,1,3.01,0.0,1.88,0.0,2.5,7.39
2,2024-01-11 02:47:00,2024-01-11 03:21:00,2,0.46,1,63,25,1,4.87,0.5,3.08,0.0,2.5,10.95
2,2024-01-11 07:48:00,2024-01-11 08:01:00,2,1.04,2,128,121,1,3.59,0.0,1.58,0.0,0.0,5.17
2,2024-01-07 18:45:00,2024-01-07 19:26:00,1,1.3,1,16,230,2,9.86,0.5,0.74,0.0,2.5,13.6
2,2024-01-14 23:24:00,2024-01-15 00:13:00,1,2.24,1,163,99,1,7.69,1.0,4.21,6.55,0.0,19.450000000000003
2,2024-01-09 15:46:00,2024-01-09 16:12:00,4,0.18,1,251,3,2,6.33,0.0,2.0,6.55,0.0,14.879999999999999
1,2024-01-13 15:50:00,2024-01-13 16:03:00,1,1.61,1,137,254,2,6.92,0.5,1.91,0.0,2.5,11.83
2,2024-01-13 09:42:00,2024-01-13 10:13:00,1,0.46,1,179,20,1,4.79,0.5,0.0,6.55,2.5,14.34
2,2024-01-08 08:27:00,2024-01-08 08:55:00,1,1.96,1,229,204,1,7.25,0.0,4.26,0.0,2.5,14.01
1,2024-01-01 12:51:00,2024-01-01 13:09:00,2,2.33,1,180,128,1,6.98,0.5,2.9,0.0,2.5,12.88
2,2024-01-12 07:40:00,2024-01-12 08:17:00,1,1.87,3,72,174,2,5.24,1.0,0.0,6.55,2.5,15.29
1,2024-01-07 02:10:00,2024-01-07 02:32:00,3,3.08,1,83,221,1,8.99,0.5,1.38,0.0,0.0,10.870000000000001
1,2024-01-08 16:53:00,2024-01-08 17:41:00,1,0.94,1,136,37,2,4.82,1.0,8.64,0.0,2.5,16.96
2,2024-01-10 14:03:00,2024-01-10 14:08:00,1,3.33,1,218,149,1,12.85,0.5,1.78,0.0,2.5,17.63
2,2024-01-01 03:13:00,2024-01-01 03:16:00,1,1.3,1,109,92,2,9.17,0.0,0.0,0.0,2.5,11.67
1,2024-01-02 09:27:00,2024-01-02 10:16:00,2,1.52,1,119,70,1,6.14,1.0,3.69,6.55,0.0,17.38
2,2024-01-13 04:49:00,2024-01-13 04:52:00,1,2.4,1,18,84,2,7.52,0.5,2.41,0.0,0.0,10.43
1,2024-01-14 00:58:00,2024-01-14 01:17:00,2,0.04,3,154,205,1,2.5,1.0,0.0,6.55,0.0,10.05
1,2024-01-08 18:30:00,2024-01-08 18:34:00,3,2.44,1,11,88,1,11.03,0.0,0.8,6.55,2.5,20.88
2,2024-01-07 22:24:00,2024-01-07 22:55:00,1,2.22,1,138,252,1,12.67,0.5,2.27,0.0,0.0,15.44
1,2024-01-07 11:02:00,2024-01-07 11:24:00,3,0.85,1,62,211,1,8.55,0.5,1.25,0.0,0.0,10.3
2,2024-01-06 03:49:00,2024-01-06 03:57:00,2,0.21,1,71,31,1,5.36,1.0,3.53,6.55,2.5,18.94
2,2024-01-02 13:41:00,2024-01-02 13:51:00,2,0.22,3,61,61,2,5.21,0.0,3.14,0.0,2.5,10.85
1,2024-01-14 23:20:00,2024-01-14 23:51:00,4,5.9,1,132,67,2,23.76,0.0,0.0,0.0,2.5,26.26
1,2024-01-05 15:56:00,2024-01-05 16:46:00,4,2.69,1,61,226,1,11.36,0.5,2.67,6.55,0.0,21.08
2,2024-01-07 04:41:00,2024-01-07 05:34:00,1,0.31,1,12,67,2,5.48,1.0,1.5,6.55,0.0,14.530000000000001
2,2024-01-04 00:58:00,2024-01-04 01:33:00,2,1.01,1,35,128,1,5.03,0.5,0.86,6.55,0.0,12.940000000000001
2,2024-01-06 10:15:00,2024-01-06 10:20:00,3,2.06,2,51,111,1,5.77,0.5,0.0,6.55,2.5,15.32
1,2024-01-10 13:38:00,2024-01-10 14:15:00,3,4.15,1,43,34,2,12.91,1.0,0.0,0.0,2.5,16.41
2,2024-01-14 18:35:00,2024-01-14 18:42:00,4,0.1,1,228,212,1,3.26,0.0,0.0,0.0,0.0,3.26
1,2024-01-09 20:08:00,2024-01-09 20:37:00,4,0.62,1,111,125,2,4.89,0.5,0.75,0.0,0.0,6.14
1,2024-01-08 04:12:00,2024-01-08 04:58:00,1,5.07,3,15,103,1,22.01,0.5,0.0,0.0,0.0,22.51
1,2024-01-07 19:56:00,2024-01-07 20:10:00,3,0.02,1,177,206,1,3.26,1.0,0.53,6.55,2.5,13.84
2,2024-01-02 22:40:00,2024-01-02 23:02:00,2,0.52,2,162,120,2,7.4,1.0,1.73,0.0,2.5,12.63
1,2024-01-06 18:53:00,2024-01-06 19:40:00,1,7.35,3,39,170,1,22.49,0.5,0.0,0.0,0.0,22.99
2,2024-01-04 18:10:00,2024-01-04 18:32:00,2,2.19,2,26,35,1,8.35,0.0,3.74,0.0,2.5,14.59
1,2024-01-13 09:19:00,2024-01-13 09:30:00,1,0.7,3,112,246,2,2.5,1.0,0.0,0.0,2.5,6.0
2,2024-01-05 00:48:00,2024-01-05 01:29:00,3,0.16,1,51,58,2,2.5,0.5,2.01,0.0,2.5,7.51
2,2024-01-05 17:16:00,2024-01-05 17:22:00,1,0.07,1,98,141,1,4.51,0.0,0.29,0.0,0.0,4.8
1,2024-01-08 03:28:00,2024-01-08 04:21:00,2,0.65,2,170,111,1,4.84,1.0,8.44,0.0,0.0,14.28
2,2024-01-13 07:09:00,2024-01-13 07:30:00,2,4.91,1,56,163,2,19.11,1.0,0.0,0.0,2.5,22.61
1,2024-01-13 04:23:00,2024-01-13 05:03:00,1,1.24,2,221,111,2,6.93,0.5,3.8,6.55,2.5,20.28
1,2024-01-04 05:30:00,2024-01-04 05:59:00,3,2.93,1,146,152,1,10.32,1.0,3.22,0.0,0.0,14.540000000000001
1,2024-01-04 11:07:00,2024-01-04 11:54:00,4,5.76,3,129,65,1,24.5,0.5,2.75,0.0,0.0,27.75
1,2024-01-11 13:20:00,2024-01-11 14:05:00,1,1.21,1,50,106,1,6.15,1.0,0.0,0.0,0.0,7.15
1,2024-01-04 06:17:00,2024-01-04 06:32:00,1,0.49,3,20,216,1,7.28,0.0,0.23,0.0,0.0,7.510000000000001
1,2024-01-12 14:44:00,2024-01-12 14:59:00,2,1.67,1,174,91,1,6.67,0.0,0.0,0.0,2.5,9.17
1,2024-01-03 15:48:00,2024-01-03 16:12:00,3,5.49,3,26,26,1,20.15,1.0,0.68,0.0,0.0,21.83
2,2024-01-13 17:52:00,2024-01-13 18:22:00,1,3.75,1,160,157,1,15.82,0.5,3.39,0.0,0.0,19.71
1,2024-01-12 20:47:00,2024-01-12 21:41:00,2,0.16,1,10,72,2,3.97,1.0,6.92,0.0,0.0,11.89
1,2024-01-09 18:05:00,2024-01-09 18:54:00,1,2.71,1,82,44,1,7.59,0.5,5.1,0.0,0.0,13.19
2,2024-01-04 19:22:00,2024-01-04 20:09:00,3,1.95,1,256,90,1,8.51,1.0,0.0,6.55,0.0,16.06
2,2024-01-13 15:04:00,2024-01-13 15:28:00,4,5.47,1,105,133,1,21.39,0.0,0.0,6.55,2.5,30.44
1,2024-01-04 19:03:00,2024-01-04 19:48:00,1,0.3,1,140,161,2,5.16,0.5,0.0,6.55,2.5,14.71
1,2024-01-10 15:00:00,2024-01-10 15:21:00,3,1.76,1,202,232,1,9.04,0.0,0.0,0.0,2.5,11.54
1,2024-01-04 09:52:00,2024-01-04 10:02:00,3,4.87,1,24,111,1,13.64,0.0,0.23,0.0,0.0,13.870000000000001
2,2024-01-04 05:28:00,2024-01-04 06:22:00,1,1.21,3,46,164,1,4.59,0.0,0.0,0.0,0.0,4.59
1,2024-01-01 14:15:00,2024-01-01 14:25:00,1,1.51,2,217,77,1,8.26,1.0,10.64,0.0,2.5,22.4
2,2024-01-02 23:46:00,2024-01-03 00:30:00,2,0.17,1,55,209,1,4.5,0.5,1.85,0.0,0.0,6.85
1,2024-01-09 05:14:00,2024-01-09 05:42:00,1,0.75,1,78,13,1,8.14,0.0,2.14,0.0,0.0,10.280000000000001
1,2024-01-12 07:34:00,2024-01-12 08:24:00,1,0.9,1,159,58,2,5.16,0.5,0.0,0.0,0.0,5.66
2,2024-01-12 12:06:00,2024-01-12 12:59:00,2,6.68,1,148,36,2,22.72,0.5,0.0,0.0,0.0,23.22
1,2024-01-03 03:52:00,2024-01-03 04:20:00,1,0.76,1,38,25,2,5.17,0.0,0.0,0.0,0.0,5.17
1,2024-01-04 02:52:00,2024-01-04 03:17:00,2,1.42,2,111,34,2,4.51,1.0,1.95,6.55,0.0,14.01
1,2024-01-11 11:54:00,2024-01-11 12:39:00,2,2.56,2,15,140,1,7.17,0.0,0.15,0.0,2.5,9.82
2,2024-01-02 01:17:00,2024-01-02 01:32:00,1,0.41,1,78,222,1,5.23,0.0,1.49,0.0,0.0,6.720000000000001
1,2024-01-12 02:58:00,2024-01-12 03:28:00,1,1.53,1,76,37,2,7.72,0.5,10.84,0.0,2.5,21.56
1,2024-01-13 07:40:00,2024-01-13 07:51:00,4,3.09,2,197,129,1,10.11,1.0,1.08,0.0,0.0,12.19
2,2024-01-14 21:33:00,2024-01-14 21:55:00,1,4.64,3,219,218,1,12.99,0.5,0.0,0.0,0.0,13.49
2,2024-01-14 21:32:00,2024-01-14 21:53:00,3,2.26,2,63,248,1,10.9,1.0,0.25,0.0,0.0,12.15
1,2024-01-08 22:31:00,2024-01-08 23:21:00,1,2.54,1,32,111,1,9.45,0.0,0.33,6.55,0.0,16.33
1,2024-01-06 16:50:00,2024-01-06 17:31:00,4,0.31,1,233,220,1,5.26,1.0,0.0,0.0,2.5,8.76
2,2024-01-09 01:15:00,2024-01-09 02:08:00,1,6.7,1,110,196,1,26.42,0.5,0.79,6.55,0.0,34.26
1,2024-01-09 22:31:00,2024-01-09 22:45:00,1,0.33,2,165,147,1,2.5,0.0,0.8,6.55,2.5,12.35
1,2024-01-09 20:23:00,2024-01-09 20:40:00,1,3.43,1,194,40,1,10.85,1.0,1.08,0.0,2.5,15.43
2,2024-01-07 11:24:00,2024-01-07 11:57:00,1,0.71,3,7,134,1,4.46,1.0,0.0,0.0,2.5,7.96
1,2024-01-09 00:11:00,2024-01-09 00:27:00,1,6.24,3,139,191,1,24.11,0.5,0.19,0.0,2.5,27.3
1,2024-01-05 13:48:00,2024-01-05 14:01:00,1,2.93,1,56,163,1,8.2,1.0,0.0,6.55,0.0,15.75
2,2024-01-03 07:11:00,2024-01-03 07:39:00,1,3.22,1,160,61,1,16.86,0.0,0.92,0.0,2.5,20.28
1,2024-01-01 16:27:00,2024-01-01 17:11:00,3,0.57,2,149,5,2,4.94,1.0,0.0,6.55,0.0,12.49
1,2024-01-03 07:21:00,2024-01-03 07:50:00,3,1.35,1,257,37,2,6.54,0.5,0.0,0.0,2.5,9.54
1,2024-01-11 23:32:00,2024-01-11 23:45:00,1,2.21,1,139,217,1,8.69,1.0,0.94,0.0,2.5,13.129999999999999
2,2024-01-04 04:55:00,2024-01-04 05:35:00,2,3.38,1,187,225,1,11.37,0.0,0.3,6.55,2.5,20.72
1,2024-01-11 18:32:00,2024-01-11 19:08:00,1,0.25,1,184,216,1,6.32,0.0,0.34,0.0,0.0,6.66
2,2024-01-10 03:06:00,2024-01-10 03:51:00,4,7.54,2,145,139,1,21.44,1.0,0.0,0.0,2.5,24.94
2,2024-01-10 11:34:00,2024-01-10 11:55:00,1,5.08,2,2,106,1,18.09,1.0,0.34,0.0,0.0,19.43
1,2024-01-14 23:25:00,2024-01-14 23:33:00,2,0.72,1,12,99,2,4.06,0.0,0.66,0.0,2.5,7.22
2,2024-01-03 02:52:00,2024-01-03 03:40:00,1,3.98,2,169,168,1,12.24,0.5,0.5,0.0,2.5,15.74
1,2024-01-01 12:06:00,2024-01-01 13:00:00,3,1.68,1,148,87,1,14.17,0.0,0.0,0.0,2.5,16.67
1,2024-01-03 14:40:00,2024-01-03 15:20:00,4,1.42,1,200,84,1,8.02,1.0,0.0,0.0,0.0,9.02
1,2024-01-02 07:15:00,2024-01-02 08:06:00,1,0.87,1,70,224,1,6.97,1.0,4.27,0.0,0.0,12.239999999999998
2,2024-01-10 16:49:00,2024-01-10 17:33:00,1,2.0,1,54,11,1,11.44,0.5,4.33,6.55,0.0,22.82
1,2024-01-03 19:13:00,2024-01-03 19:43:00,1,3.01,1,259,186,1,8.43,0.0,1.17,6.55,2.5,18.65
1,2024-01-04 18:43:00,2024-01-04 18:46:00,2,1.22,3,28,231,1,10.8,0.0,2.08,6.55,2.5,21.93
1,2024-01-13 01:33:00,2024-01-13 02:10:00,1,2.28,2,120,141,1,6.38,0.5,2.26,0.0,2.5,11.64
2,2024-01-03 14:24:00,2024-01-03 15:06:00,1,2.76,2,133,106,1,8.81,0.0,3.04,0.0,2.5,14.350000000000001
2,2024-01-12 18:57:00,2024-01-12 19:07:00,3,2.86,1,90,253,1,9.86,0.5,1.62,0.0,0.0,11.98
1,2024-01-02 05:34:00,2024-01-02 06:28:00,2,0.12,1,16,49,1,4.79,0.0,1.57,0.0,2.5,8.86
1,2024-01-08 09:31:00,2024-01-08 10:20:00,4,4.52,1,230,205,1,16.2,0.5,0.0,0.0,0.0,16.7
1,2024-01-01 15:35:00,2024-01-01 15:44:00,4,1.41,2,137,51,2,6.53,0.5,0.0,0.0,0.0,7.03
1,2024-01-10 07:15:00,2024-01-10 07:28:00,2,0.7,1,227,175,1,4.93,0.5,0.94,0.0,0.0,6.369999999999999
2,2024-01-03 15:28:00,2024-01-03 16:09:00,4,0.64,1,27,225,1,2.5,1.0,0.88,0.0,2.5,6.88
2,2024-01-12 14:35:00,2024-01-12 14:41:00,2,1.52,2,117,222,2,4.26,1.0,0.69,6.55,0.0,12.5
2,2024-01-09 02:01:00,2024-01-09 02:28:00,3,5.01,3,89,223,2,18.84,1.0,0.0,6.55,0.0,26.39
2,2024-01-14 06:06:00,2024-01-14 06:20:00,2,1.09,1,107,74,1,7.79,0.0,0.0,6.55,0.0,14.34
2,2024-01-10 23:36:00,2024-01-11 00:04:00,1,3.19,1,221,114,1,15.89,0.5,1.71,0.0,2.5,20.6
2,2024-01-05 02:09:00,2024-01-05 02:49:00,1,0.23,1,223,219,1,2.5,0.0,0.0,0.0,0.0,2.5
2,2024-01-04 12:14:00,2024-01-04 13:02:00,4,1.49,1,122,54,1,8.9,0.0,3.99,0.0,0.0,12.89
1,2024-01-03 16:28:00,2024-01-03 16:42:00,2,11.02,1,33,200,1,33.15,0.5,0.0,0.0,0.0,33.65
1,2024-01-12 12:25:00,2024-01-12 13:10:00,1,3.38,2,91,131,1,15.44,1.0,1.87,0.0,0.0,18.31
1,2024-01-14 02:41:00,2024-01-14 03:34:00,2,0.54,2,184,192,1,7.07,0.0,1.89,0.0,0.0,8.96
1,2024-01-02 06:42:00,2024-01-02 07:21:00,1,1.6,2,258,179,1,8.01,0.0,0.0,0.0,0.0,8.01
1,2024-01-07 23:38:00,2024-01-08 00:26:00,3,0.61,3,13,240,2,3.86,0.0,1.2,0.0,2.5,7.56
1,2024-01-07 07:41:00,2024-01-07 08:07:00,4,1.21,3,24,245,2,8.79,1.0,0.0,0.0,0.0,9.79
2,2024-01-09 16:17:00,2024-01-09 16:35:00,1,3.48,1,34,117,1,14.36,0.5,0.0,0.0,2.5,17.36
1,2024-01-04 05:38:00,2024-01-04 05:53:00,1,3.39,3,247,208,2,10.78,0.5,4.51,0.0,2.5,18.29
2,2024-01-08 21:41:00,2024-01-08 22:08:00,2,0.6,3,19,212,1,2.5,0.0,4.99,0.0,2.5,9.99
1,2024-01-06 05:44:00,2024-01-06 06:38:00,1,5.87,1,30,259,2,18.71,0.5,2.31,0.0,2.5,24.02
2,2024-01-06 08:38:00,2024-01-06 08:44:00,1,2.07,3,49,163,2,12.58,1.0,3.26,6.55,0.0,23.39
2,2024-01-10 14:51:00,2024-01-10 15:04:00,4,1.1,1,180,226,1,8.95,0.5,0.0,6.55,2.5,18.5
1,2024-01-12 21:54:00,2024-01-12 22:28:00,1,1.6,1,226,64,2,4.7,0.0,0.0,6.55,0.0,11.25
1,2024-01-14 13:39:00,2024-01-14 14:30:00,1,2.14,1,78,246,1,6.07,0.0,7.48,0.0,0.0,13.55
1,2024-01-09 04:17:00,2024-01-09 04:26:00,2,1.89,1,207,18,1,11.48,0.5,0.73,0.0,0.0,12.71
1,2024-01-02 03:08:00,2024-01-02 03:56:00,2,1.53,2,35,34,2,4.44,0.0,0.37,0.0,2.5,7.3100000000000005
1,2024-01-01 06:26:00,2024-01-01 06:39:00,1,1.62,1,250,181,1,8.81,1.0,0.75,0.0,0.0,10.56
2,2024-01-05 04:31:00,2024-01-05 05:01:00,4,0.45,1,71,194,2,2.72,1.0,2.1,0.0,0.0,5.82
1,2024-01-05 11:19:00,2024-01-05 12:02:00,2,3.85,2,152,192,1,17.82,1.0,0.45,0.0,2.5,21.77
2,2024-01-10 07:12:00,2024-01-10 07:37:00,2,1.79,1,227,67,1,6.09,1.0,0.0,0.0,0.0,7.09
2,2024-01-14 02:10:00,2024-01-14 02:57:00,3,0.32,1,243,209,1,6.75,0.0,1.16,6.55,0.0,14.46
2,2024-01-02 14:02:00,2024-01-02 14:27:00,2,3.34,1,10,167,2,12.81,0.0,4.17,0.0,0.0,16.98
1,2024-01-02 06:56:00,2024-01-02 07:48:00,1,6.2,1,48,246,2,20.99,0.5,0.63,6.55,2.5,31.169999999999998
1,2024-01-11 21:10:00,2024-01-11 21:40:00,1,6.77,1,112,245,1,18.96,0.0,0.83,0.0,0.0,19.79
1,2024-01-02 09:18:00,2024-01-02 10:03:00,2,1.06,1,204,166,1,2.97,0.5,0.13,0.0,0.0,3.6
1,2024-01-04 19:16:00,2024-01-04 20:05:00,1,0.33,1,157,211,1,3.37,0.0,0.0,0.0,0.0,3.37
1,2024-01-07 13:08:00,2024-01-07 13:36:00,4,1.68,1,26,133,1,8.32,0.5,1.48,0.0,0.0,10.3
1,2024-01-04 05:49:00,2024-01-04 06:16:00,4,0.27,1,166,197,2,2.5,0.5,0.0,0.0,2.5,5.5
2,2024-01-09 13:36:00,2024-01-09 14:07:00,1,6.25,1,249,49,1,17.78,1.0,1.08,6.55,2.5,28.91
1,2024-01-07 11:42:00,2024-01-07 12:03:00,1,0.47,1,17,64,1,5.72,0.5,2.25,0.0,2.5,10.969999999999999
2,2024-01-05 21:44:00,2024-01-05 22:19:00,2,0.67,1,76,112,1,6.28,0.5,1.23,0.0,0.0,8.01
2,2024-01-06 04:06:00,2024-01-06 04:44:00,1,1.2,1,254,185,2,6.02,0.5,0.11,0.0,0.0,6.63
1,2024-01-13 08:55:00,2024-01-13 09:11:00,1,1.11,2,206,104,1,8.06,0.5,0.0,6.55,0.0,15.11
1,2024-01-04 21:44:00,2024-01-04 22:00:00,4,3.64,1,34,213,1,10.26,0.5,0.15,0.0,2.5,13.41
1,2024-01-06 04:21:00,2024-01-06 04:58:00,1,1.4,1,147,5,1,6.03,1.0,4.73,0.0,2.5,14.260000000000002
1,2024-01-02 06:19:00,2024-01-02 06:51:00,1,0.43,1,228,119,1,8.32,0.5,3.08,0.0,0.0,11.9
1,2024-01-08 07:16:00,2024-01-08 07:46:00,4,0.72,1,118,249,1,5.19,0.5,0.0,0.0,0.0,5.69
1,2024-01-10 13:09:00,2024-01-10 13:28:00,1,1.64,2,165,167,1,7.91,0.5,0.0,0.0,0.0,8.41
2,2024-01-13 03:54:00,2024-01-13 03:59:00,2,0.37,1,38,242,1,9.8,0.0,0.26,0.0,2.5,12.56
2,2024-01-02 20:18:00,2024-01-02 20:36:00,1,2.18,1,137,238,2,6.1,0.0,2.67,6.55,0.0,15.32
2,2024-01-03 10:20:00,2024-01-03 11:08:00,1,1.92,1,246,205,2,10.37,1.0,0.0,6.55,2.5,20.419999999999998
2,2024-01-02 11:20:00,2024-01-02 11:52:00,1,2.88,1,198,1,1,15.22,0.5,3.79,0.0,2.5,22.01
2,2024-01-03 19:00:00,2024-01-03 19:54:00,1,6.38,1,66,171,1,20.05,0.5,0.74,6.55,0.0,27.84
2,2024-01-08 02:13:00,2024-01-08 02:44:00,2,5.6,2,80,167,1,20.83,0.0,0.67,0.0,0.0,21.5
1,2024-01-03 06:19:00,2024-01-03 07:06:00,3,6.72,1,52,258,1,19.36,0.5,1.62,0.0,0.0,21.48
1,2024-01-08 00:01:00,2024-01-08 00:18:00,2,0.65,2,129,63,2,3.1,1.0,7.56,6.55,2.5,20.71
1,2024-01-02 06:23:00,2024-01-02 07:11:00,2,0.32,1,1,37,1,4.86,0.5,0.0,0.0,0.0,5.36
2,2024-01-13 09:38:00,2024-01-13 10:05:00,2,0.83,2,167,16,1,7.32,1.0,0.98,6.55,2.5,18.35
2,2024-01-13 22:26:00,2024-01-13 23:19:00,4,5.19,1,16,254,2,20.33,0.0,0.0,0.0,2.5,22.83
2,2024-01-10 08:27:00,2024-01-10 09:07:00,1,8.23,3,145,27,1,29.97,1.0,5.59,0.0,0.0,36.56
1,2024-01-14 15:07:00,2024-01-14 15:51:00,1,4.51,3,112,111,1,15.46,1.0,0.67,0.0,0.0,17.130000000000003
1,2024-01-05 20:30:00,2024-01-05 21:19:00,2,0.27,1,102,233,2,6.74,1.0,0.0,0.0,2.5,10.24
1,2024-01-03 04:14:00,2024-01-03 05:08:00,4,6.77,1,82,64,1,21.1,1.0,0.69,0.0,2.5,25.290000000000003
2,2024-01-13 19:34:00,2024-01-13 20:14:00,3,1.27,2,99,97,2,8.81,1.0,0.93,0.0,0.0,10.74
2,2024-01-12 15:03:00,2024-01-12 15:28:00,1,0.02,1,159,232,1,3.57,1.0,0.0,0.0,2.5,7.07
2,2024-01-11 17:14:00,2024-01-11 17:41:00,4,1.34,1,40,48,2,7.87,1.0,1.56,0.0,0.0,10.430000000000001
1,2024-01-11 10:07:00,2024-01-11 10:51:00,1,0.11,1,155,210,1,4.37,1.0,4.08,0.0,0.0,9.45
2,2024-01-08 02:33:00,2024-01-08 02:42:00,1,1.81,1,36,76,1,5.07,1.0,1.65,0.0,0.0,7.720000000000001
1,2024-01-12 08:58:00,2024-01-12 09:22:00,1,0.95,2,247,247,1,2.85,0.0,0.29,0.0,0.0,3.14
1,2024-01-01 19:01:00,2024-01-01 19:20:00,1,1.48,1,4,68,1,7.4,1.0,0.64,6.55,2.5,18.09
1,2024-01-13 12:19:00,2024-01-13 12:39:00,2,2.18,2,249,64,1,6.1,1.0,0.0,0.0,0.0,7.1
1,2024-01-08 00:55:00,2024-01-08 01:46:00,2,4.67,1,12,182,1,18.15,0.5,0.0,0.0,0.0,18.65
1,2024-01-10 00:06:00,2024-01-10 00:49:00,1,2.49,1,216,80,1,12.15,0.5,1.89,0.0,2.5,17.04
1,2024-01-03 08:01:00,2024-01-03 08:13:00,4,1.31,1,82,203,2,7.49,0.5,0.18,6.55,2.5,17.22
1,2024-01-06 10:35:00,2024-01-06 10:47:00,1,3.94,1,14,182,1,11.23,1.0,0.0,0.0,0.0,12.23
2,2024-01-08 18:12:00,2024-01-08 18:21:00,1,5.43,1,56,214,2,21.65,0.0,5.28,0.0,0.0,26.93
1,2024-01-12 09:10:00,2024-01-12 10:00:00,2,0.29,3,199,120,2,8.91,0.0,1.57,0.0,2.5,12.98
2,2024-01-03 06:27:00,2024-01-03 07:19:00,1,1.75,1,166,241,1,8.27,0.5,2.79,0.0,2.5,14.059999999999999
1,2024-01-05 13:24:00,2024-01-05 14:04:00,1,0.77,2,146,202,1,6.43,0.5,5.4,0.0,0.0,12.33
1,2024-01-14 04:30:00,2024-01-14 04:59:00,1,0.11,2,78,54,1,3.81,1.0,2.26,0.0,2.5,9.57
1,2024-01-08 22:11:00,2024-01-08 23:05:00,3,2.54,1,112,145,1,11.44,0.0,2.47,0.0,2.5,16.41
2,2024-01-05 02:26:00,2024-01-05 03:01:00,4,4.57,1,23,86,2,15.5,0.0,2.81,0.0,2.5,20.81
1,2024-01-12 03:08:00,2024-01-12 03:11:00,1,0.41,3,116,22,1,4.06,0.5,0.66,0.0,2.5,7.72
1,2024-01-14 15:37:00,2024-01-14 16:23:00,2,3.85,1,142,236,1,16.04,0.0,1.92,6.55,0.0,24.51
2,2024-01-06 06:51:00,2024-01-06 07:27:00,4,4.42,1,197,29,2,21.24,0.5,0.0,0.0,0.0,21.74
2,2024-01-13 00:17:00,2024-01-13 00:23:00,1,5.65,1,28,183,1,15.82,0.5,0.77,6.55,0.0,23.64
2,2024-01-02 09:31:00,2024-01-02 09:50:00,2,0.71,1,76,160,1,4.73,1.0,5.0,0.0,0.0,10.73
2,2024-01-13 09:06:00,2024-01-13 09:12:00,4,5.39,2,18,18,1,15.14,0.5,2.13,0.0,2.5,20.27
1,2024-01-08 19:26:00,2024-01-08 20:11:00,1,0.89,1,100,38,1,9.47,1.0,1.21,0.0,2.5,14.18
1,2024-01-10 13:50:00,2024-01-10 14:18:00,4,1.85,1,124,101,2,6.71,0.0,2.15,0.0,2.5,11.36
2,2024-01-09 03:38:00,2024-01-09 03:44:00,3,0.12,3,125,173,2,2.5,0.0,1.13,0.0,2.5,6.13
1,2024-01-11 05:30:00,2024-01-11 05:33:00,4,0.1,1,7,67,2,4.88,0.5,4.0,6.55,0.0,15.93
2,2024-01-08 17:20:00,2024-01-08 17:29:00,4,2.93,2,23,191,2,15.56,0.5,0.0,0.0,0.0,16.060000000000002
2,2024-01-13 15:33:00,2024-01-13 16:05:00,4,1.35,1,162,43,1,8.44,1.0,5.09,6.55,2.5,23.58
2,2024-01-07 02:07:00,2024-01-07 02:59:00,1,0.68,2,117,123,2,5.42,1.0,1.57,0.0,0.0,7.99
1,2024-01-10 12:23:00,2024-01-10 12:34:00,1,0.49,1,21,196,1,5.39,0.0,2.38,0.0,0.0,7.77
2,2024-01-01 15:29:00,2024-01-01 16:06:00,3,2.55,1,252,125,1,13.68,0.0,0.0,6.55,2.5,22.73
1,2024-01-09 07:11:00,2024-01-09 07:21:00,1,0.0,1,84,96,1,2.5,0.5,0.35,0.0,0.0,3.35
1,2024-01-14 22:43:00,2024-01-14 23:09:00,1,3.77,1,41,157,1,13.28,0.5,2.94,0.0,0.0,16.72
1,2024-01-12 00:05:00,2024-01-12 00:26:00,1,0.19,2,203,40,1,2.5,1.0,0.0,6.55,2.5,12.55
2,2024-01-13 02:38:00,2024-01-13 03:16:00,2,0.49,1,128,173,1,2.5,0.5,0.0,0.0,2.5,5.5
1,2024-01-11 22:27:00,2024-01-11 23:19:00,1,1.12,1,142,173,1,5.32,1.0,0.0,6.55,2.5,15.370000000000001
2,2024-01-04 23:44:00,2024-01-05 00:38:00,1,1.53,1,103,120,1,10.05,0.0,6.12,0.0,0.0,16.17
1,2024-01-13 16:44:00,2024-01-13 17:29:00,1,1.01,2,107,124,2,7.24,0.0,4.42,0.0,2.5,14.16
1,2024-01-07 16:49:00,2024-01-07 17:18:00,1,0.89,1,17,93,2,7.1,0.5,0.0,0.0,2.5,10.1
1,2024-01-05 20:20:00,2024-01-05 20:54:00,2,7.64,1,25,35,1,24.76,1.0,0.32,0.0,0.0,26.080000000000002
2,2024-01-05 21:49:00,2024-01-05 22:05:00,1,2.36,3,64,128,1,10.92,0.5,0.0,0.0,0.0,11.42
2,2024-01-07 15:51:00,2024-01-07 16:11:00,1,0.05,2,237,20,1,2.5,0.5,1.61,0.0,2.5,7.11
2,2024-01-14 17:59:00,2024-01-14 18:29:00,3,1.29,3,176,167,1,5.84,1.0,0.41,0.0,0.0,7.25
2,2024-01-01 07:22:00,2024-01-01 07:53:00,1,4.78,3,156,236,1,16.86,0.5,0.3,6.55,0.0,24.21
1,2024-01-04 05:32:00,2024-01-04 05:50:00,3,0.83,1,53,32,2,6.02,1.0,0.0,6.55,2.5,16.07
1,2024-01-07 12:10:00,2024-01-07 12:47:00,1,0.23,2,73,231,2,4.44,1.0,0.11,0.0,2.5,8.05
2,2024-01-06 06:37:00,2024-01-06 07:26:00,1,3.27,1,183,191,2,11.81,0.5,4.55,0.0,0.0,16.86
2,2024-01-10 22:45:00,2024-01-10 23:18:00,4,2.14,2,189,145,1,8.05,1.0,3.62,0.0,2.5,15.170000000000002
2,2024-01-04 02:18:00,2024-01-04 02:24:00,2,1.94,1,13,101,1,16.33,0.0,3.39,0.0,0.0,19.72
2,2024-01-05 13:51:00,2024-01-05 14:30:00,2,0.13,2,47,79,1,5.63,0.0,0.04,0.0,0.0,5.67
1,2024-01-12 08:26:00,2024-01-12 08:45:00,1,0.35,2,160,160,1,5.01,0.0,0.0,0.0,0.0,5.01
2,2024-01-09 05:06:00,2024-01-09 05:47:00,3,2.24,3,53,255,1,8.69,0.0,0.0,6.55,0.0,15.239999999999998
2,2024-01-13 23:33:00,2024-01-14 00:23:00,1,0.54,2,8,188,1,3.38,0.5,0.0,0.0,2.5,6.38
1,2024-01-10 19:38:00,2024-01-10 20:26:00,4,1.61,3,72,210,1,7.18,0.0,0.92,0.0,0.0,8.1
2,2024-01-13 00:14:00,2024-01-13 00:42:00,1,1.81,3,98,241,2,8.8,0.0,0.93,0.0,2.5,12.23
1,2024-01-02 12:09:00,2024-01-02 12:59:00,4,0.77,1,87,56,1,2.5,0.0,0.32,6.55,0.0,9.37
2,2024-01-13 21:16:00,2024-01-13 21:57:00,2,6.82,1,101,137,1,19.1,0.0,2.47,0.0,0.0,21.57
1,2024-01-05 09:13:00,2024-01-05 09:56:00,1,4.25,3,237,106,1,13.31,0.5,2.29,6.55,2.5,25.150000000000002
2,2024-01-06 18:35:00,2024-01-06 18:41:00,2,2.95,2,196,69,2,11.78,0.0,0.24,0.0,2.5,14.52
2,2024-01-06 13:56:00,2024-01-06 14:28:00,1,0.19,3,97,190,1,2.93,1.0,1.39,0.0,0.0,5.32
2,2024-01-01 13:05:00,2024-01-01 13:37:00,1,0.26,3,96,192,2,7.42,1.0,2.42,0.0,0.0,10.84
2,2024-01-05 06:19:00,2024-01-05 06:43:00,3,1.56,3,121,32,1,4.37,0.5,0.0,0.0,2.5,7.37
2,2024-01-05 09:44:00,2024-01-05 09:57:00,4,0.4,1,52,175,1,2.5,0.5,2.47,6.55,2.5,14.52
1,2024-01-14 01:20:00,2024-01-14 01:24:00,1,8.81,1,163,258,1,31.47,0.5,0.0,0.0,2.5,34.47
2,2024-01-11 09:33:00,2024-01-11 10:19:00,3,0.4,1,190,123,1,4.45,0.0,2.55,6.55,0.0,13.55
1,2024-01-04 21:39:00,2024-01-04 21:53:00,2,1.54,1,85,85,2,9.52,0.5,2.11,0.0,2.5,14.629999999999999
1,2024-01-02 08:16:00,2024-01-02 08:48:00,1,1.04,1,194,216,2,11.04,0.0,0.0,0.0,0.0,11.04
1,2024-01-03 15:27:00,2024-01-03 16:05:00,2,2.35,3,181,216,1,7.85,0.5,5.08,0.0,2.5,15.93
1,2024-01-05 23:11:00,2024-01-05 23:31:00,2,0.32,1,21,14,2,3.65,1.0,0.0,6.55,2.5,13.7
2,2024-01-07 14:13:00,2024-01-07 14:41:00,1,1.29,2,203,37,2,5.93,1.0,0.42,0.0,2.5,9.85
2,2024-01-09 13:55:00,2024-01-09 14:04:00,1,0.74,1,202,27,1,2.5,0.0,3.75,0.0,0.0,6.25
2,2024-01-03 05:56:00,2024-01-03 05:59:00,2,5.03,1,151,152,1,16.31,0.5,0.53,0.0,2.5,19.84
2,2024-01-12 00:08:00,2024-01-12 00:36:00,2,0.1,1,159,64,2,5.48,1.0,5.82,0.0,2.5,14.8
1,2024-01-02 15:12:00,2024-01-02 15:37:00,2,5.64,1,26,70,1,20.14,0.0,0.05,0.0,0.0,20.19
1,2024-01-02 08:12:00,2024-01-02 08:40:00,3,4.12,2,66,154,1,16.08,1.0,5.59,0.0,2.5,25.169999999999998
1,2024-01-08 13:53:00,2024-01-08 14:40:00,2,0.81,3,167,253,2,4.33,0.5,1.96,6.55,0.0,13.34
2,2024-01-06 22:36:00,2024-01-06 22:44:00,1,3.58,1,154,29,1,11.38,0.0,3.28,0.0,0.0,14.66
2,2024-01-04 19:38:00,2024-01-04 19:46:00,2,0.07,1,206,74,1,6.37,1.0,0.0,0.0,0.0,7.37
2,2024-01-08 08:22:00,2024-01-08 09:08:00,2,7.84,3,153,59,1,23.71,0.5,10.55,0.0,2.5,37.260000000000005
2,2024-01-13 00:50:00,2024-01-13 01:00:00,4,1.72,3,184,243,2,8.55,0.0,0.57,0.0,2.5,11.620000000000001
1,2024-01-10 15:05:00,2024-01-10 15:31:00,1,0.83,1,159,149,1,5.73,1.0,0.68,0.0,0.0,7.41
2,2024-01-07 15:29:00,2024-01-07 15:53:00,3,1.04,1,194,10,2,9.57,1.0,0.12,6.55,0.0,17.24
2,2024-01-13 09:03:00,2024-01-13 09:24:00,3,0.16,1,2,132,1,5.88,0.0,0.0,0.0,0.0,5.88
1,2024-01-04 08:57:00,2024-01-04 09:36:00,1,10.45,1,215,62,1,29.26,0.5,1.34,0.0,2.5,33.6
1,2024-01-01 05:40:00,2024-01-01 06:00:00,2,0.09,1,175,218,2,2.5,0.0,0.0,0.0,0.0,2.5
2,2024-01-08 18:21:00,2024-01-08 18:54:00,3,2.45,3,75,232,1,11.31,1.0,2.56,0.0,0.0,14.870000000000001
2,2024-01-12 15:26:00,2024-01-12 16:05:00,4,1.34,3,127,72,1,6.59,1.0,4.57,0.0,2.5,14.66
1,2024-01-06 21:31:00,2024-01-06 22:03:00,4,6.84,1,49,16,1,21.01,1.0,0.0,0.0,2.5,24.51
2,2024-01-01 02:18:00,2024-01-01 03:02:00,1,0.65,3,32,38,2,7.36,0.5,1.82,6.55,0.0,16.23
1,2024-01-01 05:58:00,2024-01-01 06:33:00,1,1.75,1,158,177,1,8.37,1.0,2.73,0.0,0.0,12.1
1,2024-01-07 17:54:00,2024-01-07 18:06:00,1,1.51,1,15,83,1,7.36,1.0,3.06,0.0,0.0,11.42
2,2024-01-14 18:40:00,2024-01-14 19:19:00,2,2.79,3,243,17,2,12.76,0.0,0.45,0.0,0.0,13.209999999999999
1,2024-01-02 03:07:00,2024-01-02 03:21:00,2,0.16,1,17,156,2,2.51,1.0,0.26,0.0,2.5,6.27
2,2024-01-12 02:36:00,2024-01-12 03:08:00,4,0.5,1,22,172,2,8.32,0.0,0.17,0.0,0.0,8.49
